<?xml version="1.0" encoding="utf-8" ?>

<Defs>

<!-- bard projectile -->
  
  <ThingDef ParentName="BaseBullet" Class="AbilityUser.ProjectileDef_Ability">
   <defName>TM_Projectile_Bard</defName>
   <thingClass>AbilityUser.Projectile_Ability</thingClass>
   <label>bard projectile</label>
   <graphicData>
		<texPath>Spells/invis</texPath>
		<graphicClass>Graphic_Single</graphicClass>
   </graphicData>
   <projectile>
		<flyOverhead>true</flyOverhead>
		<damageDef>TM_Heal_I</damageDef>
		<damageAmountBase>0</damageAmountBase>
		<speed>999</speed>
   </projectile>
 </ThingDef>
 
 
<!-- Bard Training -->
 <TorannMagic.TMAbilityDef ParentName="BaseMagicAbility">
    <defName>TM_BardTraining</defName>
    <label>Bard Training</label>
    <uiIconPath>UI/bardtraining</uiIconPath>
    <description>Hone the skills of a bard by undergoing training in performing arts, comedy, socializing, and inspiration. Each level will change the bard's trait to reflect their skill level.
	
Ranks:
Entertainer: Social impact +10%, Negotiation +20%, Trade +10%,
Pain threshold -10%, carrying capacity -10, work speed -10%

Performer: Social impact +20%, Negotiation +30%, Trade +15%,
Pain threshold -12%, carrying capacity -15, work speed -12%

Minstrel: Social impact +30%, Negotiation +35%, Trade +20%,
Pain threshold -14%, carrying capacity -18, work speed -14%

Bard: Social impact +35%, Negotiation +40%, Trade +25%,
Pain threshold -15%, carrying capacity -20, work speed -15%</description>
    <manaCost>0.0</manaCost>
	<shouldInitialize>false</shouldInitialize>
    <MainVerb Class="AbilityUser.VerbProperties_Ability">
        <verbClass>AbilityUser.Verb_UseAbility</verbClass>
			<tooltipShowProjectileDamage>false</tooltipShowProjectileDamage>
			<tooltipShowExtraDamages>false</tooltipShowExtraDamages>
			<tooltipShowHediffsToApply>false</tooltipShowHediffsToApply>
			<tooltipShowMentalStatesToApply>false</tooltipShowMentalStatesToApply>
        <hasStandardCommand>true</hasStandardCommand>
		<abilityDef>TM_BardTraining</abilityDef>
		<isViolent>false</isViolent>
        <defaultProjectile>TM_Projectile_Bard</defaultProjectile>
        <warmupTime>2.5</warmupTime>
        <SecondsToRecharge>8.0</SecondsToRecharge>
        <range>25</range>
        <soundCast>Message_PositiveEvent</soundCast>
        <muzzleFlashScale>30</muzzleFlashScale>
        <isPrimary>false</isPrimary>
   	    <AbilityTargetCategory>TargetThing</AbilityTargetCategory>
		<targetParams>
		  <canTargetPawns>true</canTargetPawns>
		  <canTargetBuildings>false</canTargetBuildings>
		  <canTargetSelf>true</canTargetSelf>
		  <canTargetLocations>false</canTargetLocations>
		</targetParams>
    </MainVerb>
  </TorannMagic.TMAbilityDef>
  
  <!-- Entertain -->
  <TorannMagic.TMAbilityDef ParentName="BaseMagicAbility">
    <defName>TM_Entertain</defName>
    <label>Entertain</label>
    <uiIconPath>UI/entertain</uiIconPath>
    <description>Entertain fellow colonists using a variety of methods. This skill has two components, a passive skill and an active skill. The passive skill allows the bard to entertain other colonists in passing conversation.

This command toggles the active skill on or off.
	
Activating the ability casts a net over the colony and allows the bard to detect troubled pawns and attempt to entertain them. The bard will gain experience points as a mage when active entertaining is successful. Keeping this ability active reduces max mana by 30. The bard performs entertainment as a type of job, and will perform entertainment based on the priority of the "Warden" work type.</description>
    <manaCost>0</manaCost>
	<abilityHediff>TM_EntertainingHD</abilityHediff>
	<upkeepEnergyCost>.3</upkeepEnergyCost>
	<learnChance>.3</learnChance>
    <MainVerb Class="AbilityUser.VerbProperties_Ability">
        <verbClass>TorannMagic.Verb_Entertain</verbClass>
			<tooltipShowProjectileDamage>false</tooltipShowProjectileDamage>
			<tooltipShowExtraDamages>false</tooltipShowExtraDamages>
			<tooltipShowHediffsToApply>false</tooltipShowHediffsToApply>
			<tooltipShowMentalStatesToApply>false</tooltipShowMentalStatesToApply>
        <hasStandardCommand>true</hasStandardCommand>
		<abilityDef>TM_Entertain</abilityDef>
		<isViolent>false</isViolent>
        <defaultProjectile>TM_Projectile_Bard</defaultProjectile>
        <warmupTime>2</warmupTime>
        <SecondsToRecharge>10</SecondsToRecharge>
        <range>0</range>
        <soundCast>Message_PositiveEvent</soundCast>
        <muzzleFlashScale>30</muzzleFlashScale>
        <isPrimary>false</isPrimary>
   	    <AbilityTargetCategory>TargetSelf</AbilityTargetCategory>
		<targetParams>
		  <canTargetPawns>true</canTargetPawns>
		  <canTargetBuildings>false</canTargetBuildings>
		  <canTargetSelf>true</canTargetSelf>
		  <canTargetLocations>false</canTargetLocations>
		</targetParams>
    </MainVerb>
  </TorannMagic.TMAbilityDef>
  
   <!-- Inspire -->
  
  <TorannMagic.TMAbilityDef ParentName="BaseMagicAbility">
        <defName>TM_Inspire</defName>
        <label>Inspire</label>
        <uiIconPath>UI/inspire</uiIconPath>
        <description>The bard inspires other nearby pawns. This ability is always active.</description>
        <manaCost>0.0</manaCost>
		<learnChance>.5</learnChance>
		<MainVerb Class="AbilityUser.VerbProperties_Ability">
            <verbClass>TorannMagic.Verb_SB</verbClass>
				<tooltipShowProjectileDamage>false</tooltipShowProjectileDamage>
				<tooltipShowExtraDamages>false</tooltipShowExtraDamages>
				<tooltipShowHediffsToApply>false</tooltipShowHediffsToApply>
				<tooltipShowMentalStatesToApply>false</tooltipShowMentalStatesToApply>
            <hasStandardCommand>true</hasStandardCommand>
            <defaultProjectile>TM_Projectile_Bard</defaultProjectile>
            <abilityDef>TM_Inspire</abilityDef>
            <warmupTime>4</warmupTime>
            <SecondsToRecharge>60</SecondsToRecharge>
            <range>0</range>
            <burstShotCount>1</burstShotCount>
            <soundCast>Message_PositiveEvent</soundCast>
			<soundCastTail>GunTail_Medium</soundCastTail>
            <muzzleFlashScale>4</muzzleFlashScale>
            <isPrimary>false</isPrimary>
			<isViolent>false</isViolent>
			<targetParams>
                <canTargetPawns>true</canTargetPawns>
                <canTargetBuildings>false</canTargetBuildings>
                <canTargetSelf>true</canTargetSelf>
                <canTargetLocations>true</canTargetLocations>
            </targetParams>
        </MainVerb>
    </TorannMagic.TMAbilityDef>

   <!-- Lullaby -->
   
	<TorannMagic.TMAbilityDef ParentName="BaseMagicAbility">
        <defName>TM_Lullaby</defName>
        <label>Lullaby</label>
        <uiIconPath>UI/lullaby</uiIconPath>
        <description>Projects an emotionally soothing wave that washes away concerns and consciousness that can put any creatures in the target area to sleep. Does not work on mechanoids.</description>
		<manaCost>0.40</manaCost>
		<learnChance>.5</learnChance>
		<efficiencyReductionPercent>.08</efficiencyReductionPercent>
		<canCopy>true</canCopy>
        <MainVerb Class="AbilityUser.VerbProperties_Ability">
            <verbClass>TorannMagic.Verb_Lullaby</verbClass>
				<tooltipShowProjectileDamage>false</tooltipShowProjectileDamage>
				<tooltipShowExtraDamages>false</tooltipShowExtraDamages>
				<tooltipShowHediffsToApply>true</tooltipShowHediffsToApply>
				<tooltipShowMentalStatesToApply>false</tooltipShowMentalStatesToApply>
            <hasStandardCommand>true</hasStandardCommand>
            <defaultProjectile>TM_Projectile_Bard</defaultProjectile>
            <abilityDef>TM_Lullaby</abilityDef>
            <warmupTime>3</warmupTime>
            <SecondsToRecharge>60.0</SecondsToRecharge>
            <range>36</range>
            <burstShotCount>1</burstShotCount>
            <soundCast>TM_Vibration</soundCast>
			<soundCastTail>GunTail_Medium</soundCastTail>
            <muzzleFlashScale>20</muzzleFlashScale>
            <isPrimary>false</isPrimary>
			<isViolent>false</isViolent>
			<AbilityTargetCategory>TargetAoE</AbilityTargetCategory>
            <TargetAoEProperties>
                <targetClass>Pawn</targetClass>
                <showRangeOnSelect>true</showRangeOnSelect>
                <friendlyFire>true</friendlyFire>
                <startsFromCaster>false</startsFromCaster>
                <maxTargets>4</maxTargets>
                <range>3</range>
            </TargetAoEProperties>
			<targetParams>
                <canTargetPawns>true</canTargetPawns>
                <canTargetBuildings>false</canTargetBuildings>
                <canTargetSelf>true</canTargetSelf>
                <canTargetLocations>true</canTargetLocations>
            </targetParams>
        </MainVerb>
    </TorannMagic.TMAbilityDef>
	
	<TorannMagic.TMAbilityDef ParentName="BaseMagicAbility">
        <defName>TM_Lullaby_I</defName>
        <label>Lullaby (I)</label>
        <uiIconPath>UI/lullaby</uiIconPath>
        <description>Projects an emotionally soothing wave that washes away concerns and consciousness that can put any creatures in the target area to sleep.</description>
		<manaCost>0.40</manaCost>
		<efficiencyReductionPercent>.08</efficiencyReductionPercent>
		<shouldInitialize>false</shouldInitialize>
        <MainVerb Class="AbilityUser.VerbProperties_Ability">
            <verbClass>TorannMagic.Verb_Lullaby</verbClass>
				<tooltipShowProjectileDamage>false</tooltipShowProjectileDamage>
				<tooltipShowExtraDamages>false</tooltipShowExtraDamages>
				<tooltipShowHediffsToApply>true</tooltipShowHediffsToApply>
				<tooltipShowMentalStatesToApply>false</tooltipShowMentalStatesToApply>
            <hasStandardCommand>true</hasStandardCommand>
            <defaultProjectile>TM_Projectile_Bard</defaultProjectile>
            <abilityDef>TM_Lullaby_I</abilityDef>
            <warmupTime>2.8</warmupTime>
            <SecondsToRecharge>60.0</SecondsToRecharge>
            <range>38</range>
            <burstShotCount>1</burstShotCount>
            <soundCast>TM_Vibration</soundCast>
			<soundCastTail>GunTail_Medium</soundCastTail>
            <muzzleFlashScale>20</muzzleFlashScale>
            <isPrimary>false</isPrimary>
			<isViolent>false</isViolent>
			<AbilityTargetCategory>TargetAoE</AbilityTargetCategory>
            <TargetAoEProperties>
                <targetClass>Pawn</targetClass>
                <showRangeOnSelect>true</showRangeOnSelect>
                <friendlyFire>true</friendlyFire>
                <startsFromCaster>false</startsFromCaster>
                <maxTargets>5</maxTargets>
                <range>3</range>
            </TargetAoEProperties>
			<targetParams>
                <canTargetPawns>true</canTargetPawns>
                <canTargetBuildings>false</canTargetBuildings>
                <canTargetSelf>true</canTargetSelf>
                <canTargetLocations>true</canTargetLocations>
            </targetParams>
        </MainVerb>
    </TorannMagic.TMAbilityDef>
	
	<TorannMagic.TMAbilityDef ParentName="BaseMagicAbility">
        <defName>TM_Lullaby_II</defName>
        <label>Lullaby (II)</label>
        <uiIconPath>UI/lullaby</uiIconPath>
        <description>Projects an emotionally soothing wave that washes away concerns and consciousness that can put any creatures in the target area to sleep.</description>
		<manaCost>0.40</manaCost>
		<efficiencyReductionPercent>.08</efficiencyReductionPercent>
		<shouldInitialize>false</shouldInitialize>
        <MainVerb Class="AbilityUser.VerbProperties_Ability">
            <verbClass>TorannMagic.Verb_Lullaby</verbClass>
				<tooltipShowProjectileDamage>false</tooltipShowProjectileDamage>
				<tooltipShowExtraDamages>false</tooltipShowExtraDamages>
				<tooltipShowHediffsToApply>true</tooltipShowHediffsToApply>
				<tooltipShowMentalStatesToApply>false</tooltipShowMentalStatesToApply>
            <hasStandardCommand>true</hasStandardCommand>
            <defaultProjectile>TM_Projectile_Bard</defaultProjectile>
            <abilityDef>TM_Lullaby_II</abilityDef>
            <warmupTime>2.6</warmupTime>
            <SecondsToRecharge>60.0</SecondsToRecharge>
            <range>40</range>
            <burstShotCount>1</burstShotCount>
            <soundCast>TM_Vibration</soundCast>
			<soundCastTail>GunTail_Medium</soundCastTail>
            <muzzleFlashScale>20</muzzleFlashScale>
            <isPrimary>false</isPrimary>
			<isViolent>false</isViolent>
			<AbilityTargetCategory>TargetAoE</AbilityTargetCategory>
            <TargetAoEProperties>
                <targetClass>Pawn</targetClass>
                <showRangeOnSelect>true</showRangeOnSelect>
                <friendlyFire>true</friendlyFire>
                <startsFromCaster>false</startsFromCaster>
                <maxTargets>6</maxTargets>
                <range>4</range>
            </TargetAoEProperties>
			<targetParams>
                <canTargetPawns>true</canTargetPawns>
                <canTargetBuildings>false</canTargetBuildings>
                <canTargetSelf>true</canTargetSelf>
                <canTargetLocations>true</canTargetLocations>
            </targetParams>
        </MainVerb>
    </TorannMagic.TMAbilityDef>
	
	<TorannMagic.TMAbilityDef ParentName="BaseMagicAbility">
        <defName>TM_Lullaby_III</defName>
        <label>Lullaby</label>
        <uiIconPath>UI/lullaby</uiIconPath>
        <description>Projects an emotionally soothing wave that washes away concerns and consciousness that can put any creatures in the target area to sleep.</description>
		<manaCost>0.40</manaCost>
		<efficiencyReductionPercent>.08</efficiencyReductionPercent>
		<shouldInitialize>false</shouldInitialize>
        <MainVerb Class="AbilityUser.VerbProperties_Ability">
            <verbClass>TorannMagic.Verb_Lullaby</verbClass>
				<tooltipShowProjectileDamage>false</tooltipShowProjectileDamage>
				<tooltipShowExtraDamages>false</tooltipShowExtraDamages>
				<tooltipShowHediffsToApply>true</tooltipShowHediffsToApply>
				<tooltipShowMentalStatesToApply>false</tooltipShowMentalStatesToApply>
            <hasStandardCommand>true</hasStandardCommand>
            <defaultProjectile>TM_Projectile_Bard</defaultProjectile>
            <abilityDef>TM_Lullaby_III</abilityDef>
            <warmupTime>2.4</warmupTime>
            <SecondsToRecharge>60.0</SecondsToRecharge>
            <range>42</range>
            <burstShotCount>1</burstShotCount>
            <soundCast>TM_Vibration</soundCast>
			<soundCastTail>GunTail_Medium</soundCastTail>
            <muzzleFlashScale>20</muzzleFlashScale>
            <isPrimary>false</isPrimary>
			<isViolent>false</isViolent>
			<AbilityTargetCategory>TargetAoE</AbilityTargetCategory>
            <TargetAoEProperties>
                <targetClass>Pawn</targetClass>
                <showRangeOnSelect>true</showRangeOnSelect>
                <friendlyFire>true</friendlyFire>
                <startsFromCaster>false</startsFromCaster>
                <maxTargets>7</maxTargets>
                <range>4</range>
            </TargetAoEProperties>
			<targetParams>
                <canTargetPawns>true</canTargetPawns>
                <canTargetBuildings>false</canTargetBuildings>
                <canTargetSelf>true</canTargetSelf>
                <canTargetLocations>true</canTargetLocations>
            </targetParams>
        </MainVerb>
    </TorannMagic.TMAbilityDef>
  
     <!-- Battle Hymn -->
	 
 <TorannMagic.TMAbilityDef ParentName="BaseMagicAbility">
    <defName>TM_BattleHymn</defName>
    <label>Battle Hymn</label>
    <uiIconPath>UI/anthem</uiIconPath>
    <description>Play a rousing battle hymn to motivate and empower nearby allies. Each verse of the hymn adds to the effect and will further bolster the combat power of allies. Every verse consumes 9% additional mana (reduced through training). 
	
Battle Hymn has a small chance to cause inspirations that will further boost combat abilities. 
	
Use the skill to activate or deactivate the ability.</description>
    <manaCost>0.20</manaCost>
	<efficiencyReductionPercent>.06</efficiencyReductionPercent>
	<learnItem>SpellOf_BattleHymn</learnItem>
	<learnChance>.15</learnChance>
    <MainVerb Class="AbilityUser.VerbProperties_Ability">
        <verbClass>TorannMagic.Verb_BattleHymn</verbClass>
			<tooltipShowProjectileDamage>false</tooltipShowProjectileDamage>
			<tooltipShowExtraDamages>false</tooltipShowExtraDamages>
			<tooltipShowHediffsToApply>false</tooltipShowHediffsToApply>
			<tooltipShowMentalStatesToApply>false</tooltipShowMentalStatesToApply>
        <hasStandardCommand>true</hasStandardCommand>
		<abilityDef>TM_BattleHymn</abilityDef>
		<isViolent>false</isViolent>
        <defaultProjectile>TM_Projectile_Bard</defaultProjectile>
        <warmupTime>1</warmupTime>
        <SecondsToRecharge>10</SecondsToRecharge>
        <range>0</range>
        <muzzleFlashScale>30</muzzleFlashScale>
        <isPrimary>true</isPrimary>
		<AlwaysHits>true</AlwaysHits>
		<requireLineOfSight>false</requireLineOfSight>
   	    <AbilityTargetCategory>TargetSelf</AbilityTargetCategory>
		<targetParams>
		  <canTargetPawns>true</canTargetPawns>
		  <canTargetBuildings>false</canTargetBuildings>
		  <canTargetSelf>true</canTargetSelf>
		  <canTargetLocations>false</canTargetLocations>
		</targetParams>
    </MainVerb>
  </TorannMagic.TMAbilityDef>
	 
</Defs>