<?xml version="1.0" encoding="utf-8" ?>

<Defs>

  <!-- ========================Vanilla Abstracts ======================= -->
<!--   <ThingDef Name="BaseBullet" Abstract="True">
    <category>Projectile</category>
    <tickerType>Normal</tickerType>
    <altitudeLayer>Projectile</altitudeLayer>
    <thingClass>Bullet</thingClass>
    <label>bullet</label>
    <useHitPoints>False</useHitPoints>
    <neverMultiSelect>True</neverMultiSelect>
    <graphicData>
      <shaderType>Transparent</shaderType>
    </graphicData>
  </ThingDef> -->


  <!-- ========================BaseDef================================== -->

<!--   <AbilityUser.AbilityDef Name="BaseAbility" Abstract="True">
    <uiIconPath>UI/Glow_Corrupt</uiIconPath>
  </AbilityUser.AbilityDef> -->
  
    <!-- leap as a flying object -->
	
	  <ThingDef Name="TM_FlyingObjectBase" Abstract="True">
		<tickerType>Normal</tickerType>
		<altitudeLayer>Projectile</altitudeLayer>
		<thingClass>ThingWithComps</thingClass>
		<label>bullet</label>
		<useHitPoints>False</useHitPoints>
		<neverMultiSelect>True</neverMultiSelect>
		<graphicData>
		  <shaderType>Transparent</shaderType>
		</graphicData>
	  </ThingDef>
  
  	<ThingDef ParentName="TM_FlyingObjectBase" Name="FlyingObject_Spinning">
	   <defName>FlyingObject_Spinning</defName>
	   <thingClass>TorannMagic.FlyingObject_Spinning</thingClass>
	   <label>flying object that spins</label>
	   <graphicData>
			<texPath>Spells/invis</texPath>
			<graphicClass>Graphic_Single</graphicClass>
		</graphicData>
	   <projectile>
			<flyOverhead>true</flyOverhead>
			<damageDef>Stun</damageDef>
			<damageAmountBase>6</damageAmountBase>
			<speed>250</speed>
	   </projectile>
	</ThingDef>
	
	<ThingDef ParentName="TM_FlyingObjectBase" Name="FlyingObject_SpinningBone">
	   <defName>FlyingObject_SpinningBone</defName>
	   <thingClass>TorannMagic.FlyingObject_Spinning</thingClass>
	   <label>flying object that spins</label>
	   <graphicData>
			<texPath>Other/skeleton_bone</texPath>
			<graphicClass>Graphic_Single</graphicClass>
		</graphicData>
	   <projectile>
			<flyOverhead>true</flyOverhead>
			<damageDef>Stun</damageDef>
			<damageAmountBase>6</damageAmountBase>
			<speed>250</speed>
	   </projectile>
	</ThingDef>
	
	<ThingDef ParentName="TM_FlyingObjectBase" Name="FlyingObject_Advanced">
	   <defName>FlyingObject_Advanced</defName>
	   <thingClass>TorannMagic.FlyingObject_Advanced</thingClass>
	   <label>flying object that does lots of stuff</label>
	   <graphicData>
			<texPath>Spells/shadowbolt</texPath>
			<graphicClass>Graphic_Single</graphicClass>
		</graphicData>
	   <projectile>
			<flyOverhead>true</flyOverhead>
			<damageDef>Stun</damageDef>
			<damageAmountBase>0</damageAmountBase>
			<speed>30</speed>
	   </projectile>
	</ThingDef>
	
  <ThingDef ParentName="BaseBullet" Class="AbilityUser.ProjectileDef_Ability">
   <defName>Projectile_Default</defName>
   <thingClass>AbilityUser.Projectile_Ability</thingClass>
   <label>default</label>
   <graphicData>
		<texPath>Spells/invis</texPath>
		<graphicClass>Graphic_Single</graphicClass>
   </graphicData>
   <projectile>
		<flyOverhead>true</flyOverhead>
		<damageDef>TM_Heal_I</damageDef>
		<damageAmountBase>0</damageAmountBase>
		<speed>999</speed>
   </projectile>
 </ThingDef>
 
 <TorannMagic.TMAbilityDef ParentName="BaseMagicAbility">
        <defName>TM_CompVerb</defName>
        <label>secondary targeter</label>
        <uiIconPath>Spells/invis</uiIconPath>
        <description>verb used in secondary targeting</description>
		<MainVerb Class="AbilityUser.VerbProperties_Ability">
            <verbClass>AbilityUser.Verb_UseAbility</verbClass>
				<tooltipShowProjectileDamage>false</tooltipShowProjectileDamage>
				<tooltipShowExtraDamages>false</tooltipShowExtraDamages>
				<tooltipShowHediffsToApply>false</tooltipShowHediffsToApply>
				<tooltipShowMentalStatesToApply>false</tooltipShowMentalStatesToApply>
            <hasStandardCommand>true</hasStandardCommand>
            <defaultProjectile>Projectile_Default</defaultProjectile>
            <abilityDef>TM_CompVerb</abilityDef>
			<isViolent>false</isViolent>
            <warmupTime>0</warmupTime>
            <SecondsToRecharge>0</SecondsToRecharge>
            <range>100</range>
			<ticksBetweenBurstShots>1</ticksBetweenBurstShots>
            <burstShotCount>1</burstShotCount>
            <soundCast>TM_VibrationLow</soundCast>
			<soundCastTail>GunTail_Medium</soundCastTail>
            <muzzleFlashScale>2</muzzleFlashScale>
		    <AlwaysHits>true</AlwaysHits>
            <isPrimary>true</isPrimary>
			<targetParams>
                <canTargetPawns>true</canTargetPawns>
                <canTargetBuildings>false</canTargetBuildings>
                <canTargetSelf>false</canTargetSelf>
                <canTargetLocations>true</canTargetLocations>
            </targetParams>
        </MainVerb>
    </TorannMagic.TMAbilityDef>


  <AbilityUser.AbilityDef Name="BaseMagicAbility" Abstract="True">
    <abilityClass>TorannMagic.MagicAbility</abilityClass>
    <uiIconPath>Spells/invis</uiIconPath>
  </AbilityUser.AbilityDef>
  
  <AbilityUser.AbilityDef Name="BaseMightAbility" Abstract="True"> 
    <abilityClass>TorannMagic.MightAbility</abilityClass>
    <uiIconPath>Spells/invis</uiIconPath>
  </AbilityUser.AbilityDef>
  
  <AbilityUser.AbilityDef Name="BaseArtifactAbility" Abstract="True">
    <uiIconPath>Spells/invis</uiIconPath>
  </AbilityUser.AbilityDef>

</Defs>
