<?xml version="1.0" encoding="utf-8" ?>

<Defs>

	    <!-- Shadow start -->	
    <ThingDef ParentName="BaseBullet" Class="AbilityUser.ProjectileDef_Ability">
		<thingClass>AbilityUser.Projectile_AbilityBase</thingClass>
	    <defName>Buff_Shadow</defName>
        <label>Shadow</label>
        <graphicData>
			<texPath>Spells/invis</texPath>
			<graphicClass>Graphic_Single</graphicClass>
			<shaderType>TransparentPostLight</shaderType>
        </graphicData>
        <projectile>
            <flyOverhead>true</flyOverhead>
            <damageDef>Shadow</damageDef>
            <damageAmountBase>0</damageAmountBase>
            <speed>1000</speed>
			<explosionRadius>4</explosionRadius>
			<postExplosionSpawnChance>1</postExplosionSpawnChance>
        </projectile>
    </ThingDef>

    <TorannMagic.TMAbilityDef ParentName="BaseMagicAbility">
        <defName>TM_Shadow</defName>
        <label>Shadow</label>
        <uiIconPath>UI/shadow</uiIconPath>
        <description>Creates a shadow aura around the caster that periodically buffs an ally.
		
Shadow: Arcane augmentation that assists the worker improving their physical capacity but causes a mood decrease.

Application Frequency: 	80-90s
Duration:	500-600s
Manipulation, Sight, Hearing, Blood filtration: +10%
Moving, Consciousness:	+5%
Mood decrease: -3

Requires 40 mana to maintain and reduces mana regeneration by 30%; cast again to deactivate. The caster gains xp each time an ally is buffed.</description>
		<manaCost>0.0</manaCost>
		<upkeepEnergyCost>.4</upkeepEnergyCost>
		<upkeepRegenCost>.3</upkeepRegenCost>
		<upkeepEfficiencyPercent>.08</upkeepEfficiencyPercent>
		<learnChance>.3</learnChance>
		<abilityHediff>TM_Shadow_AuraHD</abilityHediff>
        <MainVerb Class="AbilityUser.VerbProperties_Ability">
            <verbClass>TorannMagic.Verb_ApplyAura</verbClass>
				<tooltipShowProjectileDamage>false</tooltipShowProjectileDamage>
				<tooltipShowExtraDamages>false</tooltipShowExtraDamages>
				<tooltipShowHediffsToApply>true</tooltipShowHediffsToApply>
				<tooltipShowMentalStatesToApply>false</tooltipShowMentalStatesToApply>
            <hasStandardCommand>true</hasStandardCommand>
			<requiresLineOfSight>false</requiresLineOfSight>
            <defaultProjectile>Buff_Shadow</defaultProjectile>
            <abilityDef>TM_Shadow</abilityDef>
            <warmupTime>6</warmupTime>
            <SecondsToRecharge>10.0</SecondsToRecharge>
            <range>0</range>
            <burstShotCount>1</burstShotCount>
            <soundCast>Message_PositiveEvent</soundCast>
			<soundCastTail>GunTail_Medium</soundCastTail>
            <muzzleFlashScale>20</muzzleFlashScale>
		    <AlwaysHits>true</AlwaysHits>
            <isPrimary>false</isPrimary>
			<isViolent>false</isViolent>
			<AbilityTargetCategory>TargetSelf</AbilityTargetCategory>
			<targetParams>
			  <canTargetPawns>true</canTargetPawns>
			  <canTargetBuildings>false</canTargetBuildings>
			  <canTargetSelf>true</canTargetSelf>
			  <canTargetLocations>false</canTargetLocations>
			</targetParams>
        </MainVerb>
    </TorannMagic.TMAbilityDef>
	
	 <TorannMagic.TMAbilityDef ParentName="BaseMagicAbility">
        <defName>TM_Shadow_I</defName>
        <label>Shadow</label>
        <uiIconPath>UI/shadow</uiIconPath>
        <description>Creates a shadow aura around the caster that periodically buffs an ally.
		
Shadow: Arcane augmentation that assists the worker improving their physical capacity but causes a mood decrease.

Application Frequency: 	80-90s
Duration:	500-600s
Manipulation, Sight, Hearing, Talking: +20%
Moving, Consciousness, Metabolism, Blood filtration: +10%
Mood decrease:	-4

Requires 40 mana to maintain and reduces mana regeneration by 30%; cast again to deactivate. The caster gains xp each time an ally is buffed.</description>
		<manaCost>0</manaCost>
		<upkeepEnergyCost>.4</upkeepEnergyCost>
		<upkeepRegenCost>.3</upkeepRegenCost>
		<upkeepEfficiencyPercent>.08</upkeepEfficiencyPercent>
		<abilityHediff>TM_Shadow_AuraHD</abilityHediff>
		<shouldInitialize>false</shouldInitialize>
        <MainVerb Class="AbilityUser.VerbProperties_Ability">
            <verbClass>TorannMagic.Verb_ApplyAura</verbClass>
				<tooltipShowProjectileDamage>false</tooltipShowProjectileDamage>
				<tooltipShowExtraDamages>false</tooltipShowExtraDamages>
				<tooltipShowHediffsToApply>true</tooltipShowHediffsToApply>
				<tooltipShowMentalStatesToApply>false</tooltipShowMentalStatesToApply>
            <hasStandardCommand>true</hasStandardCommand>
			<requiresLineOfSight>false</requiresLineOfSight>
            <defaultProjectile>Buff_Shadow</defaultProjectile>
            <abilityDef>TM_Shadow_I</abilityDef>
            <warmupTime>5</warmupTime>
            <SecondsToRecharge>10.0</SecondsToRecharge>
            <range>0</range>
            <burstShotCount>1</burstShotCount>
            <soundCast>Message_PositiveEvent</soundCast>
			<soundCastTail>GunTail_Medium</soundCastTail>
            <muzzleFlashScale>20</muzzleFlashScale>
		    <AlwaysHits>true</AlwaysHits>
            <isPrimary>false</isPrimary>
			<isViolent>false</isViolent>
			<AbilityTargetCategory>TargetSelf</AbilityTargetCategory>
			<targetParams>
			  <canTargetPawns>true</canTargetPawns>
			  <canTargetBuildings>false</canTargetBuildings>
			  <canTargetSelf>true</canTargetSelf>
			  <canTargetLocations>false</canTargetLocations>
			</targetParams>
        </MainVerb>
    </TorannMagic.TMAbilityDef>
	
	 <TorannMagic.TMAbilityDef ParentName="BaseMagicAbility">
        <defName>TM_Shadow_II</defName>
        <label>Shadow</label>
        <uiIconPath>UI/shadow</uiIconPath>
        <description>Creates a shadow aura around the caster that periodically buffs an ally.
		
Shadow: Arcane augmentation that assists the worker improving their physical capacity but causes a mood decrease.
	
Application Frequency: 	80-90s	
Duration:	1100-1250s
Manipulation, Sight, Hearing, Talking: +25%
Moving, Metabolism, Blood filtration: +15%
Consciousness: 	+10%
Mood decrease:	-6

Requires 40 mana to maintain and reduces mana regeneration by 30%; cast again to deactivate. The caster gains xp each time an ally is buffed.</description>
		<manaCost>0</manaCost>
		<upkeepEnergyCost>.4</upkeepEnergyCost>
		<upkeepRegenCost>.3</upkeepRegenCost>
		<upkeepEfficiencyPercent>.08</upkeepEfficiencyPercent>
		<abilityHediff>TM_Shadow_AuraHD</abilityHediff>
		<shouldInitialize>false</shouldInitialize>
        <MainVerb Class="AbilityUser.VerbProperties_Ability">
            <verbClass>TorannMagic.Verb_ApplyAura</verbClass>
				<tooltipShowProjectileDamage>false</tooltipShowProjectileDamage>
				<tooltipShowExtraDamages>false</tooltipShowExtraDamages>
				<tooltipShowHediffsToApply>true</tooltipShowHediffsToApply>
				<tooltipShowMentalStatesToApply>false</tooltipShowMentalStatesToApply>
            <hasStandardCommand>true</hasStandardCommand>
			<requiresLineOfSight>false</requiresLineOfSight>
            <defaultProjectile>Buff_Shadow</defaultProjectile>
            <abilityDef>TM_Shadow_II</abilityDef>
            <warmupTime>4</warmupTime>
            <SecondsToRecharge>10.0</SecondsToRecharge>
            <range>0</range>
            <burstShotCount>1</burstShotCount>
            <soundCast>Message_PositiveEvent</soundCast>
			<soundCastTail>GunTail_Medium</soundCastTail>
            <muzzleFlashScale>20</muzzleFlashScale>
		    <AlwaysHits>true</AlwaysHits>
            <isPrimary>false</isPrimary>
			<isViolent>false</isViolent>
			<AbilityTargetCategory>TargetSelf</AbilityTargetCategory>
			<targetParams>
			  <canTargetPawns>true</canTargetPawns>
			  <canTargetBuildings>false</canTargetBuildings>
			  <canTargetSelf>true</canTargetSelf>
			  <canTargetLocations>false</canTargetLocations>
			</targetParams>
        </MainVerb>
    </TorannMagic.TMAbilityDef>
	
	 <TorannMagic.TMAbilityDef ParentName="BaseMagicAbility">
        <defName>TM_Shadow_III</defName>
        <label>Shadow</label>
        <uiIconPath>UI/shadow</uiIconPath>
        <description>Creates a shadow aura around the caster that periodically buffs an ally.
		
Shadow: Arcane augmentation that assists the worker improving their physical capacity but causes a mood decrease.
	
Application Frequency: 	80-90s	
Duration:	1100-1250s
Manipulation, Sight, Hearing, Talking: +25%
Moving, Metabolism, Blood filtration: +20%
Consciousness: 	+15%
Mood decrease:	-8

Requires 40 mana to maintain and reduces mana regeneration by 30%; cast again to deactivate. The caster gains xp each time an ally is buffed.</description>
		<manaCost>0</manaCost>
		<upkeepEnergyCost>.4</upkeepEnergyCost>
		<upkeepRegenCost>.3</upkeepRegenCost>
		<upkeepEfficiencyPercent>.08</upkeepEfficiencyPercent>
		<abilityHediff>TM_Shadow_AuraHD</abilityHediff>
		<shouldInitialize>false</shouldInitialize>
        <MainVerb Class="AbilityUser.VerbProperties_Ability">
            <verbClass>TorannMagic.Verb_ApplyAura</verbClass>
				<tooltipShowProjectileDamage>false</tooltipShowProjectileDamage>
				<tooltipShowExtraDamages>false</tooltipShowExtraDamages>
				<tooltipShowHediffsToApply>true</tooltipShowHediffsToApply>
				<tooltipShowMentalStatesToApply>false</tooltipShowMentalStatesToApply>
            <hasStandardCommand>true</hasStandardCommand>
			<requiresLineOfSight>false</requiresLineOfSight>
            <defaultProjectile>Buff_Shadow</defaultProjectile>
            <abilityDef>TM_Shadow_III</abilityDef>
            <warmupTime>3</warmupTime>
            <SecondsToRecharge>10.0</SecondsToRecharge>
            <range>0</range>
            <burstShotCount>1</burstShotCount>
            <soundCast>Message_PositiveEvent</soundCast>
			<soundCastTail>GunTail_Medium</soundCastTail>
            <muzzleFlashScale>20</muzzleFlashScale>
		    <AlwaysHits>true</AlwaysHits>
            <isPrimary>false</isPrimary>
			<isViolent>false</isViolent>
			<AbilityTargetCategory>TargetSelf</AbilityTargetCategory>
			<targetParams>
			  <canTargetPawns>true</canTargetPawns>
			  <canTargetBuildings>false</canTargetBuildings>
			  <canTargetSelf>true</canTargetSelf>
			  <canTargetLocations>false</canTargetLocations>
			</targetParams>
        </MainVerb>
    </TorannMagic.TMAbilityDef>

    <!-- Shadow End -->
	
	<!-- Magic Missile -->
	
	 <ThingDef ParentName="BaseBullet" Class="AbilityUser.ProjectileDef_Ability">
        <thingClass>AbilityUser.Projectile_AbilityBase</thingClass>
        <defName>Projectile_MagicMissile</defName>
        <label>Magic Missile</label>
        <graphicData>
            <texPath>Spells/MagicMissile</texPath>
            <graphicClass>Graphic_Single</graphicClass>
        </graphicData>
        <projectile>
            <flyOverhead>false</flyOverhead>
            <damageDef>TM_MagicMissile</damageDef>
            <damageAmountBase>4</damageAmountBase>
            <speed>55</speed>
        </projectile>
    </ThingDef>

    <TorannMagic.TMAbilityDef ParentName="BaseMagicAbility">
        <defName>TM_MagicMissile</defName>
        <label>Magic Missile</label>
        <uiIconPath>Spells/MagicMissile</uiIconPath>
        <description>Fire a wave of magic missiles at enemies.
		
Chance to confuse: 3%
Casting time: 2.5s
Range: 24
Projectiles: 14 over 2.8s
Damage: 4</description>
        <manaCost>0.20</manaCost>
		<efficiencyReductionPercent>.08</efficiencyReductionPercent>
		<canCopy>true</canCopy>
		<learnChance>.5</learnChance>
		<MainVerb Class="AbilityUser.VerbProperties_Ability">
            <verbClass>AbilityUser.Verb_UseAbility_TrueBurst</verbClass>
				<tooltipShowProjectileDamage>true</tooltipShowProjectileDamage>
				<tooltipShowExtraDamages>false</tooltipShowExtraDamages>
				<tooltipShowHediffsToApply>false</tooltipShowHediffsToApply>
				<tooltipShowMentalStatesToApply>false</tooltipShowMentalStatesToApply>
            <hasStandardCommand>true</hasStandardCommand>
            <defaultProjectile>Projectile_MagicMissile</defaultProjectile>
            <abilityDef>TM_MagicMissile</abilityDef>
            <warmupTime>2.5</warmupTime>
            <SecondsToRecharge>45.0</SecondsToRecharge>
            <range>24</range>
            <forcedMissRadius>4.5</forcedMissRadius>
            <burstShotCount>14</burstShotCount>
            <ticksBetweenBurstShots>12</ticksBetweenBurstShots>
            <isPrimary>false</isPrimary>
			<soundCast>InfernoCannon_Fire</soundCast>
            <soundCastTail>GunTail_Medium</soundCastTail>
            <muzzleFlashScale>4</muzzleFlashScale>
            <AlwaysHits>false</AlwaysHits>
			<extraDamages>
			  <li>
				<damage>4</damage>
				<damageDef>TM_MagicMissile</damageDef>
				<chance>1</chance>
			  </li>
			</extraDamages>	
        </MainVerb>
    </TorannMagic.TMAbilityDef>
	
	<TorannMagic.TMAbilityDef ParentName="BaseMagicAbility">
        <defName>TM_MagicMissile_I</defName>
        <label>Magic Missile</label>
        <uiIconPath>Spells/MagicMissile</uiIconPath>
        <description>Fire a wave of magic missiles at enemies.
		
Chance to confuse: 5%
Casting time: 2s
Range: 28
Projectiles: 17 over 2.83s
Damage: 5</description>
        <manaCost>0.24</manaCost>
		<efficiencyReductionPercent>.08</efficiencyReductionPercent>
		<shouldInitialize>false</shouldInitialize>
		<MainVerb Class="AbilityUser.VerbProperties_Ability">
            <verbClass>AbilityUser.Verb_UseAbility_TrueBurst</verbClass>
				<tooltipShowProjectileDamage>true</tooltipShowProjectileDamage>
				<tooltipShowExtraDamages>false</tooltipShowExtraDamages>
				<tooltipShowHediffsToApply>false</tooltipShowHediffsToApply>
				<tooltipShowMentalStatesToApply>false</tooltipShowMentalStatesToApply>
            <hasStandardCommand>true</hasStandardCommand>
            <defaultProjectile>Projectile_MagicMissile</defaultProjectile>
            <abilityDef>TM_MagicMissile_I</abilityDef>
            <warmupTime>2.0</warmupTime>
            <SecondsToRecharge>40.0</SecondsToRecharge>
            <range>28</range>
            <forcedMissRadius>4.0</forcedMissRadius>
            <burstShotCount>17</burstShotCount>
            <ticksBetweenBurstShots>10</ticksBetweenBurstShots>
            <isPrimary>false</isPrimary>
            <soundCast>InfernoCannon_Fire</soundCast>
            <soundCastTail>GunTail_Medium</soundCastTail>
            <muzzleFlashScale>6</muzzleFlashScale>
            <AlwaysHits>false</AlwaysHits>
			<extraDamages>
			  <li>
				<damage>5</damage>
				<damageDef>TM_MagicMissile</damageDef>
				<chance>1</chance>
			  </li>
			</extraDamages>	
        </MainVerb>
    </TorannMagic.TMAbilityDef>
	
	<TorannMagic.TMAbilityDef ParentName="BaseMagicAbility">
        <defName>TM_MagicMissile_II</defName>
        <label>Magic Missile</label>
        <uiIconPath>Spells/MagicMissile</uiIconPath>
        <description>Fire a wave of magic missiles at enemies.
		
Chance to confuse: 7%
Casting time: 1.5s
Range: 32
Projectiles: 20 over 2.67s
Damage: 6</description>
        <manaCost>0.28</manaCost>
		<efficiencyReductionPercent>.08</efficiencyReductionPercent>
		<shouldInitialize>false</shouldInitialize>
		<MainVerb Class="AbilityUser.VerbProperties_Ability">
            <verbClass>AbilityUser.Verb_UseAbility_TrueBurst</verbClass>
				<tooltipShowProjectileDamage>true</tooltipShowProjectileDamage>
				<tooltipShowExtraDamages>false</tooltipShowExtraDamages>
				<tooltipShowHediffsToApply>false</tooltipShowHediffsToApply>
				<tooltipShowMentalStatesToApply>false</tooltipShowMentalStatesToApply>
            <hasStandardCommand>true</hasStandardCommand>
            <defaultProjectile>Projectile_MagicMissile</defaultProjectile>
            <abilityDef>TM_MagicMissile_II</abilityDef>
            <warmupTime>1.5</warmupTime>
            <SecondsToRecharge>30.0</SecondsToRecharge>
            <range>32</range>
            <forcedMissRadius>3.5</forcedMissRadius>
            <burstShotCount>20</burstShotCount>
            <ticksBetweenBurstShots>8</ticksBetweenBurstShots>
            <isPrimary>false</isPrimary>
            <soundCast>InfernoCannon_Fire</soundCast>
            <soundCastTail>GunTail_Heavy</soundCastTail>
            <muzzleFlashScale>9</muzzleFlashScale>
            <AlwaysHits>false</AlwaysHits>
			<extraDamages>
			  <li>
				<damage>6</damage>
				<damageDef>TM_MagicMissile</damageDef>
				<chance>1</chance>
			  </li>
			</extraDamages>
        </MainVerb>
    </TorannMagic.TMAbilityDef>
	
	<TorannMagic.TMAbilityDef ParentName="BaseMagicAbility">
        <defName>TM_MagicMissile_III</defName>
        <label>Magic Missile</label>
        <uiIconPath>Spells/MagicMissile</uiIconPath>
        <description>Fire a wave of magic missiles at enemies.
		
Chance to confuse: 9%
Casting time: 1s
Range: 36
Projectiles: 24 over 2.4s
Damage: 7</description>
        <manaCost>0.32</manaCost>
		<efficiencyReductionPercent>.08</efficiencyReductionPercent>
		<shouldInitialize>false</shouldInitialize>
		<MainVerb Class="AbilityUser.VerbProperties_Ability">
            <verbClass>AbilityUser.Verb_UseAbility_TrueBurst</verbClass>
				<tooltipShowProjectileDamage>true</tooltipShowProjectileDamage>
				<tooltipShowExtraDamages>false</tooltipShowExtraDamages>
				<tooltipShowHediffsToApply>false</tooltipShowHediffsToApply>
				<tooltipShowMentalStatesToApply>false</tooltipShowMentalStatesToApply>
            <hasStandardCommand>true</hasStandardCommand>
            <defaultProjectile>Projectile_MagicMissile</defaultProjectile>
            <abilityDef>TM_MagicMissile_III</abilityDef>
            <warmupTime>1.0</warmupTime>
            <SecondsToRecharge>20.0</SecondsToRecharge>
            <range>36</range>
            <forcedMissRadius>3.0</forcedMissRadius>
            <burstShotCount>24</burstShotCount>
            <ticksBetweenBurstShots>6</ticksBetweenBurstShots>
            <isPrimary>false</isPrimary>
            <soundCast>InfernoCannon_Fire</soundCast>
            <soundCastTail>GunTail_Heavy</soundCastTail>
            <muzzleFlashScale>12</muzzleFlashScale>
            <AlwaysHits>false</AlwaysHits>
			<extraDamages>
			  <li>
				<damage>7</damage>
				<damageDef>TM_MagicMissile</damageDef>
				<chance>1</chance>
			  </li>
			</extraDamages>
        </MainVerb>
    </TorannMagic.TMAbilityDef>
	
	<!-- Magic Missile end-->
	
		<!-- Teleport start  -->
	
  <ThingDef Class="AbilityUser.ProjectileDef_Ability" ParentName="BaseBullet">
   <thingClass>TorannMagic.Projectile_Teleport</thingClass>
   <defName>Projectile_Teleport</defName>
   <label>Teleport</label>
   <graphicData>
		<texPath>Spells/invis</texPath>
		<graphicClass>Graphic_Single</graphicClass>
		<shaderType>TransparentPostLight</shaderType>
	</graphicData>
   <projectile>
		<flyOverhead>true</flyOverhead>
		<explosionRadius>4</explosionRadius>
		<damageDef>Burn</damageDef>
		<damageAmountBase>0</damageAmountBase>
		<speed>1000</speed>
		<postExplosionSpawnChance>1</postExplosionSpawnChance>
   </projectile>
 </ThingDef>

 <TorannMagic.TMAbilityDef ParentName="BaseMagicAbility">
    <defName>TM_Teleport</defName>
    <label>Teleport</label>
    <uiIconPath>UI/teleport</uiIconPath>
    <description>Mass teleport spell. Creates a temporary method of long range transport; be warned, the portal collapses after a brief period causing a feedback explosion at the point the portal was created.</description>
    <manaCost>0.45</manaCost>
	<efficiencyReductionPercent>.1</efficiencyReductionPercent>
	<learnChance>.25</learnChance>
	<learnItem>SpellOf_Teleport</learnItem>
	<canCopy>true</canCopy>
	<MainVerb Class="AbilityUser.VerbProperties_Ability">
        <verbClass>TorannMagic.Verb_SB</verbClass>
			<tooltipShowProjectileDamage>false</tooltipShowProjectileDamage>
			<tooltipShowExtraDamages>false</tooltipShowExtraDamages>
			<tooltipShowHediffsToApply>false</tooltipShowHediffsToApply>
			<tooltipShowMentalStatesToApply>false</tooltipShowMentalStatesToApply>
        <hasStandardCommand>true</hasStandardCommand>
        <defaultProjectile>Projectile_Teleport</defaultProjectile>
		<abilityDef>TM_Teleport</abilityDef>
        <warmupTime>3</warmupTime>
        <SecondsToRecharge>1800</SecondsToRecharge>
		<burstShotCount>1</burstShotCount>
        <range>40</range>
		<isViolent>false</isViolent>
        <soundCast>ThrowGrenade</soundCast>
        <muzzleFlashScale>20</muzzleFlashScale>
		<AlwaysHits>true</AlwaysHits>
         <isPrimary>false</isPrimary>
		 <targetParams>
      	 <canTargetPawns>false</canTargetPawns>
      	 <canTargetBuildings>false</canTargetBuildings>
      	 <canTargetSelf>false</canTargetSelf>
		 <canTargetLocations>true</canTargetLocations>
        </targetParams>
    </MainVerb>
 </TorannMagic.TMAbilityDef>
 
 	<!-- Teleport end -->
	
	    <!-- Blink Start -->
    <ThingDef ParentName="BaseBullet" Class="AbilityUser.ProjectileDef_Ability">
        <thingClass>AbilityUser.Projectile_Ability</thingClass>
		<defName>Projectile_Blink</defName>
        <label>Blink</label>
        <graphicData>
			<texPath>Spells/invis</texPath>
			<graphicClass>Graphic_Single</graphicClass>
			<shaderType>TransparentPostLight</shaderType>
        </graphicData>
        <projectile>
            <flyOverhead>true</flyOverhead>
			<alwaysFreeIntercept>false</alwaysFreeIntercept>
            <damageDef>Bullet</damageDef>
            <damageAmountBase>0</damageAmountBase>
            <speed>9999</speed>
        </projectile>
    </ThingDef>

 <TorannMagic.TMAbilityDef ParentName="BaseMagicAbility">
        <defName>TM_Blink</defName>
        <label>Blink</label>
        <uiIconPath>UI/blink</uiIconPath>
        <description>Instantly moves the caster to the target location.
		
Casting time: .5s
Recharge time: 10s
Range: 30</description>
        <manaCost>0.15</manaCost>
		<efficiencyReductionPercent>.1</efficiencyReductionPercent>
		<canCopy>true</canCopy>
		<learnItem>SpellOf_Blink</learnItem>
		<learnChance>.1</learnChance>
		<MainVerb Class="AbilityUser.VerbProperties_Ability">
            <verbClass>TorannMagic.Verb_Blink</verbClass>
            <hasStandardCommand>true</hasStandardCommand>
            <defaultProjectile>Projectile_Blink</defaultProjectile>
            <abilityDef>TM_Blink</abilityDef>
            <!-- <AbilityTargetCategory>TargetLocation</AbilityTargetCategory> -->
            <targetParams>
                <canTargetLocations>true</canTargetLocations>
            </targetParams>
            <warmupTime>.5</warmupTime>
            <SecondsToRecharge>10.0</SecondsToRecharge>
            <range>30</range>
			<isViolent>false</isViolent>
			<requiresLineOfSight>false</requiresLineOfSight>
			<stopBurstWithoutLos>false</stopBurstWithoutLos>
            <burstShotCount>1</burstShotCount>
            <ticksBetweenBurstShots>1</ticksBetweenBurstShots>
            <soundCast>Message_PositiveEvent</soundCast>
            <muzzleFlashScale>20</muzzleFlashScale>
            <isPrimary>false</isPrimary>
        </MainVerb>
    </TorannMagic.TMAbilityDef>
	
	 <TorannMagic.TMAbilityDef ParentName="BaseMagicAbility">
        <defName>TM_Blink_I</defName>
        <label>Blink</label>
        <uiIconPath>UI/blink</uiIconPath>
        <description>Instantly moves the caster to the target location.
		
Casting time: .3s
Recharge time: 8s
Range: 50</description>
        <manaCost>0.15</manaCost>
		<efficiencyReductionPercent>.1</efficiencyReductionPercent>
		<shouldInitialize>false</shouldInitialize>
		<MainVerb Class="AbilityUser.VerbProperties_Ability">
            <verbClass>TorannMagic.Verb_Blink</verbClass>
            <hasStandardCommand>true</hasStandardCommand>
			<requiresLineOfSight>false</requiresLineOfSight>
            <defaultProjectile>Projectile_Blink</defaultProjectile>
            <abilityDef>TM_Blink_I</abilityDef>
            <AbilityTargetCategory>TargetLocation</AbilityTargetCategory>
            <targetParams>
                <canTargetLocations>true</canTargetLocations>
            </targetParams>
            <warmupTime>0.3</warmupTime>
            <SecondsToRecharge>8.0</SecondsToRecharge>
            <range>50</range>
			<isViolent>false</isViolent>
            <burstShotCount>1</burstShotCount>
            <ticksBetweenBurstShots>1</ticksBetweenBurstShots>
            <soundCast>Message_PositiveEvent</soundCast>
            <muzzleFlashScale>20</muzzleFlashScale>
            <isPrimary>false</isPrimary>
        </MainVerb>
    </TorannMagic.TMAbilityDef>
	
	<TorannMagic.TMAbilityDef ParentName="BaseMagicAbility">
        <defName>TM_Blink_II</defName>
        <label>Blink</label>
        <uiIconPath>UI/blink</uiIconPath>
        <description>Instantly moves the caster to the target location.
		
Casting time: .1s
Recharge time: 6s
Range: 70</description>
        <manaCost>0.15</manaCost>
		<efficiencyReductionPercent>.1</efficiencyReductionPercent>
		<shouldInitialize>false</shouldInitialize>
		<MainVerb Class="AbilityUser.VerbProperties_Ability">
            <verbClass>TorannMagic.Verb_Blink</verbClass>
            <hasStandardCommand>true</hasStandardCommand>
			<requiresLineOfSight>false</requiresLineOfSight>
            <defaultProjectile>Projectile_Blink</defaultProjectile>
            <abilityDef>TM_Blink_II</abilityDef>
            <AbilityTargetCategory>TargetLocation</AbilityTargetCategory>
            <targetParams>
                <canTargetLocations>true</canTargetLocations>
            </targetParams>
            <warmupTime>0.1</warmupTime>
            <SecondsToRecharge>6.0</SecondsToRecharge>
            <range>70</range>
			<isViolent>false</isViolent>
            <burstShotCount>1</burstShotCount>
            <ticksBetweenBurstShots>1</ticksBetweenBurstShots>
            <soundCast>Message_PositiveEvent</soundCast>
            <muzzleFlashScale>20</muzzleFlashScale>
            <isPrimary>false</isPrimary>
        </MainVerb>
    </TorannMagic.TMAbilityDef>
	
	<TorannMagic.TMAbilityDef ParentName="BaseMagicAbility">
        <defName>TM_Blink_III</defName>
        <label>Blink</label>
        <uiIconPath>UI/blink</uiIconPath>
        <description>Instantly moves the caster to the target location.
		
Casting time: 0s
Recharge time: 5s
Range: 90</description>
        <manaCost>0.15</manaCost>
		<efficiencyReductionPercent>.1</efficiencyReductionPercent>
		<shouldInitialize>false</shouldInitialize>
		<MainVerb Class="AbilityUser.VerbProperties_Ability">
            <verbClass>TorannMagic.Verb_Blink</verbClass>
            <hasStandardCommand>true</hasStandardCommand>
			<requiresLineOfSight>false</requiresLineOfSight>
            <defaultProjectile>Projectile_Blink</defaultProjectile>
            <abilityDef>TM_Blink_III</abilityDef>
            <AbilityTargetCategory>TargetLocation</AbilityTargetCategory>
            <targetParams>
                <canTargetLocations>true</canTargetLocations>
            </targetParams>
            <warmupTime>0</warmupTime>
            <SecondsToRecharge>5.0</SecondsToRecharge>
            <range>90</range>
			<isViolent>false</isViolent>
            <burstShotCount>1</burstShotCount>
            <ticksBetweenBurstShots>1</ticksBetweenBurstShots>
            <soundCast>Message_PositiveEvent</soundCast>
            <muzzleFlashScale>20</muzzleFlashScale>
            <isPrimary>false</isPrimary>
        </MainVerb>
    </TorannMagic.TMAbilityDef>
	
    <!-- Blink End-->
	
		    <!-- Summon Start -->
    <ThingDef ParentName="BaseBullet" Class="AbilityUser.ProjectileDef_AbilityLaser">
        <thingClass>AbilityUser.Projectile_AbilityLaser</thingClass>
		<defName>Projectile_Summon</defName>
        <label>Summon</label>
        <graphicData>
			<texPath>Spells/invis</texPath>
			<graphicClass>Graphic_Single</graphicClass>
			<shaderType>TransparentPostLight</shaderType>
        </graphicData>
        <projectile>
            <flyOverhead>true</flyOverhead>
            <damageDef>Bullet</damageDef>
            <damageAmountBase>0</damageAmountBase>
            <speed>400</speed>
        </projectile>
        <preFiringInitialIntensity>0</preFiringInitialIntensity>
        <preFiringFinalIntensity>20</preFiringFinalIntensity>
        <postFiringInitialIntensity>20</postFiringInitialIntensity>
        <postFiringFinalIntensity>0</postFiringFinalIntensity>
        <preFiringDuration>10</preFiringDuration>
        <postFiringDuration>83</postFiringDuration>
    </ThingDef>

 <TorannMagic.TMAbilityDef ParentName="BaseMagicAbility">
        <defName>TM_Summon</defName>
        <label>Summon</label>
        <uiIconPath>UI/summon</uiIconPath>
        <description>Summon objects to the casters location.
		
Casting time: 3s
Recharge time: 20s
Range: 70</description>
        <manaCost>0.24</manaCost>
		<efficiencyReductionPercent>.1</efficiencyReductionPercent>
		<learnChance>.3</learnChance>
		<canCopy>true</canCopy>
		<MainVerb Class="AbilityUser.VerbProperties_Ability">
            <verbClass>TorannMagic.Verb_Summon</verbClass>
            <hasStandardCommand>true</hasStandardCommand>
			<requiresLineOfSight>false</requiresLineOfSight>
            <defaultProjectile>Projectile_Summon</defaultProjectile>
            <abilityDef>TM_Summon</abilityDef>
            <AbilityTargetCategory>TargetThing</AbilityTargetCategory>
            <targetParams>
                <canTargetItems>true</canTargetItems>
				<canTargetPawns>true</canTargetPawns>
				<canTargetLocations>true</canTargetLocations>
				<canTargetSelf>false</canTargetSelf>
            </targetParams>
            <warmupTime>3.0</warmupTime>
            <SecondsToRecharge>20.0</SecondsToRecharge>
            <range>70</range>
			<isViolent>false</isViolent>
            <burstShotCount>1</burstShotCount>
            <ticksBetweenBurstShots>1</ticksBetweenBurstShots>
            <soundCast>TM_Gong</soundCast>
            <muzzleFlashScale>20</muzzleFlashScale>
            <isPrimary>false</isPrimary>
        </MainVerb>
    </TorannMagic.TMAbilityDef>
	
	<TorannMagic.TMAbilityDef ParentName="BaseMagicAbility">
        <defName>TM_Summon_I</defName>
        <label>Summon</label>
        <uiIconPath>UI/summon</uiIconPath>
        <description>Summon objects to the casters location.
		
Casting time: 2.7s
Recharge time: 18s
Range: 80</description>
        <manaCost>0.25</manaCost>
		<efficiencyReductionPercent>.1</efficiencyReductionPercent>
		<shouldInitialize>false</shouldInitialize>
		<MainVerb Class="AbilityUser.VerbProperties_Ability">
            <verbClass>TorannMagic.Verb_Summon</verbClass>
            <hasStandardCommand>true</hasStandardCommand>
			<requiresLineOfSight>false</requiresLineOfSight>
            <defaultProjectile>Projectile_Summon</defaultProjectile>
            <abilityDef>TM_Summon_I</abilityDef>
            <AbilityTargetCategory>TargetThing</AbilityTargetCategory>
            <targetParams>
                <canTargetItems>true</canTargetItems>
				<canTargetPawns>true</canTargetPawns>
				<canTargetLocations>true</canTargetLocations>
				<canTargetSelf>false</canTargetSelf>
            </targetParams>
            <warmupTime>2.7</warmupTime>
            <SecondsToRecharge>18.0</SecondsToRecharge>
            <range>80</range>
			<isViolent>false</isViolent>
            <burstShotCount>1</burstShotCount>
            <ticksBetweenBurstShots>1</ticksBetweenBurstShots>
            <soundCast>TM_Gong</soundCast>
            <muzzleFlashScale>20</muzzleFlashScale>
            <isPrimary>false</isPrimary>
        </MainVerb>
    </TorannMagic.TMAbilityDef>
	
	<TorannMagic.TMAbilityDef ParentName="BaseMagicAbility">
        <defName>TM_Summon_II</defName>
        <label>Summon</label>
        <uiIconPath>UI/summon</uiIconPath>
        <description>Summon objects to the casters location.
		
Casting time: 2.5s
Recharge time: 16s
Range: 90</description>
        <manaCost>0.26</manaCost>
		<efficiencyReductionPercent>.1</efficiencyReductionPercent>
		<shouldInitialize>false</shouldInitialize>
		<MainVerb Class="AbilityUser.VerbProperties_Ability">
            <verbClass>TorannMagic.Verb_Summon</verbClass>
            <hasStandardCommand>true</hasStandardCommand>
			<requiresLineOfSight>false</requiresLineOfSight>
            <defaultProjectile>Projectile_Summon</defaultProjectile>
            <abilityDef>TM_Summon_II</abilityDef>
            <AbilityTargetCategory>TargetThing</AbilityTargetCategory>
            <targetParams>
                <canTargetItems>true</canTargetItems>
				<canTargetPawns>true</canTargetPawns>
				<canTargetLocations>true</canTargetLocations>
				<canTargetSelf>false</canTargetSelf>
            </targetParams>
            <warmupTime>2.5</warmupTime>
            <SecondsToRecharge>16.0</SecondsToRecharge>
            <range>90</range>
			<isViolent>false</isViolent>
            <burstShotCount>1</burstShotCount>
            <ticksBetweenBurstShots>1</ticksBetweenBurstShots>
            <soundCast>TM_Gong</soundCast>
            <muzzleFlashScale>20</muzzleFlashScale>
            <isPrimary>false</isPrimary>
        </MainVerb>
    </TorannMagic.TMAbilityDef>
	
	<TorannMagic.TMAbilityDef ParentName="BaseMagicAbility">
        <defName>TM_Summon_III</defName>
        <label>Summon</label>
        <uiIconPath>UI/summon</uiIconPath>
        <description>Summon objects to the casters location.
		
Casting time: 2.4s
Recharge time: 15s
Range: 100</description>
        <manaCost>0.28</manaCost>
		<efficiencyReductionPercent>.1</efficiencyReductionPercent>
		<shouldInitialize>false</shouldInitialize>
		<MainVerb Class="AbilityUser.VerbProperties_Ability">
            <verbClass>TorannMagic.Verb_Summon</verbClass>
            <hasStandardCommand>true</hasStandardCommand>
			<requiresLineOfSight>false</requiresLineOfSight>
            <defaultProjectile>Projectile_Summon</defaultProjectile>
            <abilityDef>TM_Summon_III</abilityDef>
            <AbilityTargetCategory>TargetThing</AbilityTargetCategory>
            <targetParams>
                <canTargetItems>true</canTargetItems>
				<canTargetPawns>true</canTargetPawns>
				<canTargetLocations>true</canTargetLocations>
				<canTargetSelf>false</canTargetSelf>
            </targetParams>
            <warmupTime>2.4</warmupTime>
            <SecondsToRecharge>15.0</SecondsToRecharge>
            <range>100</range>
			<isViolent>false</isViolent>
            <burstShotCount>1</burstShotCount>
            <ticksBetweenBurstShots>1</ticksBetweenBurstShots>
            <soundCast>Message_PositiveEvent</soundCast>
            <muzzleFlashScale>20</muzzleFlashScale>
            <isPrimary>false</isPrimary>
        </MainVerb>
    </TorannMagic.TMAbilityDef>
	
  <ThingDef ParentName="BaseBullet" Name="TM_SummonedPawn">
   <defName>TM_SummonedPawn</defName>
   <thingClass>AbilityUser.FlyingObject</thingClass>
   <label>flying object</label>
   <graphicData>
		<texPath>Spells/invis</texPath>
		<graphicClass>Graphic_Single</graphicClass>
	</graphicData>
   <projectile>
		<flyOverhead>true</flyOverhead>
		<damageDef>Stun</damageDef>
		<damageAmountBase>0</damageAmountBase>
		<speed>250</speed>
   </projectile>
 </ThingDef>
 
   <ThingDef ParentName="BaseBullet" Name="MovingObject">
   <defName>MovingObject</defName>
   <thingClass>TorannMagic.MovingObject</thingClass>
   <label>moving object</label>
   <graphicData>
		<texPath>Spells/invis</texPath>
		<graphicClass>Graphic_Single</graphicClass>
	</graphicData>
   <projectile> 
		<flyOverhead>true</flyOverhead>
		<damageDef>Stun</damageDef>
		<damageAmountBase>0</damageAmountBase>
		<speed>250</speed>
   </projectile>
 </ThingDef>
 

    <!-- Summon End-->

	 <!-- Fold Reality -->
	 
	 <ThingDef Class="AbilityUser.ProjectileDef_Ability" ParentName="BaseBullet">
	   <thingClass>AbilityUser.Projectile_AbilityBase</thingClass>
	   <defName>Projectile_FoldReality</defName>
	   <label>fold reality</label>
	   <graphicData>
			<texPath>Spells/invis</texPath>
			<graphicClass>Graphic_Single</graphicClass>
			<shaderType>TransparentPostLight</shaderType>
		</graphicData>
	   <projectile>
			<flyOverhead>true</flyOverhead>
			<explosionRadius>5</explosionRadius>
			<damageDef>Burn</damageDef>
			<damageAmountBase>0</damageAmountBase>
			<speed>1000</speed>
			<postExplosionSpawnChance>1</postExplosionSpawnChance>
	   </projectile>
	 </ThingDef>
 
	 <TorannMagic.TMAbilityDef ParentName="BaseMagicAbility">
        <defName>TM_FoldReality</defName>
        <label>Gateway</label>
        <uiIconPath>UI/gateway2</uiIconPath>
        <description>Folds reality to open a gateway to another player controlled location and instantly moves all pawns and items in a 7 cell radius around the target cell to the caster.</description>
        <manaCost>0.80</manaCost>
		<efficiencyReductionPercent>.06</efficiencyReductionPercent>
		<learnItem>SpellOf_FoldReality</learnItem>
		<learnChance>.1</learnChance>
		<MainVerb Class="AbilityUser.VerbProperties_Ability">
            <verbClass>TorannMagic.Verb_FoldReality</verbClass>
            <hasStandardCommand>true</hasStandardCommand>
			<requiresLineOfSight>false</requiresLineOfSight>
            <defaultProjectile>Projectile_FoldReality</defaultProjectile>
            <abilityDef>TM_FoldReality</abilityDef>
            <AbilityTargetCategory>TargetSelf</AbilityTargetCategory>
            <targetParams>
			  <canTargetPawns>true</canTargetPawns>
			  <canTargetBuildings>false</canTargetBuildings>
			  <canTargetSelf>true</canTargetSelf>
			  <canTargetLocations>false</canTargetLocations>
			</targetParams>
            <warmupTime>3</warmupTime>
            <SecondsToRecharge>2400</SecondsToRecharge>
            <range>0</range>
			<isViolent>false</isViolent>
            <burstShotCount>1</burstShotCount>
            <ticksBetweenBurstShots>1</ticksBetweenBurstShots>
            <soundCast>Message_PositiveEvent</soundCast>
            <muzzleFlashScale>20</muzzleFlashScale>
            <isPrimary>false</isPrimary>
        </MainVerb>
    </TorannMagic.TMAbilityDef>
	

</Defs>
