<?xml version="1.0" encoding="utf-8" ?>

<Defs>

 <!-- Chi -->
 
 <TorannMagic.TMAbilityDef ParentName="BaseMightAbility">
    <defName>TM_Chi</defName>
    <label>Ch'i</label>
    <uiIconPath>UI/ChiBurst</uiIconPath>
    <description>Ch'i, or spirit, is the life force that resides in all living things. Monks cultivate and harness this force to perform their art. Balancing the rhythm and flow of Ch'i takes time and is generally gained through dedicated meditation.</description>
    <staminaCost>0.00</staminaCost>
	<shouldInitialize>false</shouldInitialize>
	<abilityHediff>TM_ChiHD</abilityHediff>
	<childAbilities>
		<li>TM_ChiBurst</li>
	</childAbilities>
    <MainVerb Class="AbilityUser.VerbProperties_Ability">
        <verbClass>TorannMagic.Verb_SB</verbClass>
			<tooltipShowProjectileDamage>false</tooltipShowProjectileDamage>
			<tooltipShowExtraDamages>false</tooltipShowExtraDamages>
			<tooltipShowHediffsToApply>false</tooltipShowHediffsToApply>
			<tooltipShowMentalStatesToApply>false</tooltipShowMentalStatesToApply>
        <hasStandardCommand>true</hasStandardCommand>
		<abilityDef>TM_Chi</abilityDef>
		<isViolent>false</isViolent>
        <defaultProjectile>Projectile_Default</defaultProjectile>
        <warmupTime>0.0</warmupTime>
        <SecondsToRecharge>0.0</SecondsToRecharge>
        <range>0</range>
        <soundCast>Message_PositiveEvent</soundCast>
        <muzzleFlashScale>10</muzzleFlashScale>
        <isPrimary>false</isPrimary>
   	    <AbilityTargetCategory>TargetSelf</AbilityTargetCategory>
		<targetParams>
		  <canTargetPawns>true</canTargetPawns>
		  <canTargetBuildings>false</canTargetBuildings>
		  <canTargetSelf>true</canTargetSelf>
		  <canTargetLocations>false</canTargetLocations>
		</targetParams>
    </MainVerb>
  </TorannMagic.TMAbilityDef>
   
     <!-- Chi Burst -->
 
 <TorannMagic.TMAbilityDef ParentName="BaseMightAbility">
    <defName>TM_ChiBurst</defName>
    <label>Ch'i Burst</label>
    <uiIconPath>UI/ChiBurst</uiIconPath>
    <description>Projects an enormous amount of ch'i into a target area, overloading and disrupting the energy of all pawns within the area of effect.

Ch'i Burst will interrupt fighter and mage abilities and will cause harm based on the amount of energy disrupted. This affects chi, mana, blood magic, stamina, hate and psionic energy.

Has a low chance to disrupt the mental state of any pawn. Can be resisted.</description>
    <chiCost>0.50</chiCost>
    <MainVerb Class="AbilityUser.VerbProperties_Ability">
        <verbClass>TorannMagic.Verb_ChiBurst</verbClass>
			<tooltipShowProjectileDamage>false</tooltipShowProjectileDamage>
			<tooltipShowExtraDamages>false</tooltipShowExtraDamages>
			<tooltipShowHediffsToApply>false</tooltipShowHediffsToApply>
			<tooltipShowMentalStatesToApply>false</tooltipShowMentalStatesToApply>
        <hasStandardCommand>true</hasStandardCommand>
		<abilityDef>TM_ChiBurst</abilityDef>
		<isViolent>false</isViolent>
        <defaultProjectile>Projectile_Default</defaultProjectile>
        <warmupTime>2</warmupTime>
        <SecondsToRecharge>120</SecondsToRecharge>
        <range>40</range>
        <soundCast>TM_Gong</soundCast>
        <muzzleFlashScale>20</muzzleFlashScale>
        <isPrimary>false</isPrimary>
		<AbilityTargetCategory>TargetAoE</AbilityTargetCategory>
		<TargetAoEProperties>
			<targetClass>Pawn</targetClass>
			<showRangeOnSelect>true</showRangeOnSelect>
			<friendlyFire>true</friendlyFire>
			<startsFromCaster>false</startsFromCaster>
			<maxTargets>10</maxTargets>
			<range>4</range>
		</TargetAoEProperties>
		<targetParams>
			<canTargetPawns>true</canTargetPawns>
			<canTargetBuildings>false</canTargetBuildings>
			<canTargetSelf>true</canTargetSelf>
			<canTargetLocations>true</canTargetLocations>
		</targetParams>
    </MainVerb>
  </TorannMagic.TMAbilityDef>
  
     <!-- Mind Over Body -->
  
  <TorannMagic.TMAbilityDef ParentName="BaseMightAbility">
    <defName>TM_MindOverBody</defName>
    <label>Mind Over Body</label>
    <uiIconPath>UI/bodytraining</uiIconPath>
    <description>Mental conditioning that enhances the monk's control over their physical capabilities and improves resilience to both physical and mental stress. Damage mitigation is reduced by the weight (in kg) of armor worn.

Mind Over Body is a passive buff that improves consciousness, moving, manipulation, melee hit chance, dodge chance, armor penetration, mental break and pain thresholds.</description>
    <staminaCost>0.00</staminaCost>
	<shouldInitialize>false</shouldInitialize>
	<abilityHediff>TM_MindOverBodyHD</abilityHediff>
    <MainVerb Class="AbilityUser.VerbProperties_Ability">
        <verbClass>TorannMagic.Verb_SB</verbClass>
			<tooltipShowProjectileDamage>false</tooltipShowProjectileDamage>
			<tooltipShowExtraDamages>false</tooltipShowExtraDamages>
			<tooltipShowHediffsToApply>false</tooltipShowHediffsToApply>
			<tooltipShowMentalStatesToApply>false</tooltipShowMentalStatesToApply>
        <hasStandardCommand>true</hasStandardCommand>
		<abilityDef>TM_MindOverBody</abilityDef>
		<isViolent>false</isViolent>
        <defaultProjectile>Projectile_Default</defaultProjectile>
        <warmupTime>0.0</warmupTime>
        <SecondsToRecharge>60</SecondsToRecharge>
        <range>0</range>
        <soundCast>Message_PositiveEvent</soundCast>
        <muzzleFlashScale>20</muzzleFlashScale>
        <isPrimary>false</isPrimary>
   	    <AbilityTargetCategory>TargetSelf</AbilityTargetCategory>
		<targetParams>
		  <canTargetPawns>true</canTargetPawns>
		  <canTargetBuildings>false</canTargetBuildings>
		  <canTargetSelf>true</canTargetSelf>
		  <canTargetLocations>false</canTargetLocations>
		</targetParams>
    </MainVerb>
  </TorannMagic.TMAbilityDef>
	
	 <!-- Meditate -->
 
 <TorannMagic.TMAbilityDef ParentName="BaseMightAbility">
    <defName>TM_Meditate</defName>
    <label>Meditate</label>
    <uiIconPath>UI/meditate</uiIconPath>
    <description>Meditation restores the life force of the monk and is a vital component of maintaining a strong level of Ch'i.
	
Any physical or mental ailments must be purged before meditation can generate Ch'i. If the monk is afflicted (wounds, disease, poor mood, drug addictions), meditation will focus Ch'i in an effort to remove the affliction. Afflictions can only be purged while in a meditative state.</description>
    <staminaCost>0.00</staminaCost>
    <MainVerb Class="AbilityUser.VerbProperties_Ability">
        <verbClass>TorannMagic.Verb_Meditate</verbClass>
			<tooltipShowProjectileDamage>false</tooltipShowProjectileDamage>
			<tooltipShowExtraDamages>false</tooltipShowExtraDamages>
			<tooltipShowHediffsToApply>false</tooltipShowHediffsToApply>
			<tooltipShowMentalStatesToApply>false</tooltipShowMentalStatesToApply>
        <hasStandardCommand>true</hasStandardCommand>
		<abilityDef>TM_Meditate</abilityDef>
		<isViolent>false</isViolent>
        <defaultProjectile>Projectile_Default</defaultProjectile>
        <warmupTime>0.0</warmupTime>
        <SecondsToRecharge>10</SecondsToRecharge>
        <range>0</range>
        <soundCast>Message_PositiveEvent</soundCast>
        <muzzleFlashScale>10</muzzleFlashScale>
        <isPrimary>false</isPrimary>
   	    <AbilityTargetCategory>TargetSelf</AbilityTargetCategory>
		<targetParams>
		  <canTargetPawns>true</canTargetPawns>
		  <canTargetBuildings>false</canTargetBuildings>
		  <canTargetSelf>true</canTargetSelf>
		  <canTargetLocations>false</canTargetLocations>
		</targetParams>
    </MainVerb>
  </TorannMagic.TMAbilityDef>
  
  <!-- Tiger Strike -->
  
 <TorannMagic.TMAbilityDef ParentName="BaseMightAbility">
    <defName>TM_TigerStrike</defName>
    <label>Tiger Strike</label>
    <description>A melee attack that delivers multiple, rapid blows against a single opponent. Must be within melee range and unarmed to perform this attack.

Activated ability (12 chi): delivers 4 attacks in rapid succession.  Tiger Strike can be further trained to add additional attacks that can stun, drain energy, or deliver a precision strike that destroys vital organs.

Passive ability (8 stamina): deliver multiple hits against an opponent; attacks may be any type (physical, stun, drain, vital) that is trained. Tiger Strike has a chance to trigger on any normal attack or itself.</description>
	<uiIconPath>UI/tigerstrike</uiIconPath>
    <chiCost>0.12</chiCost>
	<efficiencyReductionPercent>.1</efficiencyReductionPercent>
	<canCopy>true</canCopy>
	<MainVerb Class="AbilityUser.VerbProperties_Ability">
        <verbClass>TorannMagic.Verb_TigerStrike</verbClass>
			<tooltipShowProjectileDamage>true</tooltipShowProjectileDamage>
			<tooltipShowExtraDamages>true</tooltipShowExtraDamages>
			<tooltipShowHediffsToApply>true</tooltipShowHediffsToApply>
			<tooltipShowMentalStatesToApply>false</tooltipShowMentalStatesToApply>
        <hasStandardCommand>true</hasStandardCommand>
        <defaultProjectile>Projectile_Default</defaultProjectile>
		<abilityDef>TM_TigerStrike</abilityDef>
        <warmupTime>.25</warmupTime>
        <SecondsToRecharge>20</SecondsToRecharge>
        <range>1.42</range>
        <soundCast>MeleeHit_Wood</soundCast>
        <muzzleFlashScale>0</muzzleFlashScale>
        <isPrimary>true</isPrimary>
		<isViolent>true</isViolent>
		<burstShotCount>10</burstShotCount>
		<ticksBetweenBurstShots>6</ticksBetweenBurstShots>
		<targetParams>
			<canTargetPawns>true</canTargetPawns>
			<canTargetBuildings>false</canTargetBuildings>
			<canTargetSelf>false</canTargetSelf>
			<canTargetLocations>false</canTargetLocations>
		</targetParams>
    </MainVerb>
  </TorannMagic.TMAbilityDef>
  
  <!-- Dragon Strike -->
	 
	 <ThingDef ParentName="BaseBullet" Name="FlyingObject_DragonStrike">
	   <defName>FlyingObject_DragonStrike</defName>
	   <thingClass>TorannMagic.FlyingObject_DragonStrike</thingClass>
	   <label>dragon strike</label>
	   <graphicData>
			<texPath>Spells/invis</texPath>
			<graphicClass>Graphic_Single</graphicClass>
		</graphicData>
	   <projectile>
			<flyOverhead>true</flyOverhead>
			<damageDef>TM_Shadow</damageDef>
			<damageAmountBase>0</damageAmountBase>
			<speed>40</speed>
	   </projectile>
	</ThingDef>
	 
  <ThingDef ParentName="BaseBullet" Class="AbilityUser.ProjectileDef_Ability">
   <defName>Projectile_DragonStrike</defName>
   <thingClass>AbilityUser.Projectile_Ability</thingClass>
   <label>dragon strike</label>
   <graphicData>
		<texPath>Spells/invis</texPath>
		<graphicClass>Graphic_Single</graphicClass>
   </graphicData>
   <projectile>
		<flyOverhead>true</flyOverhead>
		<damageDef>TM_Shadow</damageDef>
		<damageAmountBase>0</damageAmountBase>
		<speed>40</speed>
   </projectile>
 </ThingDef>
 
 <TorannMagic.TMAbilityDef ParentName="BaseMightAbility">
    <defName>TM_DragonStrike</defName>
    <label>Dragon Strike</label>
    <uiIconPath>UI/dragonstrike</uiIconPath>
    <description>A leap attack that allows the monk to rapidly close on an opponent. 

Activated ability (8 chi): leap through the air and deliver a powerful flying kick against an distant opponent. The closer an opponent is, the more damage Dragon Strike deals. If an opponent is within 5 cells, this attack will also knock the target back. 

Passive ability (10 stamina): performs a round-house kick that strikes multiple opponents. Dragon Strike has a chance to trigger on any normal attack when multiple enemies are near the target.</description>
<!--    <thingClass>ThingWithComps</thingClass> -->
    <chiCost>0.08</chiCost>
	<efficiencyReductionPercent>.1</efficiencyReductionPercent>
	<canCopy>true</canCopy>
    <MainVerb Class="AbilityUser.VerbProperties_Ability">
        <verbClass>TorannMagic.Effect_DragonStrike</verbClass>
			<tooltipShowProjectileDamage>false</tooltipShowProjectileDamage>
			<tooltipShowExtraDamages>false</tooltipShowExtraDamages>
			<tooltipShowHediffsToApply>false</tooltipShowHediffsToApply>
			<tooltipShowMentalStatesToApply>false</tooltipShowMentalStatesToApply>
        <hasStandardCommand>true</hasStandardCommand>
		<abilityDef>TM_DragonStrike</abilityDef>
		<isViolent>true</isViolent>
        <defaultProjectile>Projectile_DragonStrike</defaultProjectile>
        <warmupTime>.25</warmupTime>
        <SecondsToRecharge>6</SecondsToRecharge>
        <range>20</range>
        <soundCast>TM_AirWoosh</soundCast>
        <muzzleFlashScale>20</muzzleFlashScale>
        <isPrimary>false</isPrimary>
		<AbilityTargetCategory>TargetLocation</AbilityTargetCategory>
		<targetParams>
		  <canTargetPawns>true</canTargetPawns>
		  <canTargetBuildings>false</canTargetBuildings>
		  <canTargetSelf>false</canTargetSelf>
		  <canTargetLocations>true</canTargetLocations>
		</targetParams>
    </MainVerb>
  </TorannMagic.TMAbilityDef>
  
  <!-- Thunder Strike -->
    <ThingDef ParentName="BaseBullet" Class="AbilityUser.ProjectileDef_Ability">
        <thingClass>TorannMagic.Projectile_ThunderStrike</thingClass>
		<defName>Projectile_ThunderStrike</defName>
        <label>thunder strike</label>
        <graphicData>
			<texPath>Spells/invis</texPath>
			<graphicClass>Graphic_Single</graphicClass>
			<shaderType>TransparentPostLight</shaderType>
        </graphicData>
        <projectile>
            <flyOverhead>true</flyOverhead>
            <damageDef>Bullet</damageDef>
            <damageAmountBase>0</damageAmountBase>
            <speed>999</speed>
        </projectile>
    </ThingDef>

	<TorannMagic.TMAbilityDef ParentName="BaseMightAbility">
        <defName>TM_ThunderStrike</defName>
        <label>Thunder Strike</label>
        <uiIconPath>UI/thunderstrike</uiIconPath>
        <description>Supercharges an attack with enough ch'i to generate lightning.</description>
        <chiCost>0.25</chiCost>
		<efficiencyReductionPercent>.1</efficiencyReductionPercent>
		<canCopy>true</canCopy>
		<MainVerb Class="AbilityUser.VerbProperties_Ability">
            <verbClass>TorannMagic.Verb_ThunderStrike</verbClass>
            <hasStandardCommand>true</hasStandardCommand>
            <defaultProjectile>Projectile_ThunderStrike</defaultProjectile>
            <abilityDef>TM_ThunderStrike</abilityDef>
            <AbilityTargetCategory>TargetLocation</AbilityTargetCategory>
            <targetParams>
                <canTargetItems>false</canTargetItems>
				<canTargetPawns>true</canTargetPawns>
				<canTargetLocations>true</canTargetLocations>
				<canTargetSelf>false</canTargetSelf>
            </targetParams>
            <warmupTime>0.25</warmupTime>
            <SecondsToRecharge>30.0</SecondsToRecharge>
            <range>10</range>
			<isViolent>true</isViolent>
			<canCastInMelee>true</canCastInMelee>
            <burstShotCount>1</burstShotCount>
            <ticksBetweenBurstShots>1</ticksBetweenBurstShots>
            <soundCast>MeleeHit_Metal_Sharp</soundCast>
            <muzzleFlashScale>20</muzzleFlashScale>
            <isPrimary>false</isPrimary>
        </MainVerb>
    </TorannMagic.TMAbilityDef>

</Defs>