<?xml version="1.0" encoding="utf-8" ?>

<Defs>

<!-- Soothe start -->	
    <ThingDef ParentName="BaseBullet" Class="AbilityUser.ProjectileDef_Ability">
		<thingClass>AbilityUser.Projectile_AbilityBase</thingClass>
	    <defName>Buff_Soothe</defName>
        <label>Soothing Breeze</label>
        <graphicData>
			<texPath>Spells/invis</texPath>
			<graphicClass>Graphic_Single</graphicClass>
			<shaderType>TransparentPostLight</shaderType>
        </graphicData>
        <projectile>
            <flyOverhead>true</flyOverhead>
            <damageDef>SoothingBreeze</damageDef>
            <damageAmountBase>0</damageAmountBase>
            <speed>1000</speed>
			<explosionRadius>18</explosionRadius>
			<postExplosionSpawnChance>1</postExplosionSpawnChance>
        </projectile>
    </ThingDef>

    <TorannMagic.TMAbilityDef ParentName="BaseMagicAbility">
        <defName>TM_Soothe</defName>
        <label>Soothing Breeze</label>
        <uiIconPath>UI/soothe</uiIconPath>
        <description>Creates a soothing aura around the caster that periodically buffs an ally.
		
Soothing Breeze: Arcane augmentation that assists the worker, reducing pain and fatigue and increasing focus.
	
Application Frequency: 	80-90s	
Duration:	200-223s
Manipulation:	+10%
Consciousness:	+5%
Mood increase:	+2
Rest, Hunger and Pain: 	-10%

Requires 40 mana to maintain and reduces mana regeneration by 30%; cast again to deactivate. The caster gains xp each time an ally is buffed.</description>
		<manaCost>0</manaCost>
		<upkeepEnergyCost>.4</upkeepEnergyCost>
		<upkeepRegenCost>.3</upkeepRegenCost>
		<upkeepEfficiencyPercent>.08</upkeepEfficiencyPercent>
		<learnChance>.3</learnChance>
		<abilityHediff>TM_SoothingBreeze_AuraHD</abilityHediff>
        <MainVerb Class="AbilityUser.VerbProperties_Ability">
            <verbClass>TorannMagic.Verb_ApplyAura</verbClass>
				<tooltipShowProjectileDamage>false</tooltipShowProjectileDamage>
				<tooltipShowExtraDamages>false</tooltipShowExtraDamages>
				<tooltipShowHediffsToApply>true</tooltipShowHediffsToApply>
				<tooltipShowMentalStatesToApply>false</tooltipShowMentalStatesToApply>
            <hasStandardCommand>true</hasStandardCommand>
			<requiresLineOfSight>false</requiresLineOfSight>
            <defaultProjectile>Buff_Soothe</defaultProjectile>
            <abilityDef>TM_Soothe</abilityDef>
            <warmupTime>6</warmupTime>
            <SecondsToRecharge>10.0</SecondsToRecharge>
            <range>0</range>
            <burstShotCount>1</burstShotCount>
            <soundCast>Message_PositiveEvent</soundCast>
			<soundCastTail>GunTail_Medium</soundCastTail>
            <muzzleFlashScale>20</muzzleFlashScale>
		    <AlwaysHits>true</AlwaysHits>
            <isPrimary>false</isPrimary>
			<isViolent>false</isViolent>
			<AbilityTargetCategory>TargetSelf</AbilityTargetCategory>
			<targetParams>
			  <canTargetPawns>true</canTargetPawns>
			  <canTargetBuildings>false</canTargetBuildings>
			  <canTargetSelf>true</canTargetSelf>
			  <canTargetLocations>false</canTargetLocations>
			</targetParams>
        </MainVerb>
    </TorannMagic.TMAbilityDef>
	
	<TorannMagic.TMAbilityDef ParentName="BaseMagicAbility">
        <defName>TM_Soothe_I</defName>
        <label>Soothing Breeze</label>
        <uiIconPath>UI/soothe</uiIconPath>
        <description>Creates a soothing aura around the caster that periodically buffs an ally.
		
Soothing Breeze: Arcane augmentation that assists the worker, reducing pain and fatigue and increasing focus.
	
Application Frequency: 	80-90s	
Duration:	200-223s
Manipulation: 	+15%
Consciousness: 	+10%
Mood increase:	+3
Rest, Hunger and Pain: 	-15%

Requires 40 mana to maintain and reduces mana regeneration by 30%; cast again to deactivate. The caster gains xp each time an ally is buffed.</description>
		<manaCost>0</manaCost>
		<upkeepEnergyCost>.4</upkeepEnergyCost>
		<upkeepRegenCost>.3</upkeepRegenCost>
		<upkeepEfficiencyPercent>.08</upkeepEfficiencyPercent>
		<abilityHediff>TM_SoothingBreeze_AuraHD</abilityHediff>
		<shouldInitialize>false</shouldInitialize>
        <MainVerb Class="AbilityUser.VerbProperties_Ability">
            <verbClass>TorannMagic.Verb_ApplyAura</verbClass>
				<tooltipShowProjectileDamage>false</tooltipShowProjectileDamage>
				<tooltipShowExtraDamages>false</tooltipShowExtraDamages>
				<tooltipShowHediffsToApply>true</tooltipShowHediffsToApply>
				<tooltipShowMentalStatesToApply>false</tooltipShowMentalStatesToApply>
            <hasStandardCommand>true</hasStandardCommand>
			<requiresLineOfSight>false</requiresLineOfSight>
            <defaultProjectile>Buff_Soothe</defaultProjectile>
            <abilityDef>TM_Soothe_I</abilityDef>
            <warmupTime>5</warmupTime>
            <SecondsToRecharge>10.0</SecondsToRecharge>
            <range>0</range>
            <burstShotCount>1</burstShotCount>
            <soundCast>Message_PositiveEvent</soundCast>
			<soundCastTail>GunTail_Medium</soundCastTail>
            <muzzleFlashScale>20</muzzleFlashScale>
		    <AlwaysHits>true</AlwaysHits>
            <isPrimary>false</isPrimary>
			<isViolent>false</isViolent>
			<AbilityTargetCategory>TargetSelf</AbilityTargetCategory>
			<targetParams>
			  <canTargetPawns>true</canTargetPawns>
			  <canTargetBuildings>false</canTargetBuildings>
			  <canTargetSelf>true</canTargetSelf>
			  <canTargetLocations>false</canTargetLocations>
			</targetParams>
        </MainVerb>
    </TorannMagic.TMAbilityDef>
	
	<TorannMagic.TMAbilityDef ParentName="BaseMagicAbility">
        <defName>TM_Soothe_II</defName>
        <label>Soothing Breeze</label>
        <uiIconPath>UI/soothe</uiIconPath>
        <description>Creates a soothing aura around the caster that periodically buffs an ally.
		
Soothing Breeze: Arcane augmentation that assists the worker, reducing pain and fatigue and increasing focus
	
Application Frequency: 	80-90s	
Duration:	500-600s
Manipulation: 	+20%
Consciousness 	+15%
Mood increase:	+4
Rest, Hunger and Pain: 	-20%

Requires 40 mana to maintain and reduces mana regeneration by 30%; cast again to deactivate. The caster gains xp each time an ally is buffed.</description>
		<manaCost>0</manaCost>
		<upkeepEnergyCost>.4</upkeepEnergyCost>
		<upkeepRegenCost>.3</upkeepRegenCost>
		<upkeepEfficiencyPercent>.08</upkeepEfficiencyPercent>
		<abilityHediff>TM_SoothingBreeze_AuraHD</abilityHediff>
		<shouldInitialize>false</shouldInitialize>
        <MainVerb Class="AbilityUser.VerbProperties_Ability">
            <verbClass>TorannMagic.Verb_ApplyAura</verbClass>
				<tooltipShowProjectileDamage>false</tooltipShowProjectileDamage>
				<tooltipShowExtraDamages>false</tooltipShowExtraDamages>
				<tooltipShowHediffsToApply>true</tooltipShowHediffsToApply>
				<tooltipShowMentalStatesToApply>false</tooltipShowMentalStatesToApply>
            <hasStandardCommand>true</hasStandardCommand>
			<requiresLineOfSight>false</requiresLineOfSight>
            <defaultProjectile>Buff_Soothe</defaultProjectile>
            <abilityDef>TM_Soothe_II</abilityDef>
            <warmupTime>4</warmupTime>
            <SecondsToRecharge>10.0</SecondsToRecharge>
            <range>0</range>
            <burstShotCount>1</burstShotCount>
            <soundCast>Message_PositiveEvent</soundCast>
			<soundCastTail>GunTail_Medium</soundCastTail>
            <muzzleFlashScale>20</muzzleFlashScale>
		    <AlwaysHits>true</AlwaysHits>
            <isPrimary>false</isPrimary>
			<isViolent>false</isViolent>
			<AbilityTargetCategory>TargetSelf</AbilityTargetCategory>
			<targetParams>
			  <canTargetPawns>true</canTargetPawns>
			  <canTargetBuildings>false</canTargetBuildings>
			  <canTargetSelf>true</canTargetSelf>
			  <canTargetLocations>false</canTargetLocations>
			</targetParams>
        </MainVerb>
    </TorannMagic.TMAbilityDef>
	
	<TorannMagic.TMAbilityDef ParentName="BaseMagicAbility">
        <defName>TM_Soothe_III</defName>
        <label>Soothing Breeze</label>
        <uiIconPath>UI/soothe</uiIconPath>
        <description>Creates a soothing aura around the caster that periodically buffs an ally.
		
Soothing Breeze: Arcane augmentation that assists the worker, reducing pain and fatigue and increasing focus
	
Application Frequency: 	80-90s	
Duration:	500-600s
Manipulation: 	+25%
Consciousness: 	+20%
Mood increase:	+5
Rest, Hunger and Pain:	-25%

Requires 40 mana to maintain and reduces mana regeneration by 30%; cast again to deactivate. The caster gains xp each time an ally is buffed.</description>
		<manaCost>0</manaCost>
		<upkeepEnergyCost>.4</upkeepEnergyCost>
		<upkeepRegenCost>.3</upkeepRegenCost>
		<upkeepEfficiencyPercent>.08</upkeepEfficiencyPercent>
		<abilityHediff>TM_SoothingBreeze_AuraHD</abilityHediff>
		<shouldInitialize>false</shouldInitialize>
        <MainVerb Class="AbilityUser.VerbProperties_Ability">
            <verbClass>TorannMagic.Verb_ApplyAura</verbClass>
				<tooltipShowProjectileDamage>false</tooltipShowProjectileDamage>
				<tooltipShowExtraDamages>false</tooltipShowExtraDamages>
				<tooltipShowHediffsToApply>true</tooltipShowHediffsToApply>
				<tooltipShowMentalStatesToApply>false</tooltipShowMentalStatesToApply>
            <hasStandardCommand>true</hasStandardCommand>
			<requiresLineOfSight>false</requiresLineOfSight>
            <defaultProjectile>Projectile_Default</defaultProjectile>
            <abilityDef>TM_Soothe_III</abilityDef>
            <warmupTime>3</warmupTime>
            <SecondsToRecharge>10.0</SecondsToRecharge>
            <range>0</range>
            <burstShotCount>1</burstShotCount>
            <soundCast>Message_PositiveEvent</soundCast>
			<soundCastTail>GunTail_Medium</soundCastTail>
            <muzzleFlashScale>20</muzzleFlashScale>
		    <AlwaysHits>true</AlwaysHits>
            <isPrimary>false</isPrimary>
			<isViolent>false</isViolent>
			<AbilityTargetCategory>TargetSelf</AbilityTargetCategory>
			<targetParams>
			  <canTargetPawns>true</canTargetPawns>
			  <canTargetBuildings>false</canTargetBuildings>
			  <canTargetSelf>true</canTargetSelf>
			  <canTargetLocations>false</canTargetLocations>
			</targetParams>
        </MainVerb>
    </TorannMagic.TMAbilityDef>

    <!-- Soothe End -->
	
	<!-- FrostRay -->	
	
    <ThingDef ParentName="BaseBullet" Class="AbilityUser.ProjectileDef_AbilityLaser">
		<thingClass>AbilityUser.Projectile_AbilityLaser</thingClass> 
        <defName>Laser_FrostRay</defName>
        <label>Frost Ray</label>
        <graphicData>
			<texPath>Spells/FrostRay</texPath>
			<graphicClass>Graphic_Single</graphicClass>
			<shaderType>TransparentPostLight</shaderType>
        </graphicData>
        <projectile>
            <damageDef>FrostRay</damageDef>
            <damageAmountBase>17</damageAmountBase>
            <speed>120</speed>
        </projectile>
		<preFiringInitialIntensity>0</preFiringInitialIntensity>
        <preFiringFinalIntensity>20</preFiringFinalIntensity>		
        <postFiringInitialIntensity>20</postFiringInitialIntensity>
        <postFiringFinalIntensity>0</postFiringFinalIntensity>
        <preFiringDuration>10</preFiringDuration>
        <postFiringDuration>83</postFiringDuration>
        <StartFireChance>0.000</StartFireChance>
    </ThingDef>

    <TorannMagic.TMAbilityDef ParentName="BaseMagicAbility">
        <defName>TM_FrostRay</defName>
        <label>Frost Ray</label>
        <uiIconPath>Spells/FrostRay</uiIconPath>
		<description>Rapidly extending ray of super cooled particles that damages and freezes targets.
		
Recharge time: 15s
Range: 28
Shots: 1</description>
        <manaCost>0.20</manaCost>
		<efficiencyReductionPercent>.08</efficiencyReductionPercent>
		<learnChance>.4</learnChance>
		<canCopy>true</canCopy>
		<MainVerb Class="AbilityUser.VerbProperties_Ability">
            <verbClass>AbilityUser.Verb_UseAbility_TrueBurst</verbClass>
            <tooltipShowProjectileDamage>true</tooltipShowProjectileDamage>
            <tooltipShowExtraDamages>false</tooltipShowExtraDamages>
            <tooltipShowHediffsToApply>false</tooltipShowHediffsToApply>
            <tooltipShowMentalStatesToApply>false</tooltipShowMentalStatesToApply>
            <hasStandardCommand>true</hasStandardCommand>
            <defaultProjectile>Laser_FrostRay</defaultProjectile>
            <abilityDef>TM_FrostRay</abilityDef>
            <warmupTime>1.5</warmupTime>
            <SecondsToRecharge>15.0</SecondsToRecharge>
            <range>28</range>
            <burstShotCount>1</burstShotCount>
            <ticksBetweenBurstShots>3</ticksBetweenBurstShots>
            <isPrimary>true</isPrimary>
            <soundCast>DropPod_Open</soundCast>
            <soundCastTail>GunTail_Medium</soundCastTail>
            <muzzleFlashScale>2</muzzleFlashScale>
            <AlwaysHits>true</AlwaysHits>
			<targetParams>
                <canTargetPawns>true</canTargetPawns>
                <canTargetBuildings>true</canTargetBuildings>
                <canTargetSelf>false</canTargetSelf>
                <canTargetLocations>false</canTargetLocations>
            </targetParams>				
        </MainVerb>
    </TorannMagic.TMAbilityDef>
	
	<TorannMagic.TMAbilityDef ParentName="BaseMagicAbility">
        <defName>TM_FrostRay_I</defName>
        <label>Frost Ray</label>
        <uiIconPath>Spells/FrostRay</uiIconPath>
		<description>Rapidly extending ray of super cooled particles that damages and freezes targets.
		
Recharge time: 12s
Range: 30
Shots: 1</description>
        <manaCost>0.20</manaCost>
		<efficiencyReductionPercent>.08</efficiencyReductionPercent>
		<shouldInitialize>false</shouldInitialize>
		<MainVerb Class="AbilityUser.VerbProperties_Ability">
            <verbClass>AbilityUser.Verb_UseAbility_TrueBurst</verbClass>
            <tooltipShowProjectileDamage>true</tooltipShowProjectileDamage>
            <tooltipShowExtraDamages>false</tooltipShowExtraDamages>
            <tooltipShowHediffsToApply>false</tooltipShowHediffsToApply>
            <tooltipShowMentalStatesToApply>false</tooltipShowMentalStatesToApply>
            <hasStandardCommand>true</hasStandardCommand>
            <defaultProjectile>Laser_FrostRay</defaultProjectile>
            <abilityDef>TM_FrostRay_I</abilityDef>
            <warmupTime>1.5</warmupTime>
            <SecondsToRecharge>12.0</SecondsToRecharge>
            <range>30</range>
            <burstShotCount>1</burstShotCount>
            <ticksBetweenBurstShots>3</ticksBetweenBurstShots>
            <isPrimary>true</isPrimary>
            <soundCast>DropPod_Open</soundCast>
            <soundCastTail>GunTail_Medium</soundCastTail>
            <muzzleFlashScale>3</muzzleFlashScale>
            <AlwaysHits>true</AlwaysHits>
			<targetParams>
                <canTargetPawns>true</canTargetPawns>
                <canTargetBuildings>true</canTargetBuildings>
                <canTargetSelf>false</canTargetSelf>
                <canTargetLocations>false</canTargetLocations>
            </targetParams>				
        </MainVerb>
    </TorannMagic.TMAbilityDef>
	
	<TorannMagic.TMAbilityDef ParentName="BaseMagicAbility">
        <defName>TM_FrostRay_II</defName>
        <label>Frost Ray</label>
        <uiIconPath>Spells/FrostRay</uiIconPath>
		<description>Rapidly extending ray of super cooled particles that damages and freezes targets.
		
Recharge time: 10s
Range: 32
Shots: 2</description>
        <manaCost>0.29</manaCost>
		<efficiencyReductionPercent>.08</efficiencyReductionPercent>
		<shouldInitialize>false</shouldInitialize>
		<MainVerb Class="AbilityUser.VerbProperties_Ability">
            <verbClass>AbilityUser.Verb_UseAbility_TrueBurst</verbClass>
            <tooltipShowProjectileDamage>true</tooltipShowProjectileDamage>
            <tooltipShowExtraDamages>false</tooltipShowExtraDamages>
            <tooltipShowHediffsToApply>false</tooltipShowHediffsToApply>
            <tooltipShowMentalStatesToApply>false</tooltipShowMentalStatesToApply>
            <hasStandardCommand>true</hasStandardCommand>
            <defaultProjectile>Laser_FrostRay</defaultProjectile>
            <abilityDef>TM_FrostRay_II</abilityDef>
            <warmupTime>1.8</warmupTime>
            <SecondsToRecharge>10.0</SecondsToRecharge>
            <range>32</range>
            <burstShotCount>2</burstShotCount>
            <ticksBetweenBurstShots>5</ticksBetweenBurstShots>
            <isPrimary>true</isPrimary>
            <soundCast>DropPod_Open</soundCast>
            <soundCastTail>GunTail_Medium</soundCastTail>
            <muzzleFlashScale>4</muzzleFlashScale>
            <AlwaysHits>true</AlwaysHits>
			<targetParams>
                <canTargetPawns>true</canTargetPawns>
                <canTargetBuildings>true</canTargetBuildings>
                <canTargetSelf>false</canTargetSelf>
                <canTargetLocations>false</canTargetLocations>
            </targetParams>				
        </MainVerb>
    </TorannMagic.TMAbilityDef>
	
	<TorannMagic.TMAbilityDef ParentName="BaseMagicAbility">
        <defName>TM_FrostRay_III</defName>
        <label>Frost Ray</label>
        <uiIconPath>Spells/FrostRay</uiIconPath>
		<description>Rapidly extending ray of super cooled particles that damages and freezes targets.
		
Recharge time: 10s
Range: 34
Shots: 3</description>
        <manaCost>0.34</manaCost>
		<efficiencyReductionPercent>.08</efficiencyReductionPercent>
		<shouldInitialize>false</shouldInitialize>
		<MainVerb Class="AbilityUser.VerbProperties_Ability">
            <verbClass>AbilityUser.Verb_UseAbility_TrueBurst</verbClass>
            <tooltipShowProjectileDamage>true</tooltipShowProjectileDamage>
            <tooltipShowExtraDamages>false</tooltipShowExtraDamages>
            <tooltipShowHediffsToApply>false</tooltipShowHediffsToApply>
            <tooltipShowMentalStatesToApply>false</tooltipShowMentalStatesToApply>
            <hasStandardCommand>true</hasStandardCommand>
            <defaultProjectile>Laser_FrostRay</defaultProjectile>
            <abilityDef>TM_FrostRay_III</abilityDef>
            <warmupTime>2.0</warmupTime>
            <SecondsToRecharge>10.0</SecondsToRecharge>
            <range>34</range>
            <burstShotCount>3</burstShotCount>
            <ticksBetweenBurstShots>5</ticksBetweenBurstShots>
            <isPrimary>true</isPrimary>
            <soundCast>DropPod_Open</soundCast>
            <soundCastTail>GunTail_Medium</soundCastTail>
            <muzzleFlashScale>5</muzzleFlashScale>
            <AlwaysHits>true</AlwaysHits>
			<targetParams>
                <canTargetPawns>true</canTargetPawns>
                <canTargetBuildings>true</canTargetBuildings>
                <canTargetSelf>false</canTargetSelf>
                <canTargetLocations>false</canTargetLocations>
            </targetParams>				
        </MainVerb>
    </TorannMagic.TMAbilityDef>

    <!-- FrostRay end-->
	
	<!-- Snowball-->	
    <ThingDef ParentName="BaseBullet" Class="AbilityUser.ProjectileDef_Ability">
		<thingClass>TorannMagic.Projectile_Snowball</thingClass>
	    <defName>Projectile_Snowball</defName>
        <label>Snowball</label>
        <graphicData>
			<texPath>Spells/Snowball</texPath>
			<graphicClass>Graphic_Single</graphicClass>
			<shaderType>TransparentPostLight</shaderType>
        </graphicData>
        <projectile>
			<soundExplode>Explosion_Smoke</soundExplode>
            <damageDef>Snowball</damageDef>
            <damageAmountBase>7</damageAmountBase>
            <speed>35</speed>
			<explosionRadius>4</explosionRadius>
			<postExplosionSpawnChance>1</postExplosionSpawnChance>
        </projectile>
    </ThingDef>

    <TorannMagic.TMAbilityDef ParentName="BaseMagicAbility">
        <defName>TM_Snowball</defName>
        <label>Snowball</label>
        <uiIconPath>Spells/Snowball</uiIconPath>
        <description>Launch a massive ball of ice and snow that damages and freezes a large area upon impact.</description>
        <manaCost>0.35</manaCost>
		<efficiencyReductionPercent>.08</efficiencyReductionPercent>
		<learnChance>.3</learnChance>
		<canCopy>true</canCopy>
		<MainVerb Class="AbilityUser.VerbProperties_Ability">
            <verbClass>AbilityUser.Verb_UseAbility</verbClass>
				<tooltipShowProjectileDamage>true</tooltipShowProjectileDamage>
				<tooltipShowExtraDamages>false</tooltipShowExtraDamages>
				<tooltipShowHediffsToApply>false</tooltipShowHediffsToApply>
				<tooltipShowMentalStatesToApply>false</tooltipShowMentalStatesToApply>
            <hasStandardCommand>true</hasStandardCommand>
            <defaultProjectile>Projectile_Snowball</defaultProjectile>
            <abilityDef>TM_Snowball</abilityDef>
            <warmupTime>1.5</warmupTime>
            <SecondsToRecharge>20.0</SecondsToRecharge>
            <range>55</range>
            <burstShotCount>1</burstShotCount>
			<forcedMissRadius>12.4</forcedMissRadius>
            <soundCast>TM_Launch</soundCast>
			<soundCastTail>GunTail_Medium</soundCastTail>
            <muzzleFlashScale>20</muzzleFlashScale>
		    <AlwaysHits>false</AlwaysHits>
            <isPrimary>false</isPrimary>
			<targetParams>
                <canTargetPawns>true</canTargetPawns>
                <canTargetBuildings>true</canTargetBuildings>
                <canTargetSelf>true</canTargetSelf>
                <canTargetLocations>true</canTargetLocations>
            </targetParams>
        </MainVerb>
    </TorannMagic.TMAbilityDef>

    <!-- snowball end-->
	
	<!-- Icebolt -->
	
  <ThingDef Class="AbilityUser.ProjectileDef_Ability" ParentName="BaseBullet">
    <defName>Projectile_Icebolt</defName>
	<thingClass>TorannMagic.Projectile_Icebolt</thingClass>
    <label>Icebolt</label>
	<graphicData>
      <texPath>Spells/Icebolt</texPath>
      <graphicClass>Graphic_Single</graphicClass>
    </graphicData>
    <projectile>
	  <soundExplode>TrapSpring</soundExplode>
	  <flyOverhead>false</flyOverhead>
      <damageDef>Iceshard</damageDef>
      <damageAmountBase>18</damageAmountBase>
      <speed>60</speed>
    </projectile>
  </ThingDef>
  
 <TorannMagic.TMAbilityDef ParentName="BaseMagicAbility">
    <defName>TM_Icebolt</defName>
    <label>Icebolt</label>
    <description>Launches a bolt of ice specially created to shatter into glass-like shards upon impact, causing damage and severe bleeding.</description>
	<uiIconPath>Spells/Icebolt</uiIconPath>
    <manaCost>0.20</manaCost>
	<efficiencyReductionPercent>.08</efficiencyReductionPercent>
		<learnChance>.5</learnChance>
		<canCopy>true</canCopy>
	<MainVerb Class="AbilityUser.VerbProperties_Ability">
        <verbClass>AbilityUser.Verb_UseAbility</verbClass>
			<tooltipShowProjectileDamage>true</tooltipShowProjectileDamage>
			<tooltipShowExtraDamages>true</tooltipShowExtraDamages>
			<tooltipShowHediffsToApply>true</tooltipShowHediffsToApply>
			<tooltipShowMentalStatesToApply>false</tooltipShowMentalStatesToApply>
        <hasStandardCommand>true</hasStandardCommand>
        <defaultProjectile>Projectile_Icebolt</defaultProjectile>
		<abilityDef>TM_Icebolt</abilityDef>
        <warmupTime>1</warmupTime>
        <SecondsToRecharge>12</SecondsToRecharge>
        <range>42</range>
        <soundCast>Shot_ChargeRifle</soundCast>
        <muzzleFlashScale>20</muzzleFlashScale>
        <isPrimary>false</isPrimary>
		<isViolent>true</isViolent>
		<burstShotCount>1</burstShotCount>
		<forcedMissRadius>1.5</forcedMissRadius>
		<targetParams>
			<canTargetPawns>true</canTargetPawns>
			<canTargetBuildings>false</canTargetBuildings>
			<canTargetSelf>false</canTargetSelf>
			<canTargetLocations>false</canTargetLocations>
		</targetParams>
		<extraDamages>
		  <li>
		    <damage>3</damage>
			<damageDef>Iceshard</damageDef>
			<chance>0.6</chance>
		  </li>
		</extraDamages>
    </MainVerb>

  </TorannMagic.TMAbilityDef>
	
	<!-- Icebolt end -->
		
			    <!-- Rainmaker Start -->
    <ThingDef ParentName="BaseBullet" Class="AbilityUser.ProjectileDef_AbilityLaser">
        <thingClass>AbilityUser.FlyingObject</thingClass>
		<defName>Projectile_Rainmaker</defName>
        <label>Rainmaker</label>
        <graphicData>
			<texPath>Spells/invis</texPath>
			<graphicClass>Graphic_Single</graphicClass>
			<shaderType>TransparentPostLight</shaderType>
        </graphicData>
        <projectile>
            <flyOverhead>true</flyOverhead>
            <damageDef>Bullet</damageDef>
            <damageAmountBase>0</damageAmountBase>
            <speed>120</speed>
        </projectile>
        <preFiringInitialIntensity>0</preFiringInitialIntensity>
        <preFiringFinalIntensity>20</preFiringFinalIntensity>
        <postFiringInitialIntensity>20</postFiringInitialIntensity>
        <postFiringFinalIntensity>0</postFiringFinalIntensity>
        <preFiringDuration>10</preFiringDuration>
        <postFiringDuration>83</postFiringDuration>
    </ThingDef>

 <TorannMagic.TMAbilityDef ParentName="BaseMagicAbility">
        <defName>TM_Rainmaker</defName>
        <label>Rainmaker</label>
        <uiIconPath>UI/rain</uiIconPath>
        <description>Alters the conditions in the atmosphere causing it to rain. If it's already raining, this ability will stop the rain.</description>
        <manaCost>0.20</manaCost>
		<efficiencyReductionPercent>.15</efficiencyReductionPercent>
		<learnItem>SpellOf_Rain</learnItem>
		<learnChance>.7</learnChance>
		<canCopy>true</canCopy>
		<MainVerb Class="AbilityUser.VerbProperties_Ability">
            <verbClass>TorannMagic.Verb_Rainmaker</verbClass>
            <hasStandardCommand>true</hasStandardCommand>
            <defaultProjectile>Projectile_Rainmaker</defaultProjectile>
            <abilityDef>TM_Rainmaker</abilityDef>
            <AbilityTargetCategory>TargetSelf</AbilityTargetCategory>
            <targetParams>
			  <canTargetPawns>true</canTargetPawns>
			  <canTargetBuildings>false</canTargetBuildings>
			  <canTargetSelf>true</canTargetSelf>
			  <canTargetLocations>false</canTargetLocations>
			</targetParams>
            <warmupTime>5</warmupTime>
            <SecondsToRecharge>120</SecondsToRecharge>
            <range>0</range>
			<isViolent>false</isViolent>
            <burstShotCount>1</burstShotCount>
            <ticksBetweenBurstShots>1</ticksBetweenBurstShots>
            <soundCast>Message_PositiveEvent</soundCast>
            <muzzleFlashScale>20</muzzleFlashScale>
            <isPrimary>false</isPrimary>
        </MainVerb>
    </TorannMagic.TMAbilityDef>
    <!-- Rainmaker End-->
	
	
	<!-- Blizzard -->	
    <ThingDef ParentName="BaseBullet" Class="AbilityUser.ProjectileDef_Ability">
	    <thingClass>TorannMagic.Projectile_Blizzard</thingClass>
        <defName>Projectile_Blizzard</defName>
        <label>Blizzard</label>
        <graphicData>
			<texPath>Spells/invis</texPath>
			<graphicClass>Graphic_Single</graphicClass>
			<shaderType>TransparentPostLight</shaderType>
        </graphicData>
        <projectile>
			<flyOverhead>true</flyOverhead>
			<soundExplode>Explosion_Flame</soundExplode>
            <damageDef>Bullet</damageDef>
            <damageAmountBase>16</damageAmountBase>
			<explosionRadius>10</explosionRadius>
            <speed>9999</speed>
			<postExplosionSpawnChance>1</postExplosionSpawnChance>
        </projectile>
    </ThingDef>

    <TorannMagic.TMAbilityDef ParentName="BaseMagicAbility">
        <defName>TM_Blizzard</defName>
        <label>Blizzard</label>
        <uiIconPath>UI/blizzard</uiIconPath>
        <description>Calls forth a deadly blizzard to bury your enemies in ice.</description>
        <manaCost>0.70</manaCost>
		<efficiencyReductionPercent>.05</efficiencyReductionPercent>
		<learnItem>SpellOf_Blizzard</learnItem>
		<learnChance>.08</learnChance>
		<MainVerb Class="AbilityUser.VerbProperties_Ability">
            <verbClass>AbilityUser.Verb_UseAbility</verbClass>
            <tooltipShowProjectileDamage>true</tooltipShowProjectileDamage>
            <tooltipShowExtraDamages>false</tooltipShowExtraDamages>
            <tooltipShowHediffsToApply>false</tooltipShowHediffsToApply>
            <tooltipShowMentalStatesToApply>false</tooltipShowMentalStatesToApply>
            <hasStandardCommand>true</hasStandardCommand>
            <defaultProjectile>Projectile_Blizzard</defaultProjectile>
            <abilityDef>TM_Blizzard</abilityDef>
            <warmupTime>2.0</warmupTime>
            <SecondsToRecharge>120.0</SecondsToRecharge>
            <range>80</range>
            <forcedMissRadius>50</forcedMissRadius>
            <burstShotCount>1</burstShotCount>
            <ticksBetweenBurstShots>15</ticksBetweenBurstShots>
            <isPrimary>true</isPrimary>
            <soundCast>DropPod_Leaving</soundCast>
            <soundCastTail>GunTail_Medium</soundCastTail>
            <muzzleFlashScale>100</muzzleFlashScale>
            <AlwaysHits>true</AlwaysHits>
			<targetParams>
                <canTargetPawns>true</canTargetPawns>
                <canTargetBuildings>true</canTargetBuildings>
                <canTargetSelf>true</canTargetSelf>
                <canTargetLocations>true</canTargetLocations>
            </targetParams>
        </MainVerb>
    </TorannMagic.TMAbilityDef>

    <!-- blizzard end-->



</Defs>
