<?xml version="1.0" encoding="utf-8" ?>

<Defs>
	
	<!-- poison  -->	
    <ThingDef ParentName="BaseBullet" Class="AbilityUser.ProjectileDef_Ability">
		<thingClass>TorannMagic.Projectile_Poison</thingClass>
	    <defName>Projectile_Poison</defName>
        <label>poison</label>
        <graphicData>
			<texPath>Spells/invis</texPath>
			<graphicClass>Graphic_Single</graphicClass>
			<shaderType>TransparentPostLight</shaderType>
        </graphicData>
        <projectile>
			<flyOverhead>true</flyOverhead>
            <damageDef>TM_Poison</damageDef>
            <damageAmountBase>0</damageAmountBase>
            <speed>999</speed>
        </projectile>
    </ThingDef>

    <TorannMagic.TMAbilityDef ParentName="BaseMagicAbility">
        <defName>TM_Poison</defName>
        <label>Poison</label>
        <uiIconPath>UI/poison</uiIconPath>
        <description>Fast acting toxin that works its way into the targets bloodstream. The more a target moves, the more lethal the poison becomes. Poison is ineffective against mechanoids.</description>
        <manaCost>0.15</manaCost>
		<efficiencyReductionPercent>.10</efficiencyReductionPercent>
		<learnChance>.6</learnChance>
		<canCopy>true</canCopy>
		<MainVerb Class="AbilityUser.VerbProperties_Ability">
            <verbClass>TorannMagic.Verb_SB</verbClass>
				<tooltipShowProjectileDamage>true</tooltipShowProjectileDamage>
				<tooltipShowExtraDamages>false</tooltipShowExtraDamages>
				<tooltipShowHediffsToApply>false</tooltipShowHediffsToApply>
				<tooltipShowMentalStatesToApply>false</tooltipShowMentalStatesToApply>
            <hasStandardCommand>true</hasStandardCommand>
            <defaultProjectile>Projectile_Poison</defaultProjectile>
            <abilityDef>TM_Poison</abilityDef>
            <warmupTime>1</warmupTime>
            <SecondsToRecharge>20</SecondsToRecharge>
            <range>40</range>
            <burstShotCount>1</burstShotCount>
            <soundCast>ThrowMolotovCocktail</soundCast>
			<soundCastTail>GunTail_Medium</soundCastTail>
            <muzzleFlashScale>4</muzzleFlashScale>
		    <AlwaysHits>true</AlwaysHits>
            <isPrimary>true</isPrimary>
			<isViolent>true</isViolent>
			<targetParams>
                <canTargetPawns>true</canTargetPawns>
                <canTargetBuildings>false</canTargetBuildings>
                <canTargetSelf>false</canTargetSelf>
                <canTargetLocations>false</canTargetLocations>
            </targetParams>
        </MainVerb>
    </TorannMagic.TMAbilityDef>

    <!-- poison end-->
	
		<!-- soothe animal  -->	
    <ThingDef ParentName="BaseBullet" Class="AbilityUser.ProjectileDef_Ability">
		<thingClass>AbilityUser.Projectile_AbilityBase</thingClass>
	    <defName>Projectile_SootheAnimal</defName>
        <label>beguile animal</label>
        <graphicData>
			<texPath>Spells/invis</texPath>
			<graphicClass>Graphic_Single</graphicClass>
			<shaderType>TransparentPostLight</shaderType>
        </graphicData>
        <projectile>
			<flyOverhead>true</flyOverhead>
            <damageDef>TM_Poison</damageDef>
            <damageAmountBase>0</damageAmountBase>
            <speed>999</speed>
        </projectile>
    </ThingDef>

    <TorannMagic.TMAbilityDef ParentName="BaseMagicAbility">
        <defName>TM_SootheAnimal</defName>
        <label>Beguile Animal</label>
        <uiIconPath>UI/beguile_animal</uiIconPath>
        <description>Using mastery over nature, the druid can overwhelm the emotional state of animals. This ability is dual purposed - if the animal is in a calm state, it will incite the beast into a manhunter rage; if the animal is already enraged, it will pacify the beast. Will not work on animals that belong to a faction.
		
Range: 65
Recharge: 80s
Max Targets: 3
AoE Size: 5</description>
        <manaCost>0.40</manaCost>
		<efficiencyReductionPercent>.1</efficiencyReductionPercent>
		<learnChance>.5</learnChance>
		<canCopy>true</canCopy>
		<MainVerb Class="AbilityUser.VerbProperties_Ability">
            <verbClass>TorannMagic.Verb_SootheAnimal</verbClass>
				<tooltipShowProjectileDamage>true</tooltipShowProjectileDamage>
				<tooltipShowExtraDamages>false</tooltipShowExtraDamages>
				<tooltipShowHediffsToApply>false</tooltipShowHediffsToApply>
				<tooltipShowMentalStatesToApply>false</tooltipShowMentalStatesToApply>
            <hasStandardCommand>true</hasStandardCommand>
			<requiresLineOfSight>false</requiresLineOfSight>
            <defaultProjectile>Projectile_SootheAnimal</defaultProjectile>
            <abilityDef>TM_SootheAnimal</abilityDef>
            <warmupTime>3</warmupTime>
            <SecondsToRecharge>80</SecondsToRecharge>
            <range>65</range>
            <burstShotCount>1</burstShotCount>
            <soundCast>ThrowMolotovCocktail</soundCast>
			<soundCastTail>GunTail_Medium</soundCastTail>
            <muzzleFlashScale>4</muzzleFlashScale>
		    <AlwaysHits>true</AlwaysHits>
            <isPrimary>true</isPrimary>
			<isViolent>false</isViolent>
			<AbilityTargetCategory>TargetAoE</AbilityTargetCategory>
            <TargetAoEProperties>
                <targetClass>Pawn</targetClass>
                <showRangeOnSelect>true</showRangeOnSelect>
                <friendlyFire>false</friendlyFire>
                <startsFromCaster>false</startsFromCaster>
                <maxTargets>3</maxTargets>
                <range>5</range>
            </TargetAoEProperties>
			<targetParams>
                <canTargetPawns>true</canTargetPawns>
                <canTargetBuildings>false</canTargetBuildings>
                <canTargetSelf>false</canTargetSelf>
                <canTargetLocations>true</canTargetLocations>
            </targetParams>
        </MainVerb>
    </TorannMagic.TMAbilityDef>
	
	<TorannMagic.TMAbilityDef ParentName="BaseMagicAbility">
        <defName>TM_SootheAnimal_I</defName>
        <label>Beguile Animal (I)</label>
        <uiIconPath>UI/beguile_animal</uiIconPath>
        <description>Using mastery over nature, the druid can overwhelm the emotional state of animals. This ability is dual purposed - if the animal is in a calm state, it will incite the beast into a manhunter rage; if the animal is already enraged, it will pacify the beast. Will not work on animals that belong to a faction.
		
Range: 70
Recharge: 75s
Max Targets: 4
AoE Size: 6</description>
		<manaCost>0.40</manaCost>
		<efficiencyReductionPercent>.1</efficiencyReductionPercent>
		<shouldInitialize>false</shouldInitialize>
		<MainVerb Class="AbilityUser.VerbProperties_Ability">
            <verbClass>TorannMagic.Verb_SootheAnimal</verbClass>
				<tooltipShowProjectileDamage>true</tooltipShowProjectileDamage>
				<tooltipShowExtraDamages>false</tooltipShowExtraDamages>
				<tooltipShowHediffsToApply>false</tooltipShowHediffsToApply>
				<tooltipShowMentalStatesToApply>false</tooltipShowMentalStatesToApply>
            <hasStandardCommand>true</hasStandardCommand>
			<requiresLineOfSight>false</requiresLineOfSight>
            <defaultProjectile>Projectile_SootheAnimal</defaultProjectile>
            <abilityDef>TM_SootheAnimal_I</abilityDef>
            <warmupTime>3</warmupTime>
            <SecondsToRecharge>75</SecondsToRecharge>
            <range>70</range>
            <burstShotCount>1</burstShotCount>
            <soundCast>ThrowMolotovCocktail</soundCast>
			<soundCastTail>GunTail_Medium</soundCastTail>
            <muzzleFlashScale>4</muzzleFlashScale>
		    <AlwaysHits>true</AlwaysHits>
            <isPrimary>true</isPrimary>
			<isViolent>false</isViolent>
			<AbilityTargetCategory>TargetAoE</AbilityTargetCategory>
            <TargetAoEProperties>
                <targetClass>Pawn</targetClass>
                <showRangeOnSelect>true</showRangeOnSelect>
                <friendlyFire>false</friendlyFire>
                <startsFromCaster>false</startsFromCaster>
                <maxTargets>4</maxTargets>
                <range>6</range>
            </TargetAoEProperties>
			<targetParams>
                <canTargetPawns>true</canTargetPawns>
                <canTargetBuildings>false</canTargetBuildings>
                <canTargetSelf>false</canTargetSelf>
                <canTargetLocations>true</canTargetLocations>
            </targetParams>
        </MainVerb>
    </TorannMagic.TMAbilityDef>
	
	<TorannMagic.TMAbilityDef ParentName="BaseMagicAbility">
        <defName>TM_SootheAnimal_II</defName>
        <label>Beguile Animal (II)</label>
		<uiIconPath>UI/beguile_animal</uiIconPath>
        <description>Using mastery over nature, the druid can overwhelm the emotional state of animals. This ability is dual purposed - if the animal is in a calm state, it will incite the beast into a manhunter rage; if the animal is already enraged, it will pacify the beast. Will not work on animals that belong to a faction.
		
Range: 75
Recharge: 68s
Max Targets: 5
AoE Size: 7</description>
		<manaCost>0.40</manaCost>
		<efficiencyReductionPercent>.1</efficiencyReductionPercent>
		<shouldInitialize>false</shouldInitialize>
		<MainVerb Class="AbilityUser.VerbProperties_Ability">
            <verbClass>TorannMagic.Verb_SootheAnimal</verbClass>
				<tooltipShowProjectileDamage>true</tooltipShowProjectileDamage>
				<tooltipShowExtraDamages>false</tooltipShowExtraDamages>
				<tooltipShowHediffsToApply>false</tooltipShowHediffsToApply>
				<tooltipShowMentalStatesToApply>false</tooltipShowMentalStatesToApply>
            <hasStandardCommand>true</hasStandardCommand>
			<requiresLineOfSight>false</requiresLineOfSight>
            <defaultProjectile>Projectile_SootheAnimal</defaultProjectile>
            <abilityDef>TM_SootheAnimal_II</abilityDef>
            <warmupTime>2.5</warmupTime>
            <SecondsToRecharge>68</SecondsToRecharge>
            <range>75</range>
            <burstShotCount>1</burstShotCount>
            <soundCast>ThrowMolotovCocktail</soundCast>
			<soundCastTail>GunTail_Medium</soundCastTail>
            <muzzleFlashScale>4</muzzleFlashScale>
		    <AlwaysHits>true</AlwaysHits>
            <isPrimary>true</isPrimary>
			<isViolent>false</isViolent>
			<AbilityTargetCategory>TargetAoE</AbilityTargetCategory>
            <TargetAoEProperties>
                <targetClass>Pawn</targetClass>
                <showRangeOnSelect>true</showRangeOnSelect>
                <friendlyFire>false</friendlyFire>
                <startsFromCaster>false</startsFromCaster>
                <maxTargets>5</maxTargets>
                <range>7</range>
            </TargetAoEProperties>
			<targetParams>
                <canTargetPawns>true</canTargetPawns>
                <canTargetBuildings>false</canTargetBuildings>
                <canTargetSelf>false</canTargetSelf>
                <canTargetLocations>true</canTargetLocations>
            </targetParams>
        </MainVerb>
    </TorannMagic.TMAbilityDef>
	
	<TorannMagic.TMAbilityDef ParentName="BaseMagicAbility">
        <defName>TM_SootheAnimal_III</defName>
        <label>Beguile Animal (III)</label>
        <uiIconPath>UI/beguile_animal</uiIconPath>
        <description>Using mastery over nature, the druid can overwhelm the emotional state of animals. This ability is dual purposed - if the animal is in a calm state, it will incite the beast into a manhunter rage; if the animal is already enraged, it will pacify the beast. Will not work on animals that belong to a faction.
		
Range: 80
Recharge: 60s
Max Targets: 6
AoE Size: 8</description>
		<manaCost>0.40</manaCost>
		<efficiencyReductionPercent>.1</efficiencyReductionPercent>
		<shouldInitialize>false</shouldInitialize>
		<MainVerb Class="AbilityUser.VerbProperties_Ability">
            <verbClass>TorannMagic.Verb_SootheAnimal</verbClass>
				<tooltipShowProjectileDamage>true</tooltipShowProjectileDamage>
				<tooltipShowExtraDamages>false</tooltipShowExtraDamages>
				<tooltipShowHediffsToApply>false</tooltipShowHediffsToApply>
				<tooltipShowMentalStatesToApply>false</tooltipShowMentalStatesToApply>
            <hasStandardCommand>true</hasStandardCommand>
			<requiresLineOfSight>false</requiresLineOfSight>
            <defaultProjectile>Projectile_SootheAnimal</defaultProjectile>
            <abilityDef>TM_SootheAnimal_III</abilityDef>
            <warmupTime>2</warmupTime>
            <SecondsToRecharge>60</SecondsToRecharge>
            <range>80</range>
            <burstShotCount>1</burstShotCount>
            <soundCast>ThrowMolotovCocktail</soundCast>
			<soundCastTail>GunTail_Medium</soundCastTail>
            <muzzleFlashScale>4</muzzleFlashScale>
		    <AlwaysHits>true</AlwaysHits>
            <isPrimary>true</isPrimary>
			<isViolent>false</isViolent>
			<AbilityTargetCategory>TargetAoE</AbilityTargetCategory>
            <TargetAoEProperties>
                <targetClass>Pawn</targetClass>
                <showRangeOnSelect>true</showRangeOnSelect>
                <friendlyFire>false</friendlyFire>
                <startsFromCaster>false</startsFromCaster>
                <maxTargets>6</maxTargets>
                <range>8</range>
            </TargetAoEProperties>
			<targetParams>
                <canTargetPawns>true</canTargetPawns>
                <canTargetBuildings>false</canTargetBuildings>
                <canTargetSelf>false</canTargetSelf>
                <canTargetLocations>true</canTargetLocations>
            </targetParams>
        </MainVerb>
    </TorannMagic.TMAbilityDef>

    <!-- soothe animal end-->
	
		<!-- regenerate  -->	
    <ThingDef ParentName="BaseBullet" Class="AbilityUser.ProjectileDef_Ability">
		<thingClass>AbilityUser.Projectile_AbilityBase</thingClass>
	    <defName>Projectile_Regenerate</defName>
        <label>regenerate</label>
        <graphicData>
			<texPath>Spells/invis</texPath>
			<graphicClass>Graphic_Single</graphicClass>
			<shaderType>TransparentPostLight</shaderType>
        </graphicData>
        <projectile>
			<flyOverhead>true</flyOverhead>
            <damageDef>TM_Poison</damageDef>
            <damageAmountBase>0</damageAmountBase>
            <speed>999</speed>
        </projectile>
    </ThingDef>

    <TorannMagic.TMAbilityDef ParentName="BaseMagicAbility">
        <defName>TM_Regenerate</defName>
        <label>Regenerate</label>
        <uiIconPath>UI/Regen</uiIconPath>
        <description>Regeneration acts as a natural curative over time and will restore even grievous wounds with continued application. Base regeneration restores 4 health to 1 wound every 5 seconds. Only cures physical injuries and will not restore or heal destroyed body parts.</description>
        <manaCost>0.40</manaCost>
		<efficiencyReductionPercent>.07</efficiencyReductionPercent>
		<learnChance>.3</learnChance>
		<canCopy>true</canCopy>
		<MainVerb Class="AbilityUser.VerbProperties_Ability">
            <verbClass>TorannMagic.Verb_Regenerate</verbClass>
				<tooltipShowProjectileDamage>true</tooltipShowProjectileDamage>
				<tooltipShowExtraDamages>false</tooltipShowExtraDamages>
				<tooltipShowHediffsToApply>false</tooltipShowHediffsToApply>
				<tooltipShowMentalStatesToApply>false</tooltipShowMentalStatesToApply>
            <hasStandardCommand>true</hasStandardCommand>
			<requiresLineOfSight>false</requiresLineOfSight>
            <defaultProjectile>Projectile_Regenerate</defaultProjectile>
            <abilityDef>TM_Regenerate</abilityDef>
            <warmupTime>2</warmupTime>
            <SecondsToRecharge>40</SecondsToRecharge>
            <range>30</range>
            <burstShotCount>1</burstShotCount>
            <soundCast>ThrowMolotovCocktail</soundCast>
			<soundCastTail>GunTail_Medium</soundCastTail>
            <muzzleFlashScale>4</muzzleFlashScale>
		    <AlwaysHits>true</AlwaysHits>
            <isPrimary>true</isPrimary>
			<isViolent>false</isViolent>
			<targetParams>
                <canTargetPawns>true</canTargetPawns>
                <canTargetBuildings>false</canTargetBuildings>
                <canTargetSelf>true</canTargetSelf>
                <canTargetLocations>false</canTargetLocations>
            </targetParams>
        </MainVerb>
    </TorannMagic.TMAbilityDef>

    <!-- Regenerate end-->
	
		<!-- cure disease  -->	
    <ThingDef ParentName="BaseBullet" Class="AbilityUser.ProjectileDef_Ability">
		<thingClass>AbilityUser.Projectile_AbilityBase</thingClass>
	    <defName>Projectile_CureDisease</defName>
        <label>cure disease</label>
        <graphicData>
			<texPath>Spells/poison</texPath>
			<graphicClass>Graphic_Single</graphicClass>
			<shaderType>TransparentPostLight</shaderType>
        </graphicData>
        <projectile>
			<flyOverhead>true</flyOverhead>
            <damageDef>TM_Poison</damageDef>
            <damageAmountBase>0</damageAmountBase>
            <speed>999</speed>
        </projectile>
    </ThingDef>

    <TorannMagic.TMAbilityDef ParentName="BaseMagicAbility">
        <defName>TM_CureDisease</defName>
        <label>Cure Disease</label>
        <uiIconPath>UI/curedisease</uiIconPath>
        <description>Potential to cure most diseases and infections.</description>
        <manaCost>0.35</manaCost>
		<efficiencyReductionPercent>.1</efficiencyReductionPercent>
		<learnChance>.35</learnChance>
		<canCopy>true</canCopy>
		<MainVerb Class="AbilityUser.VerbProperties_Ability">
            <verbClass>TorannMagic.Verb_CureDisease</verbClass>
				<tooltipShowProjectileDamage>true</tooltipShowProjectileDamage>
				<tooltipShowExtraDamages>false</tooltipShowExtraDamages>
				<tooltipShowHediffsToApply>false</tooltipShowHediffsToApply>
				<tooltipShowMentalStatesToApply>false</tooltipShowMentalStatesToApply>
            <hasStandardCommand>true</hasStandardCommand>
            <defaultProjectile>Projectile_CureDisease</defaultProjectile>
            <abilityDef>TM_CureDisease</abilityDef>
            <warmupTime>5</warmupTime>
            <SecondsToRecharge>30</SecondsToRecharge>
            <range>15</range>
            <burstShotCount>1</burstShotCount>
            <soundCast>ThrowMolotovCocktail</soundCast>
			<soundCastTail>GunTail_Medium</soundCastTail>
            <muzzleFlashScale>4</muzzleFlashScale>
		    <AlwaysHits>true</AlwaysHits>
            <isPrimary>true</isPrimary>
			<isViolent>false</isViolent>
			<targetParams>
                <canTargetPawns>true</canTargetPawns>
                <canTargetBuildings>false</canTargetBuildings>
                <canTargetSelf>true</canTargetSelf>
                <canTargetLocations>false</canTargetLocations>
            </targetParams>
        </MainVerb>
    </TorannMagic.TMAbilityDef>

    <!-- cure disease end-->
	
		<!-- regrow limb -->	
    <ThingDef ParentName="BaseBullet" Class="AbilityUser.ProjectileDef_Ability">
		<thingClass>AbilityUser.Projectile_AbilityBase</thingClass>
	    <defName>Projectile_RegrowLimb</defName>
        <label>regrow limb</label>
        <graphicData>
			<texPath>Spells/poison</texPath>
			<graphicClass>Graphic_Single</graphicClass>
			<shaderType>TransparentPostLight</shaderType>
        </graphicData>
        <projectile>
			<flyOverhead>true</flyOverhead>
            <damageDef>TM_Poison</damageDef>
            <damageAmountBase>0</damageAmountBase>
            <speed>999</speed>
        </projectile>
    </ThingDef>

    <TorannMagic.TMAbilityDef ParentName="BaseMagicAbility">
        <defName>TM_RegrowLimb</defName>
        <label>Regrowth</label>
        <uiIconPath>UI/regrowlimb</uiIconPath>
        <description>Creates the Seed of Life required to regrow body parts. Regrowth surgeries will only appear as an option when all components of regrowth are within resource zones: 1x Seed of Life , mana potions, and medicine, then select the body part to regrow in the patient's surgery tab.  Ensure this druid (or another with this spell) performs the surgery and the druid has 90 mana or more at the time the surgery is performed.</description>
        <manaCost>0.10</manaCost>
		<efficiencyReductionPercent>.06</efficiencyReductionPercent>
		<learnItem>SpellOf_RegrowLimb</learnItem>
		<learnChance>.05</learnChance>
		<MainVerb Class="AbilityUser.VerbProperties_Ability">
            <verbClass>TorannMagic.Verb_RegrowLimb</verbClass>
				<tooltipShowProjectileDamage>true</tooltipShowProjectileDamage>
				<tooltipShowExtraDamages>false</tooltipShowExtraDamages>
				<tooltipShowHediffsToApply>false</tooltipShowHediffsToApply>
				<tooltipShowMentalStatesToApply>false</tooltipShowMentalStatesToApply>
            <hasStandardCommand>true</hasStandardCommand>
            <defaultProjectile>Projectile_RegrowLimb</defaultProjectile>
            <abilityDef>TM_RegrowLimb</abilityDef>
            <warmupTime>1</warmupTime>
            <SecondsToRecharge>600</SecondsToRecharge>
            <range>8</range>
            <burstShotCount>1</burstShotCount>
            <soundCast>ThrowMolotovCocktail</soundCast>
			<soundCastTail>GunTail_Medium</soundCastTail>
            <muzzleFlashScale>4</muzzleFlashScale>
		    <AlwaysHits>true</AlwaysHits>
            <isPrimary>true</isPrimary>
			<isViolent>false</isViolent>
			<targetParams>
                <canTargetPawns>false</canTargetPawns>
                <canTargetBuildings>false</canTargetBuildings>
                <canTargetSelf>false</canTargetSelf>
                <canTargetLocations>true</canTargetLocations>
            </targetParams>
        </MainVerb>
    </TorannMagic.TMAbilityDef>

    <!-- Regrow limb end-->

</Defs>