﻿<?xml version="1.0" encoding="utf-8" ?>
<Defs>

  <!-- ============= Gemcutting ============= -->

  <WorkGiverDef>
    <defName>DoBillsGemcutting</defName>
    <label>do bills at gemcutting table</label>
    <giverClass>WorkGiver_DoBill</giverClass>
    <workType>Crafting</workType>
    <priorityInType>110</priorityInType>
    <fixedBillGiverDefs>
      <li>TableGemcutting</li>
    </fixedBillGiverDefs>
    <verb>craft</verb>
    <gerund>gemcutting</gerund>
    <requiredCapacities>
      <li>Manipulation</li>
    </requiredCapacities>
    <prioritizeSustains>true</prioritizeSustains>
  </WorkGiverDef>
  
    <!-- ============= Printing ============= -->
	
  <WorkGiverDef>
    <defName>DoBillsPrintingPress</defName>
    <label>do bills at printing table</label>
    <giverClass>WorkGiver_DoBill</giverClass>
    <workType>Crafting</workType>
    <priorityInType>109</priorityInType>
    <fixedBillGiverDefs>
      <li>TableMagicPrinter</li>
    </fixedBillGiverDefs>
    <verb>craft</verb>
    <gerund>printing</gerund>
    <requiredCapacities>
      <li>Manipulation</li>
    </requiredCapacities>
    <prioritizeSustains>true</prioritizeSustains>
  </WorkGiverDef>
  
      <!-- ============= Bard Entertain ============= -->
	
  <WorkGiverDef>
    <defName>DoEntertain</defName>
    <label>entertain colonist</label>
    <giverClass>TorannMagic.WorkGiver_DoEntertain</giverClass>
    <workType>Warden</workType>
    <verb>entertain</verb>
    <gerund>entertaining</gerund>
    <requiredCapacities>
      <li>Talking</li>
    </requiredCapacities>
    <prioritizeSustains>true</prioritizeSustains>
  </WorkGiverDef>
  
        <!-- ============= Commander Motivate ============= -->
	
  <WorkGiverDef>
    <defName>DoCommanderMotivate</defName>
    <label>motivating pawn</label>
    <giverClass>TorannMagic.WorkGiver_DoCommanderMotivate</giverClass>
    <workType>Warden</workType>
    <verb>motivate</verb>
    <gerund>motivating</gerund>
    <requiredCapacities>
      <li>Talking</li>
    </requiredCapacities>
    <prioritizeSustains>true</prioritizeSustains>
  </WorkGiverDef>
  
     <!-- ============= Magic Work Related ============= -->

  <WorkGiverDef>
    <defName>ChargeStructure</defName>
    <label>charge arcane object</label>
    <giverClass>TorannMagic.WorkGiver_ChargeArcaneObject</giverClass>
    <workType>TM_Magic</workType>
	<priorityInType>105</priorityInType>
    <verb>charge arcane object</verb>
    <gerund>charging arcane object</gerund>
    <requiredCapacities>
      <li>MagicManipulation</li>
    </requiredCapacities>
    <prioritizeSustains>true</prioritizeSustains>
  </WorkGiverDef>
	
  <WorkGiverDef>
    <defName>DoBillsArcaneForge</defName>
    <label>work magic</label>
    <giverClass>TorannMagic.WorkGiver_DoMagicBill</giverClass>
    <workType>TM_Magic</workType>
    <priorityInType>119</priorityInType>
    <fixedBillGiverDefs>
      <li>TableArcaneForge</li>
	  <li>TableMagicCircle</li>
    </fixedBillGiverDefs>
    <verb>work magic</verb>
    <gerund>working magic</gerund>
    <requiredCapacities>
      <li>MagicManipulation</li>
    </requiredCapacities>
    <prioritizeSustains>true</prioritizeSustains>
  </WorkGiverDef>

</Defs>