﻿<?xml version="1.0" encoding="utf-8" ?>
<Defs>

  <ToolCapacityDef>
    <defName>TM_ThrumboCleave</defName>
    <label>cleaving</label>
  </ToolCapacityDef>
  
  <ManeuverDef>
    <defName>TM_Slash</defName>
    <requiredCapacity>TM_ThrumboCleave</requiredCapacity>
    <verb>
      <verbClass>TorannMagic.Verb_MeleeCleave</verbClass>
      <meleeDamageDef>Cut</meleeDamageDef>
    </verb>
    <logEntryDef>MeleeAttack</logEntryDef>
    <combatLogRulesHit>Maneuver_Slash_MeleeHit</combatLogRulesHit>
    <combatLogRulesDeflect>Maneuver_Slash_MeleeDeflect</combatLogRulesDeflect>
    <combatLogRulesMiss>Maneuver_Slash_MeleeMiss</combatLogRulesMiss>
    <combatLogRulesDodge>Maneuver_Slash_MeleeDodge</combatLogRulesDodge>
  </ManeuverDef>
 
  
</Defs>
