<?xml version="1.0" encoding="utf-8" ?>
<Defs>

  <HediffDef Name="BaseArtifactHD" Abstract="True">
	<hediffClass>HediffWithComps</hediffClass>
    <scenarioCanAdd>false</scenarioCanAdd>
	<makesSickThought>false</makesSickThought>
	<tendable>false</tendable>
    <makesAlert>false</makesAlert>
	<minSeverity>0.001</minSeverity>
	<maxSeverity>1.0</maxSeverity>
	<isBad>false</isBad>
	<initialSeverity>.5</initialSeverity>
  </HediffDef>

    <!-- Mending -->
  
  <HediffDef ParentName="BaseArtifactHD">
    <defName>TM_ArtifactMendingHD</defName>
	<label>Mending</label>
    <defaultLabelColor>(1,1,0.8)</defaultLabelColor>
	<stages>
		<li>
			<minSeverity>.001</minSeverity>
		</li>		
	</stages>
	<comps>
      <li>
        <compClass>TorannMagic.Enchantment.HediffComp_Mending</compClass>
      </li>  
    </comps>	 
  </HediffDef>

    <!-- Health Charm -->
  
   <HediffDef ParentName="BaseArtifactHD">
    <defName>TM_ArtifactHealthHD</defName>
	<label>Improved Health</label>
    <defaultLabelColor>(0,0.8,0.4)</defaultLabelColor>
      <stages>
        <li>
			<minSeverity>.001</minSeverity>		
        </li>
	 </stages>
	<comps>
      <li>
        <compClass>TorannMagic.Enchantment.HediffComp_Health</compClass>
      </li>  
    </comps>	 
  </HediffDef>
  
      <!-- Cat Eyes -->
  
   <HediffDef ParentName="BaseArtifactHD">
    <defName>TM_ArtifactCatEyesHD</defName>
	<label>Dark Sight</label>
    <defaultLabelColor>(0,1,0)</defaultLabelColor>
      <stages>
        <li>
			<minSeverity>.001</minSeverity>
			<capMods>
			  <li>
				<capacity>Sight</capacity>
				<offset>0.25</offset>
			  </li>
			</capMods>
        </li>
	 </stages>
	<comps>
      <li>
        <compClass>TorannMagic.Enchantment.HediffComp_CatEyes</compClass>
      </li>  
    </comps>	 
  </HediffDef>
  
        <!-- Strength of Stone -->
  
   <HediffDef ParentName="BaseArtifactHD">
    <defName>TM_ArtifactStrengthHD</defName>
	<label>Strength of Stone</label>
    <defaultLabelColor>(0.5,0.5,0.5)</defaultLabelColor>
      <stages>
        <li>
			<minSeverity>.001</minSeverity>
			<capMods>
			  <li>
				<capacity>Manipulation</capacity>
				<offset>0.10</offset>
			  </li>
			</capMods>
        </li>
	 </stages>
	<comps>
      <li>
        <compClass>TorannMagic.Enchantment.HediffComp_EnchantedItem</compClass>
      </li>  
    </comps>	 
  </HediffDef>
  
          <!-- Mind Ward -->
  
   <HediffDef ParentName="BaseArtifactHD">
    <defName>TM_ArtifactMindHD</defName>
	<label>Mind Ward</label>
    <defaultLabelColor>(0.8,0.8,0.8)</defaultLabelColor>
      <stages>
        <li>
			<minSeverity>.001</minSeverity>
			<becomeVisible>false</becomeVisible>
        </li>
	 </stages>
	<comps>
      <li>
        <compClass>TorannMagic.Enchantment.HediffComp_Mind</compClass>
      </li>  
    </comps>	 
  </HediffDef>
  
    <ThoughtDef>
    <defName>MarbleMindTD</defName>
    <workerClass>ThoughtWorker_Hediff</workerClass>
    <hediff>TM_ArtifactMindHD</hediff>
    <validWhileDespawned>true</validWhileDespawned>
    <stages>
      <li>
        <label>mind ward</label>
        <description>My mind is fortified against the troubles to come.</description>
        <baseMoodEffect>5</baseMoodEffect>
      </li>
    </stages>
  </ThoughtDef>
  
            <!-- Renewal -->
  
   <HediffDef ParentName="BaseArtifactHD">
    <defName>TM_ArtifactRenewalHD</defName>
	<label>Renewal</label>
    <defaultLabelColor>(0.2,0.6,1)</defaultLabelColor>
      <stages>
        <li>
			<minSeverity>.001</minSeverity>
        </li>
	 </stages>
	<comps>
      <li>
        <compClass>TorannMagic.Enchantment.HediffComp_Rest</compClass>
      </li>  
    </comps>	 
  </HediffDef>
  
  <!-- Protection -->  

  
	<!-- Arcane Recovery -->
  
   <HediffDef ParentName="BaseArtifactHD">
    <defName>TM_ArtifactArcaneRecoveryHD</defName>
	<label>Arcane Recovery</label>
    <defaultLabelColor>(0.0,1,0.5)</defaultLabelColor>
      <stages>
        <li>
			<minSeverity>.001</minSeverity>
        </li>
	 </stages>
	<comps>
      <li>
        <compClass>TorannMagic.Enchantment.HediffComp_ArcaneRecovery</compClass>
      </li>  
    </comps>	 
  </HediffDef>
  
	<!-- Pathfinding -->
  
   <HediffDef ParentName="BaseArtifactHD">
    <defName>TM_ArtifactPathfindingHD</defName>
	<label>Pathfinding</label>
    <defaultLabelColor>(0.2,0.4,0)</defaultLabelColor>
      <stages>
        <li>
			<minSeverity>.001</minSeverity>
        </li>
	 </stages>
	<comps>
      <li>
        <compClass>TorannMagic.Enchantment.HediffComp_EnchantedItem</compClass>
      </li>  
    </comps>	 
  </HediffDef>
  
  	<!-- Defensive Bracers -->
  
   <HediffDef ParentName="BaseArtifactHD">
    <defName>TM_ArtifactBlockHD</defName>
	<label>Blocking</label>
    <defaultLabelColor>(0.63,0.63,0.63)</defaultLabelColor>
      <stages>
        <li>
			<minSeverity>.001</minSeverity>
        </li>
	 </stages>
	<comps>
      <li>
        <compClass>TorannMagic.Enchantment.HediffComp_EnchantedItem</compClass>
      </li>  
    </comps>	 
  </HediffDef>
  
   <HediffDef ParentName="BaseArtifactHD">
    <defName>TM_ArtifactDeflectHD</defName>
	<label>Deflective Blocking</label>
    <defaultLabelColor>(0.63,0.63,0.63)</defaultLabelColor>
      <stages>
        <li>
			<minSeverity>.001</minSeverity>
        </li>
	 </stages>
	<comps>
      <li>
        <compClass>TorannMagic.Enchantment.HediffComp_EnchantedItem</compClass>
      </li>  
    </comps>	 
  </HediffDef>
  
  <!-- Energy Pool Boosts -->
  
  <HediffDef ParentName="BaseArtifactHD">
    <defName>TM_Artifact_BloodBoostHD</defName>
	<label>Blood Boost</label>
	<maxSeverity>100.0</maxSeverity>
    <defaultLabelColor>(0.6,0.0,0.0)</defaultLabelColor>
      <stages>
        <li>
			<minSeverity>.001</minSeverity>
			<becomeVisible>false</becomeVisible>
        </li>
	 </stages>
	<comps>
      <li>
        <compClass>TorannMagic.Enchantment.HediffComp_BloodBoost</compClass>
      </li>  
    </comps>	 
  </HediffDef>
  
    <HediffDef ParentName="BaseArtifactHD">
    <defName>TM_Artifact_PsionicBoostHD</defName>
	<label>Psionic Boost</label>
	<maxSeverity>100.0</maxSeverity>
    <defaultLabelColor>(0,.5,1)</defaultLabelColor>
      <stages>
        <li>
			<minSeverity>.001</minSeverity>
			<becomeVisible>false</becomeVisible>
        </li>
	 </stages>
	<comps>
      <li>
        <compClass>TorannMagic.Enchantment.HediffComp_PsionicBoost</compClass>
      </li>  
    </comps>	 
  </HediffDef>
  
    <HediffDef ParentName="BaseArtifactHD">
    <defName>TM_Artifact_HateBoostHD</defName>
	<label>Hate Boost</label>
	<maxSeverity>100.0</maxSeverity>
    <defaultLabelColor>(0.6,0.0,0.0)</defaultLabelColor>
      <stages>
        <li>
			<minSeverity>.001</minSeverity>
			<becomeVisible>false</becomeVisible>
        </li>
	 </stages>
	<comps>
      <li>
        <compClass>TorannMagic.Enchantment.HediffComp_HateBoost</compClass>
      </li>  
    </comps>	 
  </HediffDef>
  
  <!-- soul orb infusion debuff -->
  
  <HediffDef >
    <defName>TM_TraitInfusionHD</defName>
	<hediffClass>HediffWithComps</hediffClass>
    <label>Trait Infusion</label>
	<defaultLabelColor>(1,0,0.5)</defaultLabelColor>
    <scenarioCanAdd>false</scenarioCanAdd>
	<makesSickThought>false</makesSickThought>
	<tendable>false</tendable>
    <makesAlert>false</makesAlert>
	<maxSeverity>1.0</maxSeverity>
	<isBad>false</isBad>
	<comps>
      <li Class="HediffCompProperties_SeverityPerDay">
        <severityPerDay>-0.25</severityPerDay>
      </li>
    </comps>
    <stages>
      <li>
		<minSeverity>.001</minSeverity>
		<becomeVisible>false</becomeVisible>
        <restFallFactor>1.1</restFallFactor>
		<hungerRateFactor>1.1</hungerRateFactor>
      </li>
    </stages>
  </HediffDef>
  
  <ThoughtDef>
    <defName>TM_TraitInfusion</defName>
    <workerClass>ThoughtWorker_Hediff</workerClass>
    <hediff>TM_TraitInfusionHD</hediff>
    <validWhileDespawned>true</validWhileDespawned>
    <stages>
      <li>
        <label>Absorbed traits</label>
        <description>These changes make me feel like a stranger to myself, it's going to take some time to rediscover who I am.</description>
        <baseMoodEffect>-8</baseMoodEffect>
      </li>
    </stages>
  </ThoughtDef>
  
</Defs>