<?xml version="1.0" encoding="utf-8" ?>
<Defs>

  <HediffDef>
    <defName>TM_HamstringHD</defName>
	<hediffClass>HediffWithComps</hediffClass>
    <defaultLabelColor>(0.8, 0.8, 1)</defaultLabelColor>
    <label>Slowed</label>
	<makesSickThought>false</makesSickThought>
    <lethalSeverity>100</lethalSeverity>
	<isBad>true</isBad>
	<comps>
      <li Class="HediffCompProperties_SeverityPerDay">
        <severityPerDay>-50</severityPerDay>
      </li>
    </comps>
    <stages>
	  <li>
        <label>I</label>
        <minSeverity>0.1</minSeverity>
        <capMods>
          <li>
            <capacity>Moving</capacity>
            <offset>-0.25</offset>
          </li>
        </capMods>
      </li>
      <li>
        <label>II</label>
        <minSeverity>15</minSeverity>
        <capMods>
          <li>
            <capacity>Moving</capacity>
            <offset>-0.4</offset>
          </li>
        </capMods>
      </li>
      <li>
        <label>III</label>
        <minSeverity>25</minSeverity>
        <capMods>
          <li>
            <capacity>Moving</capacity>
            <offset>-0.5</offset>
          </li>
        </capMods>
      </li>  	  
    </stages>
  </HediffDef>
  
</Defs>
