<?xml version="1.0" encoding="utf-8" ?>
<Defs>

  <HediffDef>
    <defName>TM_UndeadHD</defName>
	<hediffClass>HediffWithComps</hediffClass>
	<label>Undead</label>
    <defaultLabelColor>(1,0.8,0.0)</defaultLabelColor>
    <scenarioCanAdd>false</scenarioCanAdd>
	<makesSickThought>false</makesSickThought>
	<tendable>false</tendable>
    <makesAlert>false</makesAlert>
	<minSeverity>0.001</minSeverity>
	<maxSeverity>4.0</maxSeverity>
	<initialSeverity>0.95</initialSeverity>
	<isBad>false</isBad>
	<comps>
	  <li>
        <compClass>TorannMagic.HediffComp_Undead</compClass>
      </li>
      <li Class="HediffCompProperties_SeverityPerDay">
        <severityPerDay>0.0</severityPerDay>
      </li>	  
    </comps>
	<stages>
      <li>
        <label>I</label>
        <minSeverity>0.001</minSeverity>
		<capMods>
		  <li>
            <capacity>Talking</capacity>
            <setMax>0</setMax>
          </li>
          <li>
            <capacity>Hearing</capacity>
            <setMax>0</setMax>
          </li>
        </capMods>
      </li>
      <li>
        <label>II</label>
        <minSeverity>1</minSeverity>	
        <capMods>
          <li>
            <capacity>Moving</capacity>
            <offset>0.10</offset>
		  </li>
	      <li>
            <capacity>Manipulation</capacity>
            <offset>0.10</offset>
          </li>
		  <li>
            <capacity>Talking</capacity>
            <setMax>0</setMax>
          </li>
          <li>
            <capacity>Hearing</capacity>
            <setMax>0</setMax>
          </li>
        </capMods>
		<statOffsets>
			<WorkSpeedGlobal>0.10</WorkSpeedGlobal>
	    </statOffsets>
      </li>
	  <li>
        <label>III</label>
        <minSeverity>2</minSeverity>	
        <capMods>
          <li>
            <capacity>Moving</capacity>
            <offset>0.15</offset>
		  </li>
	      <li>
            <capacity>Manipulation</capacity>
            <offset>0.15</offset>
          </li>
		  <li>
            <capacity>Talking</capacity>
            <setMax>0</setMax>
          </li>
          <li>
            <capacity>Hearing</capacity>
            <setMax>0</setMax>
          </li>
        </capMods>
		<statOffsets>
			<WorkSpeedGlobal>0.15</WorkSpeedGlobal>
	    </statOffsets>
      </li>
	  <li>
        <label>IV</label>
        <minSeverity>3</minSeverity>	
        <capMods>
          <li>
            <capacity>Moving</capacity>
            <offset>0.20</offset>
		  </li>
	      <li>
            <capacity>Manipulation</capacity>
            <offset>0.20</offset>
          </li>
		  <li>
            <capacity>Talking</capacity>
            <setMax>0</setMax>
          </li>
          <li>
            <capacity>Hearing</capacity>
            <setMax>0</setMax>
          </li>
        </capMods>
		<statOffsets>
			<WorkSpeedGlobal>0.20</WorkSpeedGlobal>
	    </statOffsets>
      </li>
	  </stages>
  </HediffDef>
  
  <HediffDef>
    <defName>TM_LichHD</defName>
	<hediffClass>HediffWithComps</hediffClass>
	<label>Lich</label>
    <defaultLabelColor>(.8,0,0.8)</defaultLabelColor>
    <scenarioCanAdd>false</scenarioCanAdd>
	<makesSickThought>false</makesSickThought>
	<tendable>false</tendable>
    <makesAlert>false</makesAlert>
	<minSeverity>0.001</minSeverity>
	<maxSeverity>4.0</maxSeverity>
	<initialSeverity>0.95</initialSeverity>
	<isBad>false</isBad>
	<comps>
	  <li>
        <compClass>TorannMagic.HediffComp_Lich</compClass>
      </li>
      <li Class="HediffCompProperties_SeverityPerDay">
        <severityPerDay>0.0</severityPerDay>
      </li>	  
    </comps>
	<stages>
      <li>
        <label>Undead</label>
        <minSeverity>0.001</minSeverity>
      </li>      
	</stages>
  </HediffDef>
  
  <HediffDef>
    <defName>TM_UndeadAnimalHD</defName>
	<hediffClass>HediffWithComps</hediffClass>
	<label>Undead</label>
    <defaultLabelColor>(1,0.8,0.0)</defaultLabelColor>
    <scenarioCanAdd>false</scenarioCanAdd>
	<makesSickThought>false</makesSickThought>
	<tendable>false</tendable>
    <makesAlert>false</makesAlert>
	<minSeverity>0.001</minSeverity>
	<maxSeverity>4.0</maxSeverity>
	<initialSeverity>0.95</initialSeverity>
	<isBad>false</isBad>
	<comps>
	  <li>
        <compClass>TorannMagic.HediffComp_Undead</compClass>
      </li>
      <li Class="HediffCompProperties_SeverityPerDay">
        <severityPerDay>0.0</severityPerDay>
      </li>	  
    </comps>
	<stages>
      <li>
        <label>I</label>
        <minSeverity>0.001</minSeverity>
		<capMods>
          <li>
            <capacity>Moving</capacity>
            <offset>-0.40</offset>
		  </li>
	      <li>
            <capacity>Manipulation</capacity>
            <offset>-0.40</offset>
          </li>
		  <li>
		    <capacity>Sight</capacity>
			<offset>-0.20</offset>
		  </li>
        </capMods>
      </li>
      <li>
        <label>II</label>
        <minSeverity>1</minSeverity>	
        <capMods>
          <li>
            <capacity>Moving</capacity>
            <offset>-0.35</offset>
		  </li>
	      <li>
            <capacity>Manipulation</capacity>
            <offset>-0.35</offset>
          </li>
		  <li>
		    <capacity>Sight</capacity>
			<offset>-0.15</offset>
		  </li>
        </capMods>
      </li>
	  <li>
        <label>III</label>
        <minSeverity>2</minSeverity>	
        <capMods>
          <li>
            <capacity>Moving</capacity>
            <offset>-0.30</offset>
		  </li>
	      <li>
            <capacity>Manipulation</capacity>
            <offset>-0.30</offset>
          </li>
		  <li>
		    <capacity>Sight</capacity>
			<offset>-0.10</offset>
		  </li>
        </capMods>
      </li>
	  <li>
        <label>IV</label>
        <minSeverity>3</minSeverity>	
        <capMods>
          <li>
            <capacity>Moving</capacity>
            <offset>-0.25</offset>
		  </li>
	      <li>
            <capacity>Manipulation</capacity>
            <offset>-0.25</offset>
          </li>
		  <li>
		    <capacity>Sight</capacity>
			<offset>-0.05</offset>
		  </li>
        </capMods>
      </li>
	  </stages>
  </HediffDef>
  
  <HediffDef>
    <defName>TM_DeathMarkHD</defName>
	<hediffClass>HediffWithComps</hediffClass>
	<label>Death Mark</label>
    <defaultLabelColor>(1,0.8,0.2)</defaultLabelColor>
    <scenarioCanAdd>false</scenarioCanAdd>
	<makesSickThought>true</makesSickThought>
	<tendable>false</tendable>
    <makesAlert>false</makesAlert>
	<minSeverity>0.001</minSeverity>
	<maxSeverity>15.0</maxSeverity>
	<initialSeverity>15</initialSeverity>
	<isBad>true</isBad>
	<comps>
	  <li>
        <compClass>TorannMagic.HediffComp_DeathMark</compClass>
      </li>
      <li Class="HediffCompProperties_SeverityPerDay">
        <severityPerDay>0.0</severityPerDay>
      </li>	  
    </comps>	
  </HediffDef>
  
  <HediffDef ParentName="CombatBuffBase">
    <defName>TM_DeathMarkCurse</defName>
	<hediffClass>HediffWithComps</hediffClass>
	<label>Death Mark</label>
    <defaultLabelColor>(1,0.8,0.2)</defaultLabelColor>
    <scenarioCanAdd>false</scenarioCanAdd>
	<makesSickThought>true</makesSickThought>
	<tendable>false</tendable>
    <makesAlert>false</makesAlert>
	<minSeverity>0.001</minSeverity>
	<maxSeverity>10.0</maxSeverity>
	<initialSeverity>2</initialSeverity>
	<isBad>true</isBad>
	<comps>
      <li Class="HediffCompProperties_SeverityPerDay">
        <severityPerDay>-48</severityPerDay>
      </li>	  
    </comps>	
	<stages>
	  <li>
        <label>clumsy</label>
        <minSeverity>0.1</minSeverity>
        <capMods>
		  <li>
            <capacity>Manipulation</capacity>
            <offset>-0.1</offset>
          </li>
          <li>
            <capacity>Sight</capacity>
            <offset>-0.2</offset>
          </li>
        </capMods>
		<statOffsets>
		  <MeleeDodgeChance>-10</MeleeDodgeChance>
		  <AimingDelayFactor>0.50</AimingDelayFactor>
	    </statOffsets>
      </li>
      <li>
        <label>fumbling</label>
        <minSeverity>3</minSeverity>
        <capMods>
		  <li>
            <capacity>Manipulation</capacity>
            <offset>-0.2</offset>
          </li>
          <li>
            <capacity>Sight</capacity>
            <offset>-0.3</offset>
          </li>
        </capMods>
		<statOffsets>
		  <MeleeDodgeChance>-15</MeleeDodgeChance>
		  <AimingDelayFactor>0.90</AimingDelayFactor>
	    </statOffsets>
      </li>
      <li>
        <label>cursed</label>
        <minSeverity>6</minSeverity>
        <capMods>
		  <li>
            <capacity>Manipulation</capacity>
            <offset>-0.3</offset>
          </li>
          <li>
            <capacity>Sight</capacity>
            <offset>-0.3</offset>
          </li>
        </capMods>
		<statOffsets>
		  <MeleeDodgeChance>-20</MeleeDodgeChance>
		  <AimingDelayFactor>1.20</AimingDelayFactor>
	    </statOffsets>
      </li>  	  
    </stages>
  </HediffDef>
  
    <HediffDef ParentName="TM_InjuryBase">
    <defName>TM_TormentHD</defName>
	<label>Torment</label>
    <defaultLabelColor>(0.1,0.1,0.1)</defaultLabelColor>
	<displayWound>false</displayWound>
	<makesSickThought>false</makesSickThought>
	<tendable>true</tendable>
	<comps>
		<li Class="HediffCompProperties_TendDuration">
        <labelTendedWell>bandaged</labelTendedWell>
        <labelTendedWellInner>sutured</labelTendedWellInner>
        <labelSolidTendedWell>set</labelSolidTendedWell>
      </li>
	  <li Class="HediffCompProperties_GetsPermanent">
        <permanentLabel>rotten</permanentLabel>
      </li>
      <li Class="HediffCompProperties_SeverityPerDay">
        <severityPerDay>-20</severityPerDay>
      </li>	  
    </comps>
	<injuryProps>
		<painPerSeverity>0.01</painPerSeverity>
		<averagePainPerSeverityPermanent>0.00625</averagePainPerSeverityPermanent>
		<bleedRate>0.0</bleedRate>
		<canMerge>true</canMerge>
			<destroyedLabel>melted off</destroyedLabel>
			<destroyedOutLabel>melted</destroyedOutLabel>
	</injuryProps>
  </HediffDef>
  
  <HediffDef ParentName="TM_InjuryBase">
    <defName>TM_DeathBoltHD</defName>
	<label>death bolt</label>
    <defaultLabelColor>(0.1,0.1,0.1)</defaultLabelColor>
	<displayWound>false</displayWound>
	<makesSickThought>false</makesSickThought>
	<tendable>true</tendable>
	<comps>
		<li Class="HediffCompProperties_TendDuration">
        <labelTendedWell>bandaged</labelTendedWell>
        <labelTendedWellInner>sutured</labelTendedWellInner>
        <labelSolidTendedWell>set</labelSolidTendedWell>
      </li>
	  <li Class="HediffCompProperties_GetsPermanent">
        <permanentLabel>melted</permanentLabel>
      </li>
      <li Class="HediffCompProperties_SeverityPerDay">
        <severityPerDay>-20</severityPerDay>
      </li>	  
    </comps>
	<injuryProps>
		<painPerSeverity>0.0125</painPerSeverity>
		<averagePainPerSeverityPermanent>0.00625</averagePainPerSeverityPermanent>
		<bleedRate>0.0</bleedRate>
		<canMerge>true</canMerge>
			<destroyedLabel>melted off</destroyedLabel>
			<destroyedOutLabel>melted</destroyedOutLabel>
	</injuryProps>
  </HediffDef>
  
  <HediffDef>
    <defName>TM_Torment_HD</defName>
	<hediffClass>HediffWithComps</hediffClass>
    <defaultLabelColor>(0.3, 0.37, .11)</defaultLabelColor>
    <label>Tormented</label>
	<makesSickThought>true</makesSickThought>
    <lethalSeverity>50</lethalSeverity>
	<isBad>true</isBad>
	<comps>
      <li Class="HediffCompProperties_SeverityPerDay">
        <severityPerDay>-30</severityPerDay>
      </li>
    </comps>
    <stages>
	  <li>
        <label>pain</label>
        <minSeverity>0.1</minSeverity>
        <capMods>
		  <li>
            <capacity>Manipulation</capacity>
            <offset>-0.1</offset>
          </li>
          <li>
            <capacity>Moving</capacity>
            <offset>-0.2</offset>
          </li>
          <li>
            <capacity>Sight</capacity>
            <offset>-0.2</offset>
          </li>
        </capMods>
      </li>
      <li>
        <label>agony</label>
        <minSeverity>10</minSeverity>
        <capMods>
		  <li>
            <capacity>Manipulation</capacity>
            <offset>-0.3</offset>
          </li>
          <li>
            <capacity>Moving</capacity>
            <offset>-0.3</offset>
          </li>
          <li>
            <capacity>Sight</capacity>
            <offset>-0.3</offset>
          </li>
        </capMods>
      </li>
      <li>
        <label>torment</label>
        <minSeverity>20</minSeverity>
        <capMods>
		  <li>
            <capacity>Manipulation</capacity>
            <offset>-0.4</offset>
          </li>
          <li>
            <capacity>Moving</capacity>
            <offset>-0.5</offset>
          </li>
          <li>
            <capacity>Consciousness</capacity>
            <offset>-0.1</offset>
          </li>
		  <li>
            <capacity>Sight</capacity>
            <offset>-0.4</offset>
          </li>
        </capMods>
      </li>  	  
    </stages>
  </HediffDef>
  
  <HediffDef>
    <defName>TM_UndeadStageHD</defName>
	<hediffClass>HediffWithComps</hediffClass>
	<label>Body stage</label>
    <defaultLabelColor>(1,0.8,0.0)</defaultLabelColor>
    <scenarioCanAdd>false</scenarioCanAdd>
	<makesSickThought>false</makesSickThought>
	<tendable>false</tendable>
    <makesAlert>false</makesAlert>
	<minSeverity>0.001</minSeverity>
	<maxSeverity>2.0</maxSeverity>
	<initialSeverity>0.001</initialSeverity>
	<isBad>false</isBad>
	<comps>
      <li Class="HediffCompProperties_SeverityPerDay">
        <severityPerDay>0.2</severityPerDay>
      </li>	  
    </comps>
	<stages>
      <li>
        <label>Rotting</label>
        <minSeverity>0.001</minSeverity>
		<becomeVisible>false</becomeVisible>
      </li>
      <li>
        <label>Dessicated</label>
        <minSeverity>1</minSeverity>	
		<becomeVisible>false</becomeVisible>
      </li>
    </stages>
  </HediffDef>
  
</Defs>