<?xml version="1.0" encoding="utf-8" ?>
<Defs>
  
  <HediffDef >
    <defName>TM_ProvisionerAuraHD</defName>
	<hediffClass>HediffWithComps</hediffClass>
	<label>Provisioner Aura</label>
    <defaultLabelColor>(1,0.5,0)</defaultLabelColor>
    <scenarioCanAdd>false</scenarioCanAdd>
	<makesSickThought>false</makesSickThought>
	<tendable>false</tendable>
    <makesAlert>false</makesAlert>
	<maxSeverity>1.0</maxSeverity>
	<isBad>false</isBad>
	<comps>
	  <li>
        <compClass>TorannMagic.HediffComp_ProvisionerAura</compClass>
      </li>	  
    </comps>
	<stages>
      <li>
        <label></label>
        <minSeverity>0.001</minSeverity>
		<becomeVisible>false</becomeVisible>
      </li>	  
	</stages>
  </HediffDef>
  
  <HediffDef >
    <defName>TM_TaskMasterAuraHD</defName>
	<hediffClass>HediffWithComps</hediffClass>
	<label>Task Master Aura</label>
    <defaultLabelColor>(1,0.5,0)</defaultLabelColor>
    <scenarioCanAdd>false</scenarioCanAdd>
	<makesSickThought>false</makesSickThought>
	<tendable>false</tendable>
    <makesAlert>false</makesAlert>
	<maxSeverity>1.0</maxSeverity>
	<isBad>false</isBad>
	<comps>
	  <li>
        <compClass>TorannMagic.HediffComp_TaskMasterAura</compClass>
      </li>	  
    </comps>
	<stages>
      <li>
        <label></label>
        <minSeverity>0.001</minSeverity>
		<becomeVisible>false</becomeVisible>
      </li>	  
	</stages>
  </HediffDef>
  
  <HediffDef >
    <defName>TM_CommanderAuraHD</defName>
	<hediffClass>HediffWithComps</hediffClass>
	<label>Commander Aura</label>
    <defaultLabelColor>(1,0.5,0)</defaultLabelColor>
    <scenarioCanAdd>false</scenarioCanAdd>
	<makesSickThought>false</makesSickThought>
	<tendable>false</tendable>
    <makesAlert>false</makesAlert>
	<maxSeverity>1.0</maxSeverity>
	<isBad>false</isBad>
	<comps>
	  <li>
        <compClass>TorannMagic.HediffComp_CommanderAura</compClass>
      </li>	  
    </comps>
	<stages>
      <li>
        <label></label>
        <minSeverity>0.001</minSeverity>
		<becomeVisible>false</becomeVisible>
      </li>	  
	</stages>
  </HediffDef>
  
  <HediffDef>
    <defName>TM_StayAlertHD</defName>
	<hediffClass>HediffWithComps</hediffClass>
	<label>Alert</label>
    <defaultLabelColor>(1,0.5,0)</defaultLabelColor>
    <scenarioCanAdd>false</scenarioCanAdd>
	<makesSickThought>false</makesSickThought>
	<tendable>false</tendable>
    <makesAlert>false</makesAlert>
	<maxSeverity>1.0</maxSeverity>
	<isBad>false</isBad>
	<initialSeverity>.7</initialSeverity>
	<comps>
      <li Class="HediffCompProperties_SeverityPerDay">
        <severityPerDay>-3</severityPerDay>
      </li>
    </comps>
	<stages>
      <li>
        <label></label>
        <minSeverity>0.001</minSeverity>
		<becomeVisible>true</becomeVisible>
		<hungerRateFactor>1.10</hungerRateFactor>
		<capMods>
		  <li>
			  <capacity>Sight</capacity>
			  <offset>0.3</offset>
		  </li> 
		</capMods>
      </li>
	</stages>
  </HediffDef>
  
  <HediffDef>
    <defName>TM_MoveOutHD</defName>
	<hediffClass>HediffWithComps</hediffClass>
	<label>Double Time</label>
    <defaultLabelColor>(1,0.5,0)</defaultLabelColor>
    <scenarioCanAdd>false</scenarioCanAdd>
	<makesSickThought>false</makesSickThought>
	<tendable>false</tendable>
    <makesAlert>false</makesAlert>
	<maxSeverity>1.0</maxSeverity>
	<isBad>false</isBad>
	<initialSeverity>.5</initialSeverity>
	<comps>
      <li Class="HediffCompProperties_SeverityPerDay">
        <severityPerDay>-4</severityPerDay>
      </li>
    </comps>
	<stages>
      <li>
        <label>Recovering</label>
        <minSeverity>0.001</minSeverity>
		<becomeVisible>true</becomeVisible>
		<restFallFactor>1.20</restFallFactor>
		<hungerRateFactor>1.20</hungerRateFactor>
		<capMods>
		  <li>
			  <capacity>Moving</capacity>
			  <offset>-0.3</offset>
		  </li> 
		</capMods>
      </li>
	  <li>
        <label></label>
        <minSeverity>0.15</minSeverity>
		<becomeVisible>true</becomeVisible>
		<restFallFactor>1.20</restFallFactor>
		<hungerRateFactor>1.20</hungerRateFactor>
		<capMods>
		  <li>
			  <capacity>Moving</capacity>
			  <offset>0.4</offset>
		  </li> 
		</capMods>
      </li>
	  <li>
        <label></label>
        <minSeverity>0.5</minSeverity>
		<becomeVisible>true</becomeVisible>
		<restFallFactor>1.20</restFallFactor>
		<hungerRateFactor>1.20</hungerRateFactor>
		<capMods>
		  <li>
			  <capacity>Moving</capacity>
			  <offset>0.45</offset>
		  </li> 
		</capMods>
      </li>
	  <li>
        <label></label>
        <minSeverity>0.7</minSeverity>
		<becomeVisible>true</becomeVisible>
		<restFallFactor>1.20</restFallFactor>
		<hungerRateFactor>1.20</hungerRateFactor>
		<capMods>
		  <li>
			  <capacity>Moving</capacity>
			  <offset>0.5</offset>
		  </li> 
		</capMods>
      </li>
	  	  <li>
        <label></label>
        <minSeverity>0.85</minSeverity>
		<becomeVisible>true</becomeVisible>
		<restFallFactor>1.20</restFallFactor>
		<hungerRateFactor>1.20</hungerRateFactor>
		<capMods>
		  <li>
			  <capacity>Moving</capacity>
			  <offset>0.55</offset>
		  </li> 
		</capMods>
      </li>
	</stages>
  </HediffDef>
  
  <HediffDef>
    <defName>TM_HoldTheLineHD</defName>
	<hediffClass>HediffWithComps</hediffClass>
	<label>Defensive stance</label>
    <defaultLabelColor>(1,0.5,0)</defaultLabelColor>
    <scenarioCanAdd>false</scenarioCanAdd>
	<makesSickThought>false</makesSickThought>
	<tendable>false</tendable>
    <makesAlert>false</makesAlert>
	<maxSeverity>1.0</maxSeverity>
	<isBad>false</isBad>
	<initialSeverity>.5</initialSeverity>
	<comps>
      <li Class="HediffCompProperties_SeverityPerDay">
        <severityPerDay>-12</severityPerDay>
      </li>
    </comps>
	<stages>
      <li>
        <label></label>
        <minSeverity>0.001</minSeverity>
		<becomeVisible>true</becomeVisible>
		<restFallFactor>1.10</restFallFactor>
		<hungerRateFactor>1.30</hungerRateFactor>
		<capMods>
		  <li>
			  <capacity>Moving</capacity>
			  <setMax>.3</setMax>
		  </li> 
		</capMods>
		<statOffsets>
		  <MentalBreakThreshold>-0.20</MentalBreakThreshold>
		  <PainShockThreshold>+0.20</PainShockThreshold>
		  <AimingDelayFactor>-0.20</AimingDelayFactor>
	    </statOffsets>
      </li>
	  <li>
        <label></label>
        <minSeverity>0.5</minSeverity>
		<becomeVisible>true</becomeVisible>
		<restFallFactor>1.10</restFallFactor>
		<hungerRateFactor>1.30</hungerRateFactor>
		<capMods>
		  <li>
			  <capacity>Moving</capacity>
			  <setMax>.34</setMax>
		  </li> 
		</capMods>
		<statOffsets>
		  <MentalBreakThreshold>-0.25</MentalBreakThreshold>
		  <PainShockThreshold>+0.25</PainShockThreshold>
		  <AimingDelayFactor>-0.25</AimingDelayFactor>
	    </statOffsets>
      </li>
	  <li>
        <label></label>
        <minSeverity>0.7</minSeverity>
		<becomeVisible>true</becomeVisible>
		<restFallFactor>1.10</restFallFactor>
		<hungerRateFactor>1.30</hungerRateFactor>
		<capMods>
		  <li>
			  <capacity>Moving</capacity>
			  <setMax>.37</setMax>
		  </li> 
		</capMods>
		<statOffsets>
		  <MentalBreakThreshold>-0.28</MentalBreakThreshold>
		  <PainShockThreshold>+0.28</PainShockThreshold>
		  <AimingDelayFactor>-0.28</AimingDelayFactor>
	    </statOffsets>
      </li>
	  <li>
        <label></label>
        <minSeverity>0.85</minSeverity>
		<becomeVisible>true</becomeVisible>
		<restFallFactor>1.10</restFallFactor>
		<hungerRateFactor>1.30</hungerRateFactor>
		<capMods>
		  <li>
			  <capacity>Moving</capacity>
			  <setMax>.4</setMax>
		  </li> 
		</capMods>
		<statOffsets>
		  <MentalBreakThreshold>-0.3</MentalBreakThreshold>
		  <PainShockThreshold>+0.3</PainShockThreshold>
		  <AimingDelayFactor>-0.3</AimingDelayFactor>
	    </statOffsets>
      </li>
	</stages>
  </HediffDef>
  
  <HediffDef >
    <defName>TM_HTLShieldHD</defName>
	<hediffClass>HediffWithComps</hediffClass>
	<label>HTL Shield</label>
    <defaultLabelColor>(1,0.5,0)</defaultLabelColor>
    <scenarioCanAdd>false</scenarioCanAdd>
	<makesSickThought>false</makesSickThought>
	<tendable>false</tendable>
    <makesAlert>false</makesAlert>
	<maxSeverity>50.0</maxSeverity>
	<isBad>false</isBad>
	<comps>
	  <li>
        <compClass>TorannMagic.HediffComp_HTLShield</compClass>
      </li>	  
    </comps>
	<stages>
      <li>
        <label></label>
        <minSeverity>0.001</minSeverity>
		<becomeVisible>false</becomeVisible>
      </li>	  
	</stages>
  </HediffDef>

  
  <HediffDef>
    <defName>TM_CommanderHD</defName>
	<hediffClass>HediffWithComps</hediffClass>
	<label>Emotionally Inspired (I)</label>
    <defaultLabelColor>(1,.5,0)</defaultLabelColor>
    <scenarioCanAdd>false</scenarioCanAdd>
	<makesSickThought>false</makesSickThought>
	<tendable>false</tendable>
    <makesAlert>false</makesAlert>
	<maxSeverity>4.0</maxSeverity>
	<isBad>false</isBad>
	<initialSeverity>.1</initialSeverity>
	<comps>
      <li Class="HediffCompProperties_SeverityPerDay">
        <severityPerDay>-24</severityPerDay>
      </li>
    </comps>
	<stages>
      <li>
        <label>Commander</label>
        <minSeverity>0.001</minSeverity>
		<becomeVisible>true</becomeVisible>
		<capMods>
		  <li>
			  <capacity>Moving</capacity>
			  <offset>-0.1</offset>
		  </li>
		</capMods>
		<statOffsets>
		  <MentalBreakThreshold>-0.02</MentalBreakThreshold>
		  <WorkSpeedGlobal>-0.3</WorkSpeedGlobal>
	    </statOffsets>
      </li>
	</stages> 
  </HediffDef>
  
  <ThoughtDef> 
    <defName>TM_CommanderTD</defName>
    <workerClass>ThoughtWorker_Hediff</workerClass>
    <hediff>TM_CommanderHD</hediff>
    <validWhileDespawned>true</validWhileDespawned>
    <stages>
      <li>
        <label>Charismatic pawn</label>
        <description>I've been emotionally charged! I'm not sure what, but good things are bound to happen around such a charismatic commander.</description>
        <baseMoodEffect>6</baseMoodEffect>
      </li>
    </stages>
  </ThoughtDef>
  
  <HediffDef>
    <defName>TM_CommanderHD_I</defName>
	<hediffClass>HediffWithComps</hediffClass>
	<label>Emotionally Inspired (II)</label>
    <defaultLabelColor>(1,.5,0)</defaultLabelColor>
    <scenarioCanAdd>false</scenarioCanAdd>
	<makesSickThought>false</makesSickThought>
	<tendable>false</tendable>
    <makesAlert>false</makesAlert>
	<maxSeverity>4.0</maxSeverity>
	<isBad>false</isBad>
	<initialSeverity>.1</initialSeverity>
	<comps>
      <li Class="HediffCompProperties_SeverityPerDay">
        <severityPerDay>-24</severityPerDay>
      </li>
    </comps>
	<stages>
      <li>
        <label></label>
        <minSeverity>0.001</minSeverity>
		<becomeVisible>true</becomeVisible>
		<capMods>
		  <li>
			  <capacity>Moving</capacity>
			  <offset>-0.05</offset>
		  </li>
		</capMods>
		<statOffsets>
		  <MentalBreakThreshold>-0.03</MentalBreakThreshold>
		  <WorkSpeedGlobal>-0.25</WorkSpeedGlobal>
	    </statOffsets>
      </li>
	</stages> 
  </HediffDef>
  
  <ThoughtDef> 
    <defName>TM_CommanderTD_I</defName>
    <workerClass>ThoughtWorker_Hediff</workerClass>
    <hediff>TM_CommanderHD_I</hediff>
    <validWhileDespawned>true</validWhileDespawned>
    <stages>
      <li>
        <label>Charismatic commander</label>
        <description>I've been emotionally charged! Good things are bound to happen around such a charismatic commander, though it's not exactly clear how.</description>
        <baseMoodEffect>7</baseMoodEffect>
      </li>
    </stages>
  </ThoughtDef>
  
  <HediffDef>
    <defName>TM_CommanderHD_II</defName>
	<hediffClass>HediffWithComps</hediffClass>
	<label>Emotionally Inspired (III)</label>
    <defaultLabelColor>(1,.5,0)</defaultLabelColor>
    <scenarioCanAdd>false</scenarioCanAdd>
	<makesSickThought>false</makesSickThought>
	<tendable>false</tendable>
    <makesAlert>false</makesAlert>
	<maxSeverity>4.0</maxSeverity>
	<isBad>false</isBad>
	<initialSeverity>.1</initialSeverity>
	<comps>
      <li Class="HediffCompProperties_SeverityPerDay">
        <severityPerDay>-24</severityPerDay>
      </li>
    </comps>
	<stages>
      <li>
        <label></label>
        <minSeverity>0.001</minSeverity>
		<becomeVisible>true</becomeVisible>
		<statOffsets>
		  <MentalBreakThreshold>-0.04</MentalBreakThreshold>
		  <WorkSpeedGlobal>-0.2</WorkSpeedGlobal>
	    </statOffsets>
      </li>
	</stages> 
  </HediffDef>
  
  <ThoughtDef> 
    <defName>TM_CommanderTD_II</defName>
    <workerClass>ThoughtWorker_Hediff</workerClass>
    <hediff>TM_CommanderHD_II</hediff>
    <validWhileDespawned>true</validWhileDespawned>
    <stages>
      <li>
        <label>Charismatic leader</label>
        <description>I've been emotionally charged! Good things are bound to happen around such a charismatic leader.</description>
        <baseMoodEffect>8</baseMoodEffect>
      </li>
    </stages>
  </ThoughtDef>
  
  <HediffDef>
    <defName>TM_CommanderHD_III</defName>
	<hediffClass>HediffWithComps</hediffClass>
	<label>Emotionally Inspired (IV)</label>
    <defaultLabelColor>(1,.5,0)</defaultLabelColor>
    <scenarioCanAdd>false</scenarioCanAdd>
	<makesSickThought>false</makesSickThought>
	<tendable>false</tendable>
    <makesAlert>false</makesAlert>
	<maxSeverity>4.0</maxSeverity>
	<isBad>false</isBad>
	<initialSeverity>.1</initialSeverity>
	<comps>
      <li Class="HediffCompProperties_SeverityPerDay">
        <severityPerDay>-24</severityPerDay>
      </li>
    </comps>
	<stages>
      <li>
        <label></label>
        <minSeverity>0.001</minSeverity>
		<becomeVisible>true</becomeVisible>
		<statOffsets>
		  <MentalBreakThreshold>-0.05</MentalBreakThreshold>
		  <WorkSpeedGlobal>-0.15</WorkSpeedGlobal>
	    </statOffsets>
      </li>
	</stages> 
  </HediffDef>
  
  <ThoughtDef> 
    <defName>TM_CommanderTD_III</defName>
    <workerClass>ThoughtWorker_Hediff</workerClass>
    <hediff>TM_CommanderHD_III</hediff>
    <validWhileDespawned>true</validWhileDespawned>
    <stages>
      <li>
        <label>Charismatic visionary</label>
        <description>I've been emotionally charged! Good things are bound to happen around such a charismatic visionary.</description>
        <baseMoodEffect>9</baseMoodEffect>
      </li>
    </stages>
  </ThoughtDef>
  
  <HediffDef>
    <defName>TM_ProvisionerHD</defName>
	<hediffClass>HediffWithComps</hediffClass>
	<label>Provisions</label>
    <defaultLabelColor>(1,.5,0)</defaultLabelColor>
    <scenarioCanAdd>false</scenarioCanAdd>
	<makesSickThought>false</makesSickThought>
	<tendable>false</tendable>
    <makesAlert>false</makesAlert>
	<maxSeverity>4.0</maxSeverity>
	<isBad>false</isBad>
	<initialSeverity>.1</initialSeverity>
	<comps>
	  <li>
        <compClass>TorannMagic.HediffComp_Provisioner</compClass>
      </li>	  
    </comps>
	<stages>
      <li>
        <label>I</label>
        <minSeverity>0.001</minSeverity>
		<becomeVisible>true</becomeVisible>
		<restFallFactor>.90</restFallFactor>
		<hungerRateFactor>.90</hungerRateFactor>
      </li>
	  <li>
        <label>II</label>
        <minSeverity>1</minSeverity>
		<becomeVisible>true</becomeVisible>
		<restFallFactor>.85</restFallFactor>
		<hungerRateFactor>.85</hungerRateFactor>
      </li>
	  <li>
        <label>III</label>
        <minSeverity>2</minSeverity>
		<becomeVisible>true</becomeVisible>
		<restFallFactor>.82</restFallFactor>
		<hungerRateFactor>.82</hungerRateFactor>
      </li>
	  <li>
        <label>IV</label>
        <minSeverity>3</minSeverity>
		<becomeVisible>true</becomeVisible>
		<restFallFactor>.80</restFallFactor>
		<hungerRateFactor>.80</hungerRateFactor>
      </li>
	</stages> 
  </HediffDef>
  
  <HediffDef>
    <defName>TM_TaskMasterHD</defName>
	<hediffClass>HediffWithComps</hediffClass>
	<label>Task Master</label>
    <defaultLabelColor>(1,.5,0)</defaultLabelColor>
    <scenarioCanAdd>false</scenarioCanAdd>
	<makesSickThought>false</makesSickThought>
	<tendable>false</tendable>
    <makesAlert>false</makesAlert>
	<maxSeverity>4.0</maxSeverity>
	<isBad>false</isBad>
	<initialSeverity>.1</initialSeverity>
	<comps>
	  <li>
        <compClass>TorannMagic.HediffComp_TaskMaster</compClass>
      </li>	  
    </comps>
	<stages>
      <li>
        <label>I</label>
        <minSeverity>0.001</minSeverity>
		<becomeVisible>true</becomeVisible>
		<statOffsets>
		  <EatingSpeed>0.5</EatingSpeed>
		  <WorkSpeedGlobal>0.15</WorkSpeedGlobal>
		  <CarryingCapacity>20</CarryingCapacity>
	    </statOffsets>
      </li>
	  <li>
        <label>II</label>
        <minSeverity>1</minSeverity>
		<becomeVisible>true</becomeVisible>
		<statOffsets>
		  <EatingSpeed>0.6</EatingSpeed>
		  <WorkSpeedGlobal>0.17</WorkSpeedGlobal>
		  <CarryingCapacity>25</CarryingCapacity>
	    </statOffsets>
      </li>
	  <li>
        <label>III</label>
        <minSeverity>2</minSeverity>
		<becomeVisible>true</becomeVisible>
		<statOffsets>
		  <EatingSpeed>0.7</EatingSpeed>
		  <WorkSpeedGlobal>0.19</WorkSpeedGlobal>
		  <CarryingCapacity>30</CarryingCapacity>
	    </statOffsets>
      </li>
	  <li>
        <label>IV</label>
        <minSeverity>3</minSeverity>
		<becomeVisible>true</becomeVisible>
		<statOffsets>
		  <EatingSpeed>0.75</EatingSpeed>
		  <WorkSpeedGlobal>0.2</WorkSpeedGlobal>
		  <CarryingCapacity>30</CarryingCapacity>
	    </statOffsets>
      </li>
	</stages> 
  </HediffDef>
  
  <ThoughtDef> 
    <defName>TM_TaskMasterTD</defName>
    <workerClass>ThoughtWorker_Hediff</workerClass>
    <hediff>TM_TaskMasterHD</hediff>
    <validWhileDespawned>true</validWhileDespawned>
    <stages>
      <li>
        <label>Task master</label>
        <description>Every aspect of my life has become micro-managed; I barely have time to eat a decent meal.</description>
        <baseMoodEffect>-9</baseMoodEffect>
      </li>
    </stages>
  </ThoughtDef>
  
</Defs>