<?xml version="1.0" encoding="utf-8" ?>
<Defs>

  <HediffDef ParentName="TM_InjuryBase">  
    <defName>TM_Poison_HD</defName>
    <label>Poison</label>
    <displayWound>true</displayWound>
    <comps>
      <li Class="HediffCompProperties_TendDuration">
        <labelTendedWell>bandaged</labelTendedWell>
        <labelTendedWellInner>sutured</labelTendedWellInner>
        <labelSolidTendedWell>set</labelSolidTendedWell>
      </li>
      <li Class="HediffCompProperties_GetsPermanent">
        <permanentLabel>withered away</permanentLabel>
      </li>
    </comps>
	<injuryProps>
		<painPerSeverity>0.025</painPerSeverity>
		<averagePainPerSeverityPermanent>0.00625</averagePainPerSeverityPermanent>
		<bleedRate>0.0</bleedRate>
		<canMerge>true</canMerge>
			<destroyedLabel>withered</destroyedLabel>
			<destroyedOutLabel>withered</destroyedOutLabel>
	</injuryProps>
  </HediffDef>

  <HediffDef>
    <defName>TM_Poisoned_HD</defName>
	<hediffClass>HediffWithComps</hediffClass>
    <defaultLabelColor>(0.52, 0.9, 0.05)</defaultLabelColor>
    <label>Poisoned</label>
	<makesSickThought>true</makesSickThought>
	<displayWound>false</displayWound>
    <lethalSeverity>10</lethalSeverity>
	<isBad>true</isBad>
	<comps>
      <li Class="HediffCompProperties_SeverityPerDay">
        <severityPerDay>-50</severityPerDay>
      </li>
    </comps>
    <stages>
	  <li>
        <label>minor</label>
		<vomitMtbDays>0.25</vomitMtbDays>
        <minSeverity>0.1</minSeverity>
        <capMods>
          <li>
            <capacity>Moving</capacity>
            <offset>-0.2</offset>
          </li>
        </capMods>
      </li>
      <li>
        <label>moderate</label>
		<vomitMtbDays>0.125</vomitMtbDays>
        <minSeverity>3</minSeverity>
        <capMods>
          <li>
            <capacity>Moving</capacity>
            <offset>-0.3</offset>
          </li>
        </capMods>
      </li>
      <li>
        <label>major</label>
		<vomitMtbDays>0.1</vomitMtbDays>
        <minSeverity>6</minSeverity>
        <capMods>
          <li>
            <capacity>Moving</capacity>
            <offset>-0.4</offset>
          </li>
        </capMods>
      </li>  	  
    </stages>
  </HediffDef>
  
</Defs>
