<?xml version="1.0" encoding="utf-8" ?>
<Defs>

    <!-- Gear Repair -->
  
   <HediffDef>
    <defName>TM_HediffGearRepair</defName>
	<hediffClass>HediffWithComps</hediffClass>
	<label>Gear Repair</label>
    <defaultLabelColor>(1,0.3,0.5)</defaultLabelColor>
    <scenarioCanAdd>false</scenarioCanAdd>
    <maxSeverity>4.0</maxSeverity>	
	<isBad>false</isBad>
      <stages>
        <li>
			<label>I</label>
			<minSeverity>.001</minSeverity>
        </li>		
	 </stages>
	<comps>
      <li>
        <compClass>TorannMagic.HediffComp_GearRepair</compClass>
      </li>  
    </comps>	 
  </HediffDef>

    <!-- Inner Healing	-->
  
   <HediffDef>
    <defName>TM_HediffInnerHealing</defName>
	<hediffClass>HediffWithComps</hediffClass>
	<label>Inner Healing</label>
    <defaultLabelColor>(1,0.3,0.5)</defaultLabelColor>
    <scenarioCanAdd>false</scenarioCanAdd>
    <maxSeverity>4.0</maxSeverity>	
	<isBad>false</isBad>
      <stages>
        <li>
			<label>I</label>
			<minSeverity>.001</minSeverity>
			<capMods>
			  <li>
				<capacity>Moving</capacity>
				<offset>-0.1</offset>
			  </li>
			  <li>
				<capacity>Manipulation</capacity>
				<offset>-0.1</offset>
			  </li>
			</capMods>
			<statOffsets>
			  <ImmunityGainSpeed>0.2</ImmunityGainSpeed>
			</statOffsets>
        </li>
	 </stages>
	<comps>
      <li>
        <compClass>TorannMagic.HediffComp_InnerHealing</compClass>
      </li>  
    </comps>	 
  </HediffDef>
  
    <!-- Heavy Blow	-->
  
   <HediffDef>
    <defName>TM_HediffHeavyBlow</defName>
	<hediffClass>HediffWithComps</hediffClass>
	<label>Heavy Blow</label>
    <defaultLabelColor>(1,0.3,0.5)</defaultLabelColor>
    <scenarioCanAdd>false</scenarioCanAdd>
    <maxSeverity>4.0</maxSeverity>	
	<isBad>false</isBad>
      <stages>
        <li>
			<label>I</label>
			<minSeverity>.001</minSeverity>
			<statOffsets>
			  <MeleeWeapon_DamageMultiplier>0.2</MeleeWeapon_DamageMultiplier>
			</statOffsets>
        </li>
		<li>
			<label>II</label>
			<minSeverity>1</minSeverity>
			<statOffsets>
			  <MeleeWeapon_DamageMultiplier>0.25</MeleeWeapon_DamageMultiplier>
			</statOffsets>
        </li>
		<li>
			<label>III</label>
			<minSeverity>2</minSeverity>
			<statOffsets>
			  <MeleeWeapon_DamageMultiplier>0.275</MeleeWeapon_DamageMultiplier>
			</statOffsets>
        </li>
		<li>
			<label>IV</label>
			<minSeverity>3</minSeverity>
			<statOffsets>
			  <MeleeWeapon_DamageMultiplier>0.30</MeleeWeapon_DamageMultiplier>
			</statOffsets>
        </li>
	 </stages>	
  </HediffDef>

    <!-- Strong Back -->
  
   <HediffDef>
    <defName>TM_HediffStrongBack</defName>
	<hediffClass>HediffWithComps</hediffClass>
	<label>Strong Back</label>
    <defaultLabelColor>(1,0.3,0.5)</defaultLabelColor>
    <scenarioCanAdd>false</scenarioCanAdd>
    <maxSeverity>4.0</maxSeverity>	
	<isBad>false</isBad>
      <stages>
        <li>
			<label>I</label>
			<minSeverity>.001</minSeverity>
			<restFallFactor>1.1</restFallFactor>
			<statOffsets>
			  <CarryingCapacity>+40</CarryingCapacity>
			</statOffsets>
        </li>
		<li>
			<label>II</label>
			<minSeverity>1</minSeverity>
			<restFallFactor>1.1</restFallFactor>
			<statOffsets>
			  <CarryingCapacity>+40</CarryingCapacity>
			  <MiningSpeed>0.2</MiningSpeed>
			</statOffsets>
        </li>
		<li>
			<label>III</label>
			<minSeverity>2</minSeverity>
			<restFallFactor>1.1</restFallFactor>
			<statOffsets>
			  <CarryingCapacity>+40</CarryingCapacity>
			  <MiningSpeed>0.2</MiningSpeed>
			  <ConstructionSpeed>.20</ConstructionSpeed>
			</statOffsets>
        </li>
	 </stages>	
  </HediffDef>
  
      <!-- Thick Skin	-->
  
   <HediffDef>
    <defName>TM_HediffThickSkin</defName>
	<hediffClass>HediffWithComps</hediffClass>
	<label>Thick Skin</label>
    <defaultLabelColor>(1,0.3,0.5)</defaultLabelColor>
    <scenarioCanAdd>false</scenarioCanAdd>
    <maxSeverity>4.0</maxSeverity>	
	<isBad>false</isBad>
      <stages>
        <li>
			<label>I</label>
			<minSeverity>.001</minSeverity>
			<statOffsets>
			  <ComfyTemperatureMin>-5</ComfyTemperatureMin>
			  <ComfyTemperatureMax>5</ComfyTemperatureMax>
			  <ArmorRating_Blunt>.1</ArmorRating_Blunt>
			  <ArmorRating_Sharp>.1</ArmorRating_Sharp>
			  <ArmorRating_Heat>.1</ArmorRating_Heat>
			</statOffsets>
        </li>
		<li>
			<label>II</label>
			<minSeverity>1</minSeverity>
			<statOffsets>
			  <ComfyTemperatureMin>-5</ComfyTemperatureMin>
			  <ComfyTemperatureMax>5</ComfyTemperatureMax>
			  <ArmorRating_Blunt>.12</ArmorRating_Blunt>
			  <ArmorRating_Sharp>.12</ArmorRating_Sharp>
			  <ArmorRating_Heat>.12</ArmorRating_Heat>
			</statOffsets>
        </li>
		<li>
			<label>III</label>
			<minSeverity>2</minSeverity>
			<statOffsets>
			  <ComfyTemperatureMin>-5</ComfyTemperatureMin>
			  <ComfyTemperatureMax>5</ComfyTemperatureMax>
			  <ArmorRating_Blunt>.14</ArmorRating_Blunt>
			  <ArmorRating_Sharp>.14</ArmorRating_Sharp>
			  <ArmorRating_Heat>.14</ArmorRating_Heat>
			</statOffsets>
        </li>
		<li>
			<label>IV</label>
			<minSeverity>3</minSeverity>
			<statOffsets>
			  <ComfyTemperatureMin>-5</ComfyTemperatureMin>
			  <ComfyTemperatureMax>5</ComfyTemperatureMax>
			  <ArmorRating_Blunt>.15</ArmorRating_Blunt>
			  <ArmorRating_Sharp>.15</ArmorRating_Sharp>
			  <ArmorRating_Heat>.15</ArmorRating_Heat>
			</statOffsets>
        </li>
	 </stages>	
  </HediffDef>
  
 <HediffDef>
    <defName>TM_HediffFightersFocus</defName>
	<hediffClass>HediffWithComps</hediffClass>
	<label>Fighters Focus</label>
    <defaultLabelColor>(1,0.3,0.5)</defaultLabelColor>
    <scenarioCanAdd>false</scenarioCanAdd>
    <maxSeverity>4.0</maxSeverity>	
	<isBad>false</isBad>
      <stages>
        <li>
			<label>I</label>
			<minSeverity>.001</minSeverity>
			<statOffsets>
			  <MentalBreakThreshold>-.05</MentalBreakThreshold>
			  <PainShockThreshold>0.20</PainShockThreshold>
			</statOffsets>
        </li>
		<li>
			<label>II</label>
			<minSeverity>1</minSeverity>
			<restFallFactor>.8</restFallFactor>
			<statOffsets>
			  <MentalBreakThreshold>-.05</MentalBreakThreshold>
			  <PainShockThreshold>0.20</PainShockThreshold>
			</statOffsets>
        </li>
	 </stages>	
  </HediffDef>
  
  <!-- Sprint	-->
  
   <HediffDef>
    <defName>TM_HediffSprint</defName>
	<hediffClass>HediffWithComps</hediffClass>
	<label>Sprint</label>
    <defaultLabelColor>(1,0.3,0.5)</defaultLabelColor>
    <scenarioCanAdd>false</scenarioCanAdd>
    <maxSeverity>4.0</maxSeverity>	
	<isBad>false</isBad>
      <stages>
        <li>
			<label>I</label>
			<minSeverity>.001</minSeverity>
			  <restFallFactor>1.4</restFallFactor>
			  <capMods>
				  <li>
					<capacity>Moving</capacity>
					<offset>0.3</offset>
				  </li>
				  <li>
					<capacity>BloodPumping</capacity>
					<offset>0.05</offset>
				  </li>
				  <li>
					<capacity>Breathing</capacity>
					<offset>0.1</offset>
				  </li>
			</capMods>
        </li>
		<li>
			<label>II</label>
			<minSeverity>1</minSeverity>
			  <restFallFactor>1.35</restFallFactor>
			  <capMods>
				  <li>
					<capacity>Moving</capacity>
					<offset>0.40</offset>
				  </li>
				  <li>
					<capacity>BloodPumping</capacity>
					<offset>0.1</offset>
				  </li>
				  <li>
					<capacity>Breathing</capacity>
					<offset>0.15</offset>
				  </li>
			</capMods>
        </li>
		<li>
			<label>III</label>
			<minSeverity>2</minSeverity>
			  <restFallFactor>1.3</restFallFactor>
			  <capMods>
				  <li>
					<capacity>Moving</capacity>
					<offset>0.5</offset>
				  </li>
				  <li>
					<capacity>BloodPumping</capacity>
					<offset>0.15</offset>
				  </li>
				  <li>
					<capacity>Breathing</capacity>
					<offset>0.2</offset>
				  </li>
			</capMods>
        </li>
		<li>
			<label>IV</label>
			<minSeverity>3</minSeverity>
			  <restFallFactor>1.25</restFallFactor>
			  <capMods>
				  <li>
					<capacity>Moving</capacity>
					<offset>0.6</offset>
				  </li>
				  <li>
					<capacity>BloodPumping</capacity>
					<offset>0.2</offset>
				  </li>
				  <li>
					<capacity>Breathing</capacity>
					<offset>0.25</offset>
				  </li>
			</capMods>
        </li>
	 </stages>	
  </HediffDef>
  
      <!-- Burning Fury -->
  
   <HediffDef>
    <defName>TM_BurningFuryHD</defName>
	<hediffClass>HediffWithComps</hediffClass>
	<label>Burning Fury</label>
    <defaultLabelColor>(1,0.4,0.25)</defaultLabelColor>
    <scenarioCanAdd>false</scenarioCanAdd>
    <maxSeverity>4.0</maxSeverity>	
	<isBad>false</isBad>
      <stages>
        <li>
			<label>I</label>
			<minSeverity>.001</minSeverity>
			<capMods>
				  <li>
					<capacity>Moving</capacity>
					<offset>0.1</offset>
				  </li>
				  <li>
					<capacity>BloodPumping</capacity>
					<offset>0.4</offset>
				  </li>
				  <li>
					<capacity>Breathing</capacity>
					<offset>0.4</offset>
				  </li>
			</capMods>
			<statOffsets>
			  <PainShockThreshold>0.4</PainShockThreshold>
			  <ArmorRating_Heat>1</ArmorRating_Heat>
			</statOffsets>
        </li>
	 </stages>
	<comps>
      <li>
        <compClass>TorannMagic.HediffComp_BurningFury</compClass>
      </li>  
    </comps>		 
  </HediffDef>
  
</Defs>