<?xml version="1.0" encoding="utf-8" ?>
<Defs>

  <HediffDef>
    <defName>TM_Uncertainty</defName>
	<hediffClass>HediffWithComps</hediffClass>
	<label>Uncertain Future</label>
    <defaultLabelColor>(1,1,1)</defaultLabelColor>
    <scenarioCanAdd>false</scenarioCanAdd>
	<makesSickThought>false</makesSickThought>
	<tendable>false</tendable>
    <makesAlert>false</makesAlert>
	<minSeverity>0.001</minSeverity>
	<maxSeverity>1.0</maxSeverity>
	<initialSeverity>0.5</initialSeverity>
	<isBad>false</isBad>
	 <comps>
      <li Class="HediffCompProperties_Disappears">
        <disappearsAfterTicks>
          <min>20</min>
          <max>30</max>
        </disappearsAfterTicks>
      </li>	  
    </comps>
  </HediffDef>

  <HediffDef Name="TM_InfectionBase" Abstract="True">
    <hediffClass>HediffWithComps</hediffClass>
    <defaultLabelColor>(0.8, 0.8, 0.8)</defaultLabelColor>
    <comps>
      <li Class="HediffCompProperties_Discoverable">
        <sendLetterWhenDiscovered>false</sendLetterWhenDiscovered>
      </li>
    </comps>
  </HediffDef>

<!--   <HediffDef Name="InfectionTreatableBase" ParentName="TM_InfectionBase" Abstract="True">
    <comps>
      <li Class="HediffCompProperties_TendDuration">
        <tendDuration>30000</tendDuration>
      </li>
    </comps>
  </HediffDef>
   -->
    <HediffDef Abstract="True" ParentName="TM_InfectionBase" Name="DebuffBase">
    <hediffClass>HediffWithComps</hediffClass>
    <makesSickThought>false</makesSickThought>
		<tendable>false</tendable>
    <makesAlert>false</makesAlert>
        <minSeverity>0.001</minSeverity>
        <maxSeverity>1</maxSeverity>
	<initialSeverity>0.001</initialSeverity>
    <comps>
      <li Class="HediffCompProperties_Disappears">
        <disappearsAfterTicks>
          <min>900</min>
          <max>1200</max>
        </disappearsAfterTicks>
      </li>
      <li Class="HediffCompProperties_Immunizable">
        <severityPerDayNotImmune>.5</severityPerDayNotImmune>
      </li>
    </comps>
  </HediffDef>
    
  <HediffDef Abstract="True" ParentName="TM_InfectionBase" Name="MediumBuffBase">
    <hediffClass>HediffWithComps</hediffClass>
    <makesSickThought>false</makesSickThought>
		<tendable>false</tendable>
    <makesAlert>false</makesAlert>
        <minSeverity>0.001</minSeverity>
        <maxSeverity>1</maxSeverity>
	<initialSeverity>0.001</initialSeverity>
    <comps>
      <li Class="HediffCompProperties_Disappears">
        <disappearsAfterTicks>
          <min>30000</min>
          <max>36000</max>
        </disappearsAfterTicks>
      </li>
      <li Class="HediffCompProperties_Immunizable">
        <severityPerDayNotImmune>.5</severityPerDayNotImmune>
      </li>
    </comps>
  </HediffDef>
  
  <HediffDef Abstract="True" ParentName="TM_InfectionBase" Name="LongBuffBase">
    <hediffClass>HediffWithComps</hediffClass>
    <makesSickThought>false</makesSickThought>
		<tendable>false</tendable>
    <makesAlert>false</makesAlert>
        <minSeverity>0.001</minSeverity>
        <maxSeverity>1</maxSeverity>
	<initialSeverity>0.001</initialSeverity>
    <comps>
      <li Class="HediffCompProperties_Disappears">
        <disappearsAfterTicks>
          <min>66000</min>
          <max>75000</max>
        </disappearsAfterTicks>
      </li>
      <li Class="HediffCompProperties_Immunizable">
        <severityPerDayNotImmune>.2</severityPerDayNotImmune>
      </li>
    </comps>
  </HediffDef>
  
  <HediffDef Abstract="True" ParentName="TM_InfectionBase" Name="ShortBuffBase">
    <hediffClass>HediffWithComps</hediffClass>
    <makesSickThought>false</makesSickThought>
		<tendable>false</tendable>
    <makesAlert>false</makesAlert>
        <minSeverity>0.001</minSeverity>
        <maxSeverity>1</maxSeverity>
	<initialSeverity>0.001</initialSeverity>
    <comps>
      <li Class="HediffCompProperties_Disappears">
        <disappearsAfterTicks>
          <min>6000</min>
          <max>7000</max>
        </disappearsAfterTicks>
      </li>
      <li Class="HediffCompProperties_Immunizable">
        <severityPerDayNotImmune>.5</severityPerDayNotImmune>
      </li>
    </comps>
  </HediffDef>
  
    <HediffDef Abstract="True" ParentName="TM_InfectionBase" Name="CombatBuffBase">
    <hediffClass>HediffWithComps</hediffClass>
    <makesSickThought>false</makesSickThought>
		<tendable>false</tendable>
    <makesAlert>false</makesAlert>
        <minSeverity>0.001</minSeverity>
        <maxSeverity>1</maxSeverity>
	<initialSeverity>0.001</initialSeverity>
    <comps>
      <li Class="HediffCompProperties_Disappears">
        <disappearsAfterTicks>
          <min>1800</min>
          <max>2400</max>
        </disappearsAfterTicks>
      </li>
      <li Class="HediffCompProperties_Immunizable">
        <severityPerDayNotImmune>.5</severityPerDayNotImmune>
      </li>
    </comps>
  </HediffDef>
  
      <HediffDef Abstract="True" ParentName="TM_InfectionBase" Name="CombatIIBuffBase">
    <hediffClass>HediffWithComps</hediffClass>
    <makesSickThought>false</makesSickThought>
		<tendable>false</tendable>
    <makesAlert>false</makesAlert>
        <minSeverity>0.001</minSeverity>
        <maxSeverity>1</maxSeverity>
	<initialSeverity>0.001</initialSeverity>
    <comps>
      <li Class="HediffCompProperties_Disappears">
        <disappearsAfterTicks>
          <min>3000</min>
          <max>3600</max>
        </disappearsAfterTicks>
      </li>
      <li Class="HediffCompProperties_Immunizable">
        <severityPerDayNotImmune>.5</severityPerDayNotImmune>
      </li>
    </comps>
  </HediffDef>
  
    <HediffDef Abstract="True" ParentName="TM_InfectionBase" Name="MediumShortBuffBase">
    <hediffClass>HediffWithComps</hediffClass>
    <makesSickThought>false</makesSickThought>
		<tendable>false</tendable>
    <makesAlert>false</makesAlert>
        <minSeverity>0.001</minSeverity>
        <maxSeverity>1</maxSeverity>
	<initialSeverity>0.001</initialSeverity>
    <comps>
      <li Class="HediffCompProperties_Disappears">
        <disappearsAfterTicks>
          <min>12000</min>
          <max>14000</max>
        </disappearsAfterTicks>
      </li>
      <li Class="HediffCompProperties_Immunizable">
        <severityPerDayNotImmune>.5</severityPerDayNotImmune>
      </li>
    </comps>
  </HediffDef>
  
<!--   <HediffDef Name="AddictionBase" Abstract="True">
    <defaultLabelColor>(255,0,127)</defaultLabelColor>
    <initialSeverity>0.5</initialSeverity>
    <maxSeverity>1.0</maxSeverity>
    <scenarioCanAdd>true</scenarioCanAdd>
  </HediffDef>
 -->
<!--   <HediffDef Name="DrugToleranceBase" Abstract="True">
    <hediffClass>HediffWithComps</hediffClass>
    <defaultLabelColor>(179,86,132)</defaultLabelColor>
    <maxSeverity>1.0</maxSeverity>
    <scenarioCanAdd>true</scenarioCanAdd>
    <stages>
      <li>
        <minSeverity>0</minSeverity>
        <becomeVisible>false</becomeVisible>
      </li>
      <li>
        <minSeverity>0.20</minSeverity>
        <label>small</label>
      </li>
      <li>
        <minSeverity>0.50</minSeverity>
        <label>large</label>
      </li>
      <li>
        <minSeverity>0.80</minSeverity>
        <label>massive</label>
      </li>
    </stages>
  </HediffDef>  -->
  
<!--   <NeedDef Name="DrugAddictionNeedBase" Abstract="True">
    <onlyIfCausedByHediff>true</onlyIfCausedByHediff>
    <tutorHighlightTag>NeedAddiction</tutorHighlightTag>
    <showForCaravanMembers>true</showForCaravanMembers>
  </NeedDef> -->
  

  
    <!-- Soothing Breeze -->
	
  <HediffDef>
    <defName>TM_SoothingBreeze_AuraHD</defName>
	<hediffClass>HediffWithComps</hediffClass>
	<label>Soothing Aura</label>
    <defaultLabelColor>(.2,.6,1)</defaultLabelColor>
    <scenarioCanAdd>false</scenarioCanAdd>
	<makesSickThought>false</makesSickThought>
	<tendable>false</tendable>
    <makesAlert>false</makesAlert>
	<minSeverity>0.001</minSeverity>
	<maxSeverity>4.0</maxSeverity>
	<initialSeverity>0.5</initialSeverity>
	<isBad>false</isBad>
	<comps>
	  <li>
        <compClass>TorannMagic.HediffComp_Aura</compClass>
      </li>  
    </comps>
	<stages>
      <li>
	    <label>I</label>
		<minSeverity>.001</minSeverity>
      </li>
	  <li>
	    <label>II</label>
		<minSeverity>1</minSeverity>
      </li>
		<li>
	    <label>III</label>
		<minSeverity>2</minSeverity>
      </li>
		<li>
	    <label>IV</label>
		<minSeverity>3</minSeverity>
      </li>
    </stages>
  </HediffDef>
  
  <HediffDef ParentName="MediumShortBuffBase">
    <defName>SoothingBreeze</defName>
	<hediffClass>HediffWithComps</hediffClass>
    <label>Soothing Breeze</label>
	<defaultLabelColor>(.2,.6,1)</defaultLabelColor>
    <scenarioCanAdd>true</scenarioCanAdd>
	<maxSeverity>1.0</maxSeverity>
	<isBad>false</isBad>
    <stages>
      <li>
	    <label>I</label>
		<minSeverity>.001</minSeverity>
        <restFallFactor>0.9</restFallFactor>
		<hungerRateFactor>0.9</hungerRateFactor>
		<socialFightChanceFactor>0.9</socialFightChanceFactor>
		<painOffset>-0.1</painOffset>
        <capMods>
          <li>
            <capacity>Manipulation</capacity>
            <offset>0.1</offset>
          </li>
		  <li>
            <capacity>Consciousness</capacity>
            <offset>0.05</offset>
          </li>
        </capMods>
      </li>
    </stages>
  </HediffDef>
  
  <HediffDef ParentName="MediumShortBuffBase">
    <defName>SoothingBreeze_I</defName>
	<hediffClass>HediffWithComps</hediffClass>
    <label>Soothing Breeze</label>
	<defaultLabelColor>(.2,.6,1)</defaultLabelColor>
    <scenarioCanAdd>true</scenarioCanAdd>
	<maxSeverity>1.0</maxSeverity>
	<isBad>false</isBad>
    <stages>
      <li>
	    <label>II</label>
		<minSeverity>.001</minSeverity>
        <restFallFactor>0.85</restFallFactor>
		<hungerRateFactor>0.9</hungerRateFactor>
		<socialFightChanceFactor>0.9</socialFightChanceFactor>
		<painOffset>-0.15</painOffset>
        <capMods>
          <li>
            <capacity>Manipulation</capacity>
            <offset>0.15</offset>
          </li>
		  <li>
            <capacity>Consciousness</capacity>
            <offset>0.1</offset>
          </li>
        </capMods>
      </li>
    </stages>
  </HediffDef>
  
  <HediffDef ParentName="MediumBuffBase">
    <defName>SoothingBreeze_II</defName>
	<hediffClass>HediffWithComps</hediffClass>
    <label>Soothing Breeze</label>
	<defaultLabelColor>(.2,.6,1)</defaultLabelColor>
    <scenarioCanAdd>true</scenarioCanAdd>
	<maxSeverity>1.0</maxSeverity>
	<isBad>false</isBad>
    <stages>
      <li>
	    <label>III</label>
		<minSeverity>.001</minSeverity>
        <restFallFactor>0.8</restFallFactor>
		<hungerRateFactor>0.85</hungerRateFactor>
		<socialFightChanceFactor>0.85</socialFightChanceFactor>
		<painOffset>-0.2</painOffset>
        <capMods>
          <li>
            <capacity>Manipulation</capacity>
            <offset>0.2</offset>
          </li>
		  <li>
            <capacity>Consciousness</capacity>
            <offset>0.15</offset>
          </li>
        </capMods>
      </li>
    </stages>
  </HediffDef>
 
   <HediffDef ParentName="MediumBuffBase">
    <defName>SoothingBreeze_III</defName>
	<hediffClass>HediffWithComps</hediffClass>
    <label>Soothing Breeze</label>
	<defaultLabelColor>(.2,.6,1)</defaultLabelColor>
    <scenarioCanAdd>true</scenarioCanAdd>
	<maxSeverity>1.0</maxSeverity>
	<isBad>false</isBad>
    <stages>
      <li>
	    <label>IV</label>
		<minSeverity>.001</minSeverity>
        <restFallFactor>0.75</restFallFactor>
		<hungerRateFactor>0.8</hungerRateFactor>
		<socialFightChanceFactor>0.8</socialFightChanceFactor>
		<painOffset>-0.25</painOffset>
        <capMods>
          <li>
            <capacity>Manipulation</capacity>
            <offset>0.2</offset>
          </li>
		  <li>
            <capacity>Consciousness</capacity>
            <offset>0.2</offset>
          </li>
        </capMods>
      </li>
    </stages>
  </HediffDef>
  
  <ThoughtDef>
    <defName>SoothingBreeze</defName>
    <workerClass>ThoughtWorker_Hediff</workerClass>
    <hediff>SoothingBreeze</hediff>
    <validWhileDespawned>true</validWhileDespawned>
    <stages>
      <li>
        <label>soothing breeze</label>
        <description>Something is having a calming affect on me, I'm thinking clearly and I'm wasting less energy fretting about senseless concerns.</description>
        <baseMoodEffect>2</baseMoodEffect>
      </li>
    </stages>
  </ThoughtDef>
  
  <ThoughtDef>
    <defName>SoothingBreeze_I</defName>
    <workerClass>ThoughtWorker_Hediff</workerClass>
    <hediff>SoothingBreeze_I</hediff>
    <validWhileDespawned>true</validWhileDespawned>
    <stages>
      <li>
        <label>soothing breeze</label>
        <description>Something is having a calming affect on me, I'm thinking clearly and I'm wasting less energy fretting about senseless concerns.</description>
        <baseMoodEffect>3</baseMoodEffect>
      </li>
    </stages>
  </ThoughtDef>
  
  <ThoughtDef>
    <defName>SoothingBreeze_II</defName>
    <workerClass>ThoughtWorker_Hediff</workerClass>
    <hediff>SoothingBreeze_II</hediff>
    <validWhileDespawned>true</validWhileDespawned>
    <stages>
      <li>
        <label>soothing breeze</label>
        <description>With the wind at my back, I feel calm, relaxed, and focused and have the energy to keep going.</description>
        <baseMoodEffect>4</baseMoodEffect>
      </li>
    </stages>
  </ThoughtDef>
  
  <ThoughtDef>
    <defName>SoothingBreeze_III</defName>
    <workerClass>ThoughtWorker_Hediff</workerClass>
    <hediff>SoothingBreeze_III</hediff>
    <validWhileDespawned>true</validWhileDespawned>
    <stages>
      <li>
        <label>soothing breeze</label>
        <description>All distractions have been washed away, I am utterly focused and have the confidence to execute all tasks to perfection.</description>
        <baseMoodEffect>5</baseMoodEffect>
      </li>
    </stages>
  </ThoughtDef>
  
  <!-- Ray of Hope -->
  
  <HediffDef>
    <defName>TM_RayOfHope_AuraHD</defName>
	<hediffClass>HediffWithComps</hediffClass>
	<label>Aura of Hope</label>
    <defaultLabelColor>(1,.8,0.6)</defaultLabelColor>
    <scenarioCanAdd>false</scenarioCanAdd>
	<makesSickThought>false</makesSickThought>
	<tendable>false</tendable>
    <makesAlert>false</makesAlert>
	<minSeverity>0.001</minSeverity>
	<maxSeverity>4.0</maxSeverity>
	<initialSeverity>0.5</initialSeverity>
	<isBad>false</isBad>
	<comps>
	  <li>
        <compClass>TorannMagic.HediffComp_Aura</compClass>
      </li>  
    </comps>
	<stages>
      <li>
	    <label>I</label>
		<minSeverity>.001</minSeverity>
      </li>
	  <li>
	    <label>II</label>
		<minSeverity>1</minSeverity>
      </li>
		<li>
	    <label>III</label>
		<minSeverity>2</minSeverity>
      </li>
		<li>
	    <label>IV</label>
		<minSeverity>3</minSeverity>
      </li>
    </stages>
  </HediffDef>
  
  <HediffDef ParentName="MediumShortBuffBase">
    <defName>RayofHope</defName>
	<hediffClass>HediffWithComps</hediffClass>
    <label>Ray of Hope</label>
	<defaultLabelColor>(1,.8,0.6)</defaultLabelColor>
    <scenarioCanAdd>true</scenarioCanAdd>
	<maxSeverity>1.0</maxSeverity>
	<isBad>false</isBad>
    <stages>
      <li>
	    <label>I</label>
		<minSeverity>.001</minSeverity>
        <capMods>
          <li>
            <capacity>Manipulation</capacity>
            <offset>0.1</offset>
          </li>
          <li>
            <capacity>Moving</capacity>
            <offset>0.1</offset>
          </li>
          <li>
            <capacity>BloodPumping</capacity>
            <offset>0.1</offset>
          </li>
		  <li>
            <capacity>Consciousness</capacity>
            <offset>0.05</offset>
          </li>
        </capMods>
      </li>
    </stages>
  </HediffDef>
  
  <HediffDef ParentName="MediumShortBuffBase">
    <defName>RayofHope_I</defName>
	<hediffClass>HediffWithComps</hediffClass>
    <label>Ray of Hope</label>
	<defaultLabelColor>(1,.8,0.6)</defaultLabelColor>
    <scenarioCanAdd>true</scenarioCanAdd>
	<maxSeverity>1.0</maxSeverity>
	<isBad>false</isBad>
    <stages>
      <li>
	    <label>II</label>
		<minSeverity>.001</minSeverity>
        <capMods>
          <li>
            <capacity>Manipulation</capacity>
            <offset>0.15</offset>
          </li>
          <li>
            <capacity>Moving</capacity>
            <offset>0.15</offset>
          </li>
          <li>
            <capacity>BloodPumping</capacity>
            <offset>0.1</offset>
          </li>
		  <li>
            <capacity>Consciousness</capacity>
            <offset>0.1</offset>
          </li>
        </capMods>
      </li>
    </stages>
  </HediffDef>
  
   <HediffDef ParentName="MediumBuffBase">
    <defName>RayofHope_II</defName>
	<hediffClass>HediffWithComps</hediffClass>
    <label>Ray of Hope</label>
	<defaultLabelColor>(1,.8,0.6)</defaultLabelColor>
    <scenarioCanAdd>true</scenarioCanAdd>
	<maxSeverity>1.0</maxSeverity>
	<isBad>false</isBad>
    <stages>
      <li>
	    <label>III</label>
		<minSeverity>.001</minSeverity>
        <capMods>
          <li>
            <capacity>Manipulation</capacity>
            <offset>0.20</offset>
          </li>
          <li>
            <capacity>Moving</capacity>
            <offset>0.20</offset>
          </li>
          <li>
            <capacity>BloodPumping</capacity>
            <offset>0.1</offset>
          </li>
		  <li>
            <capacity>Consciousness</capacity>
            <offset>0.1</offset>
          </li>
        </capMods>
      </li>
    </stages>
  </HediffDef>
  
   <HediffDef ParentName="MediumBuffBase">
    <defName>RayofHope_III</defName>
	<hediffClass>HediffWithComps</hediffClass>
    <label>Ray of Hope</label>
	<defaultLabelColor>(1,.8,0.6)</defaultLabelColor>
    <scenarioCanAdd>true</scenarioCanAdd>
	<maxSeverity>1.0</maxSeverity>
	<isBad>false</isBad>
    <stages>
      <li>
	    <label>IV</label>
		<minSeverity>.001</minSeverity>
        <capMods>
          <li>
            <capacity>Manipulation</capacity>
            <offset>0.25</offset>
          </li>
          <li>
            <capacity>Moving</capacity>
            <offset>0.25</offset>
          </li>
          <li>
            <capacity>BloodPumping</capacity>
            <offset>0.1</offset>
          </li>
		  <li>
            <capacity>Consciousness</capacity>
            <offset>0.1</offset>
          </li>
        </capMods>
      </li>
    </stages>
  </HediffDef>
  
  <ThoughtDef>
    <defName>RayofHope</defName>
    <workerClass>ThoughtWorker_Hediff</workerClass>
    <hediff>RayofHope</hediff>
    <validWhileDespawned>true</validWhileDespawned>
    <stages>
      <li>
        <label>Shadow of hope</label>
        <description>Where there's shadow, there's light</description>
        <baseMoodEffect>4</baseMoodEffect>
      </li>
    </stages>
  </ThoughtDef>
  
  <ThoughtDef>
    <defName>RayofHope_I</defName>
    <workerClass>ThoughtWorker_Hediff</workerClass>
    <hediff>RayofHope_I</hediff>
    <validWhileDespawned>true</validWhileDespawned>
    <stages>
      <li>
        <label>Glimmer of hope</label>
        <description>I have this glimmer of hope that wasn't there before!</description>
        <baseMoodEffect>5</baseMoodEffect>
      </li>
    </stages>
  </ThoughtDef>
  
    <ThoughtDef>
    <defName>RayofHope_II</defName>
    <workerClass>ThoughtWorker_Hediff</workerClass>
    <hediff>RayofHope_II</hediff>
    <validWhileDespawned>true</validWhileDespawned>
    <stages>
      <li>
        <label>Ray of hope</label>
        <description>Theres a ray of light breaking through this dark mood, I finally feel like we have a chance.</description>
        <baseMoodEffect>6</baseMoodEffect>
      </li>
    </stages>
  </ThoughtDef>
  
  <ThoughtDef>
    <defName>RayofHope_III</defName>
    <workerClass>ThoughtWorker_Hediff</workerClass>
    <hediff>RayofHope_III</hediff>
    <validWhileDespawned>true</validWhileDespawned>
    <stages>
      <li>
        <label>Beacon of hope</label>
        <description>All the misfortune that's befallen us is being burned away by a brilliant light, I have a burst of energy and feel amazing!</description>
        <baseMoodEffect>7</baseMoodEffect>
      </li>
    </stages>
  </ThoughtDef>
  
  <HediffDef ParentName="CombatBuffBase">
		<defName>AMP_I</defName>
	<hediffClass>HediffWithComps</hediffClass>
    <label>AMP</label>
	<defaultLabelColor>(1,1,1)</defaultLabelColor>
    <scenarioCanAdd>true</scenarioCanAdd>
	<maxSeverity>1.0</maxSeverity>
	<isBad>false</isBad>
    <stages>
      <li>
	    <label>I</label>
		<minSeverity>.001</minSeverity>
        <restFallFactor>1.4</restFallFactor>
		<hungerRateFactor>1.4</hungerRateFactor>
		<painOffset>-0.2</painOffset>
        <capMods>
          <li>
            <capacity>Manipulation</capacity>
            <offset>0.3</offset>
          </li>
          <li>
            <capacity>Moving</capacity>
            <offset>0.3</offset>
          </li>
          <li>
            <capacity>BloodPumping</capacity>
            <offset>0.25</offset>
          </li>
		  <li>
            <capacity>Consciousness</capacity>
            <offset>0.1</offset>
          </li>
		  <li>
            <capacity>Sight</capacity>
            <offset>0.3</offset>
          </li>
		  <li>
            <capacity>Hearing</capacity>
            <offset>0.2</offset>
          </li>
		  <li>
            <capacity>Eating</capacity>
            <offset>0.5</offset>
          </li>
		  <li>
            <capacity>Breathing</capacity>
            <offset>0.2</offset>
          </li>
        </capMods>
      </li>
    </stages>
  </HediffDef>
  
  <HediffDef ParentName="CombatIIBuffBase">
		<defName>AMP_II</defName>
	<hediffClass>HediffWithComps</hediffClass>
    <label>AMP</label>
	<defaultLabelColor>(1,1,1)</defaultLabelColor>
    <scenarioCanAdd>true</scenarioCanAdd>
	<maxSeverity>1.0</maxSeverity>
	<isBad>false</isBad>
    <stages>
      <li>
	    <label>II</label>
		<minSeverity>.001</minSeverity>
        <restFallFactor>1.6</restFallFactor>
		<hungerRateFactor>1.6</hungerRateFactor>
		<painOffset>-0.3</painOffset>
        <capMods>
          <li>
            <capacity>Manipulation</capacity>
            <offset>.5</offset>
          </li>
          <li>
            <capacity>Moving</capacity>
            <offset>.5</offset>
          </li>
          <li>
            <capacity>BloodPumping</capacity>
            <offset>0.4</offset>
          </li>
		  <li>
            <capacity>Consciousness</capacity>
            <offset>0.2</offset>
          </li>
		  <li>
            <capacity>Sight</capacity>
            <offset>0.5</offset>
          </li>
		  <li>
            <capacity>Hearing</capacity>
            <offset>0.3</offset>
          </li>
		  <li>
            <capacity>Eating</capacity>
            <offset>0.7</offset>
          </li>
		  <li>
            <capacity>Breathing</capacity>
            <offset>0.4</offset>
          </li>
        </capMods>
      </li>
    </stages>
  </HediffDef>
  
  <HediffDef ParentName="CombatIIBuffBase">
		<defName>AMP_III</defName>
	<hediffClass>HediffWithComps</hediffClass>
    <label>AMP</label>
	<defaultLabelColor>(1,1,1)</defaultLabelColor>
    <scenarioCanAdd>true</scenarioCanAdd>
	<maxSeverity>1.0</maxSeverity>
	<isBad>false</isBad>
    <stages>
      <li>
	    <label>III</label>
		<minSeverity>.001</minSeverity>
        <restFallFactor>2</restFallFactor>
		<hungerRateFactor>2</hungerRateFactor>
		<painOffset>-0.4</painOffset>
        <capMods>
          <li>
            <capacity>Manipulation</capacity>
            <offset>.75</offset>
          </li>
          <li>
            <capacity>Moving</capacity>
            <offset>.75</offset>
          </li>
          <li>
            <capacity>BloodPumping</capacity>
            <offset>0.5</offset>
          </li>
		  <li>
            <capacity>Consciousness</capacity>
            <offset>0.35</offset>
          </li>
		  <li>
            <capacity>Sight</capacity>
            <offset>0.6</offset>
          </li>
		  <li>
            <capacity>Hearing</capacity>
            <offset>0.6</offset>
          </li>
		  <li>
            <capacity>Eating</capacity>
            <offset>1</offset>
          </li>
		  <li>
            <capacity>Breathing</capacity>
            <offset>.6</offset>
          </li>
        </capMods>
      </li>
    </stages>
  </HediffDef>

  
  <ThoughtDef>
    <defName>AMP_I</defName>
    <workerClass>ThoughtWorker_Hediff</workerClass>
    <hediff>AMP_I</hediff>
    <validWhileDespawned>true</validWhileDespawned>
    <stages>
      <li>
        <label>pumped</label>
        <description>I feel great. This is better than Go-Juice.</description>
        <baseMoodEffect>4</baseMoodEffect>
      </li>
    </stages>
  </ThoughtDef>
  
  <ThoughtDef>
    <defName>AMP_II</defName>
    <workerClass>ThoughtWorker_Hediff</workerClass>
    <hediff>AMP_II</hediff>
    <validWhileDespawned>true</validWhileDespawned>
    <stages>
      <li>
        <label>amped</label>
        <description>This is amazing! I could run like the wind and fight like a lion - nothing can stop me!</description>
        <baseMoodEffect>6</baseMoodEffect>
      </li>
    </stages>
  </ThoughtDef>
  
  <ThoughtDef>
    <defName>AMP_III</defName>
    <workerClass>ThoughtWorker_Hediff</workerClass>
    <hediff>AMP_III</hediff>
    <validWhileDespawned>true</validWhileDespawned>
    <stages>
      <li>
        <label>surging energy</label>
        <description>I'm surging with power, I feel unstoppable.</description>
        <baseMoodEffect>8</baseMoodEffect>
      </li>
    </stages>
  </ThoughtDef>
  
  <HediffDef>
    <defName>TM_Shadow_AuraHD</defName>
	<hediffClass>HediffWithComps</hediffClass>
	<label>Shadow Aura</label>
    <defaultLabelColor>(0.4,0.0,0.8)</defaultLabelColor>
    <scenarioCanAdd>false</scenarioCanAdd>
	<makesSickThought>false</makesSickThought>
	<tendable>false</tendable>
    <makesAlert>false</makesAlert>
	<minSeverity>0.001</minSeverity>
	<maxSeverity>4.0</maxSeverity>
	<initialSeverity>0.5</initialSeverity>
	<isBad>false</isBad>
	<comps>
	  <li>
        <compClass>TorannMagic.HediffComp_Aura</compClass>
      </li>  
    </comps>
	<stages>
      <li>
	    <label>I</label>
		<minSeverity>.001</minSeverity>
      </li>
	  <li>
	    <label>II</label>
		<minSeverity>1</minSeverity>
      </li>
		<li>
	    <label>III</label>
		<minSeverity>2</minSeverity>
      </li>
		<li>
	    <label>IV</label>
		<minSeverity>3</minSeverity>
      </li>
    </stages>
  </HediffDef>
  
  <HediffDef ParentName="MediumBuffBase">
    <defName>Shadow</defName>
	<hediffClass>HediffWithComps</hediffClass>
    <label>Arcane Shadow</label>
	<defaultLabelColor>(0.4,0.0,0.8)</defaultLabelColor>
    <scenarioCanAdd>true</scenarioCanAdd>
	<maxSeverity>1.0</maxSeverity>
	<isBad>false</isBad>
    <stages>
      <li>
	    <label></label>
		<minSeverity>.001</minSeverity>
        <restFallFactor>0.9</restFallFactor>
		<hungerRateFactor>0.9</hungerRateFactor>
        <capMods>
          <li>
            <capacity>Manipulation</capacity>
            <offset>0.1</offset>
          </li>
          <li>
            <capacity>Moving</capacity>
            <offset>0.05</offset>
          </li>
		  <li>
            <capacity>Consciousness</capacity>
            <offset>0.05</offset>
          </li>
		  <li>
            <capacity>Sight</capacity>
            <offset>0.1</offset>
          </li>
		  <li>
            <capacity>Hearing</capacity>
            <offset>0.1</offset>
          </li>
		  <li>
            <capacity>BloodFiltration</capacity>
            <offset>0.1</offset>
          </li>
        </capMods>
      </li>
    </stages>
  </HediffDef>

<HediffDef ParentName="MediumBuffBase">
    <defName>Shadow_I</defName>
	<hediffClass>HediffWithComps</hediffClass>
    <label>Arcane Shadow</label>
	<defaultLabelColor>(0.4,0.0,0.8)</defaultLabelColor>
    <scenarioCanAdd>true</scenarioCanAdd>
	<maxSeverity>1.0</maxSeverity>
	<isBad>false</isBad>
    <stages>
      <li>
	    <label>I</label>
		<minSeverity>.001</minSeverity>
        <restFallFactor>0.9</restFallFactor>
		<hungerRateFactor>0.9</hungerRateFactor>
        <capMods>
          <li>
            <capacity>Manipulation</capacity>
            <offset>0.2</offset>
          </li>
          <li>
            <capacity>Moving</capacity>
            <offset>0.1</offset>
          </li>
		  <li>
            <capacity>Consciousness</capacity>
            <offset>0.1</offset>
          </li>
		  <li>
            <capacity>Sight</capacity>
            <offset>0.2</offset>
          </li>
		  <li>
            <capacity>Hearing</capacity>
            <offset>0.2</offset>
          </li>
		  <li>
            <capacity>Talking</capacity>
            <offset>0.2</offset>
          </li>
		  <li>
            <capacity>BloodFiltration</capacity>
            <offset>0.1</offset>
          </li>
		  <li>
            <capacity>Metabolism</capacity>
            <offset>0.1</offset>
          </li>
        </capMods>
      </li>
    </stages>
  </HediffDef>
  
  <HediffDef ParentName="LongBuffBase">
    <defName>Shadow_II</defName>
	<hediffClass>HediffWithComps</hediffClass>
    <label>Arcane Shadow</label>
	<defaultLabelColor>(0.4,0.0,0.8)</defaultLabelColor>
    <scenarioCanAdd>true</scenarioCanAdd>
	<maxSeverity>1.0</maxSeverity>
	<isBad>false</isBad>
    <stages>
      <li>
	    <label>II</label>
		<minSeverity>.001</minSeverity>
        <restFallFactor>0.8</restFallFactor>
		<hungerRateFactor>0.9</hungerRateFactor>
        <capMods>
          <li>
            <capacity>Manipulation</capacity>
            <offset>0.25</offset>
          </li>
          <li>
            <capacity>Moving</capacity>
            <offset>0.15</offset>
          </li>
		  <li>
            <capacity>Consciousness</capacity>
            <offset>0.1</offset>
          </li>
		  <li>
            <capacity>Sight</capacity>
            <offset>0.25</offset>
          </li>
		  <li>
            <capacity>Hearing</capacity>
            <offset>0.25</offset>
          </li>
		  <li>
            <capacity>Talking</capacity>
            <offset>0.25</offset>
          </li>
		  <li>
            <capacity>BloodFiltration</capacity>
            <offset>0.15</offset>
          </li>
		  <li>
            <capacity>Metabolism</capacity>
            <offset>0.15</offset>
          </li>
        </capMods>
      </li>
    </stages>
  </HediffDef>
  
  <HediffDef ParentName="LongBuffBase">
    <defName>Shadow_III</defName>
	<hediffClass>HediffWithComps</hediffClass>
    <label>Arcane Shadow</label>
	<defaultLabelColor>(0.4,0.0,0.8)</defaultLabelColor>
    <scenarioCanAdd>true</scenarioCanAdd>
	<maxSeverity>1.0</maxSeverity>
	<isBad>false</isBad>
    <stages>
      <li>
	    <label>III</label>
		<minSeverity>.001</minSeverity>
        <restFallFactor>0.6</restFallFactor>
		<hungerRateFactor>0.8</hungerRateFactor>
        <capMods>
          <li>
            <capacity>Manipulation</capacity>
            <offset>0.25</offset>
          </li>
          <li>
            <capacity>Moving</capacity>
            <offset>0.2</offset>
          </li>
		  <li>
            <capacity>Consciousness</capacity>
            <offset>0.15</offset>
          </li>
		  <li>
            <capacity>Sight</capacity>
            <offset>0.25</offset>
          </li>
		  <li>
            <capacity>Hearing</capacity>
            <offset>0.25</offset>
          </li>
		  <li>
            <capacity>Talking</capacity>
            <offset>0.25</offset>
          </li>
		  <li>
            <capacity>BloodFiltration</capacity>
            <offset>0.2</offset>
          </li>
		  <li>
            <capacity>Metabolism</capacity>
            <offset>0.2</offset>
          </li>
        </capMods>
      </li>
    </stages>
  </HediffDef>
  
  <ThoughtDef>
    <defName>Shadow</defName>
    <workerClass>ThoughtWorker_Hediff</workerClass>
    <hediff>Shadow</hediff>
    <validWhileDespawned>true</validWhileDespawned>
    <stages>
      <li>
        <label>twitchy</label>
        <description>Something feels off....</description>
        <baseMoodEffect>-3</baseMoodEffect>
      </li>
    </stages>
  </ThoughtDef>
  
  <ThoughtDef>
    <defName>Shadow_I</defName>
    <workerClass>ThoughtWorker_Hediff</workerClass>
    <hediff>Shadow_I</hediff>
    <validWhileDespawned>true</validWhileDespawned>
    <stages>
      <li>
        <label>anxious</label>
        <description>There's a tingling sensation at the back of my neck, like I'm always being watched... it's creepy.</description>
        <baseMoodEffect>-4</baseMoodEffect>
      </li>
    </stages>
  </ThoughtDef>
  
    <ThoughtDef>
    <defName>Shadow_II</defName>
    <workerClass>ThoughtWorker_Hediff</workerClass>
    <hediff>Shadow_II</hediff>
    <validWhileDespawned>true</validWhileDespawned>
    <stages>
      <li>
        <label>nervous</label>
        <description>I keep seeing something out of the corner of my eye, it feels like someone is right behind me and it has me on edge.</description>
        <baseMoodEffect>-6</baseMoodEffect>
      </li>
    </stages>
  </ThoughtDef>
  
      <ThoughtDef>
    <defName>Shadow_III</defName>
    <workerClass>ThoughtWorker_Hediff</workerClass>
    <hediff>Shadow_III</hediff>
    <validWhileDespawned>true</validWhileDespawned>
    <stages>
      <li>
        <label>distraught</label>
        <description>There's another presence next to me, assisting in everything I do. It knows what to do before I do. Am I possessed?!</description>
        <baseMoodEffect>-8</baseMoodEffect>
      </li>
    </stages>
  </ThoughtDef> 
  
  <!-- Bestow Might -->
  
  <HediffDef ParentName="CombatBuffBase">
    <defName>BestowMightHD</defName>
	<hediffClass>HediffWithComps</hediffClass>
    <label>Bestow Might</label>
	<defaultLabelColor>(.96,.9,0.45)</defaultLabelColor>
    <scenarioCanAdd>false</scenarioCanAdd>
	<maxSeverity>1.0</maxSeverity>
	<isBad>false</isBad>
    <stages>
      <li>
	    <label>I</label>
		<minSeverity>.001</minSeverity>
        <restFallFactor>1.50</restFallFactor>
		<hungerRateFactor>1.20</hungerRateFactor>
		<painOffset>-0.5</painOffset>   
        <capMods>
          <li>
            <capacity>Manipulation</capacity>
            <offset>0.4</offset>
          </li>
          <li>
            <capacity>Moving</capacity>
            <offset>0.4</offset>
          </li>
		  <li>
            <capacity>Consciousness</capacity>
            <offset>0.1</offset>
          </li>
		  <li>
            <capacity>BloodPumping</capacity>
            <offset>0.1</offset>
          </li>
        </capMods>
		<statOffsets>
		  <MentalBreakThreshold>-0.05</MentalBreakThreshold>
		  <PainShockThreshold>+0.05</PainShockThreshold>
		  <MeleeDodgeChance>+10</MeleeDodgeChance>
		  <AimingDelayFactor>-0.10</AimingDelayFactor>
	    </statOffsets>
      </li>
    </stages>
  </HediffDef>
  
  <HediffDef ParentName="CombatIIBuffBase">
    <defName>BestowMightHD_I</defName>
	<hediffClass>HediffWithComps</hediffClass>
    <label>Bestow Might</label>
	<defaultLabelColor>(.96,.9,0.45)</defaultLabelColor>
    <scenarioCanAdd>true</scenarioCanAdd>
	<maxSeverity>1.0</maxSeverity>
	<isBad>false</isBad>
    <stages>
      <li>
	    <label>II</label>
		<minSeverity>.001</minSeverity>
        <restFallFactor>1.70</restFallFactor>
		<hungerRateFactor>1.40</hungerRateFactor>
		<painOffset>-0.5</painOffset>    
        <capMods>
          <li>
            <capacity>Manipulation</capacity>
            <offset>0.6</offset>
          </li>
          <li>
            <capacity>Moving</capacity>
            <offset>0.6</offset>
          </li>
		  <li>
            <capacity>Consciousness</capacity>
            <offset>0.1</offset>
          </li>
		  <li>
            <capacity>BloodPumping</capacity>
            <offset>0.2</offset>
          </li>
        </capMods>
		<statOffsets>
		  <MentalBreakThreshold>-0.08</MentalBreakThreshold>
		  <PainShockThreshold>+0.08</PainShockThreshold>
		  <MeleeDodgeChance>+15</MeleeDodgeChance>
		  <AimingDelayFactor>-0.15</AimingDelayFactor>
	    </statOffsets>
      </li>
    </stages>
  </HediffDef>
  
  <HediffDef ParentName="CombatIIBuffBase">
    <defName>BestowMightHD_II</defName>
	<hediffClass>HediffWithComps</hediffClass>
    <label>Bestow Might</label>
	<defaultLabelColor>(.96,.9,0.45)</defaultLabelColor>
    <scenarioCanAdd>true</scenarioCanAdd>
	<maxSeverity>1.0</maxSeverity>
	<isBad>false</isBad>
    <stages>
      <li>
	    <label>III</label>
		<minSeverity>.001</minSeverity>
        <restFallFactor>1.80</restFallFactor>
		<hungerRateFactor>1.60</hungerRateFactor>
		<painOffset>-0.6</painOffset>	    
        <capMods>
          <li>
            <capacity>Manipulation</capacity>
            <offset>0.8</offset>
          </li>
          <li>
            <capacity>Moving</capacity>
            <offset>0.8</offset>
          </li>
		  <li>
            <capacity>Consciousness</capacity>
            <offset>0.2</offset>
          </li>
		  <li>
            <capacity>BloodPumping</capacity>
            <offset>0.3</offset>
          </li>
        </capMods>
		<statOffsets>
		  <MentalBreakThreshold>-0.11</MentalBreakThreshold>
		  <PainShockThreshold>+0.11</PainShockThreshold>
		  <MeleeDodgeChance>+20</MeleeDodgeChance>
		  <AimingDelayFactor>-0.20</AimingDelayFactor>
	    </statOffsets>
      </li>
    </stages>
  </HediffDef>
  
  <HediffDef ParentName="ShortBuffBase">
    <defName>BestowMightHD_III</defName>
	<hediffClass>HediffWithComps</hediffClass>
    <label>Bestow Might</label>
	<defaultLabelColor>(.96,.9,0.45)</defaultLabelColor>
    <scenarioCanAdd>true</scenarioCanAdd>
	<maxSeverity>1.0</maxSeverity>
	<isBad>false</isBad>
    <stages>
      <li>
	    <label>IV</label>
		<minSeverity>.001</minSeverity>
        <restFallFactor>2.00</restFallFactor>
		<hungerRateFactor>1.80</hungerRateFactor>
		<painOffset>-0.7</painOffset>	    
        <capMods>
          <li>
            <capacity>Manipulation</capacity>
            <offset>1</offset>
          </li>
          <li>
            <capacity>Moving</capacity>
            <offset>1</offset>
          </li>
		  <li>
            <capacity>Consciousness</capacity>
            <offset>0.2</offset>
          </li>
		  <li>
            <capacity>BloodPumping</capacity>
            <offset>0.4</offset>
          </li>
        </capMods>
		<statOffsets>
		  <MentalBreakThreshold>-0.15</MentalBreakThreshold>
		  <PainShockThreshold>+0.15</PainShockThreshold>
		  <MeleeDodgeChance>+25</MeleeDodgeChance>
		  <AimingDelayFactor>-0.25</AimingDelayFactor>
	    </statOffsets>
      </li>
    </stages>
  </HediffDef>
  
    <!-- Ranger Pet Bond -->
  <HediffDef>
    <defName>TM_RangerBondHD</defName>
	<hediffClass>HediffWithComps</hediffClass>
	<label>Ranger Bond</label>
    <defaultLabelColor>(0,0.8,0.0)</defaultLabelColor>
    <scenarioCanAdd>false</scenarioCanAdd>
	<makesSickThought>false</makesSickThought>
	<tendable>false</tendable>
    <makesAlert>false</makesAlert>
	<minSeverity>0.001</minSeverity>
	<maxSeverity>4.0</maxSeverity>
	<initialSeverity>0.95</initialSeverity>
	<isBad>false</isBad>
	<comps>
	  <li>
        <compClass>TorannMagic.HediffComp_RangerBond</compClass>
      </li>
      <li Class="HediffCompProperties_SeverityPerDay">
        <severityPerDay>0.0</severityPerDay>
      </li>	  
    </comps>
	<stages>
      <li>
	    <label>I</label>
		<minSeverity>.001</minSeverity>
		<painOffset>-0.5</painOffset>	    
        <capMods>
          <li>
            <capacity>Manipulation</capacity>
            <offset>0.2</offset>
          </li>
          <li>
            <capacity>Moving</capacity>
            <offset>0.2</offset>
          </li>
        </capMods>
		<statOffsets>
		  <PainShockThreshold>+0.05</PainShockThreshold>
		  <MeleeDodgeChance>+15</MeleeDodgeChance>
	    </statOffsets>
      </li>
	  <li>
	    <label>II</label>
		<minSeverity>1</minSeverity>
		<painOffset>-0.6</painOffset>	    
        <capMods>
          <li>
            <capacity>Manipulation</capacity>
            <offset>0.3</offset>
          </li>
          <li>
            <capacity>Moving</capacity>
            <offset>0.3</offset>
          </li>
		  <li>
            <capacity>BloodPumping</capacity>
            <offset>0.2</offset>
          </li>
        </capMods>
		<statOffsets>
		  <PainShockThreshold>+0.10</PainShockThreshold>
		  <MeleeDodgeChance>+20</MeleeDodgeChance>
	    </statOffsets>
      </li>
	  <li>
	    <label>III</label>
		<minSeverity>2</minSeverity>
		<painOffset>-0.7</painOffset>	    
        <capMods>
          <li>
            <capacity>Manipulation</capacity>
            <offset>0.4</offset>
          </li>
          <li>
            <capacity>Moving</capacity>
            <offset>0.4</offset>
          </li>
		  <li>
            <capacity>BloodPumping</capacity>
            <offset>0.3</offset>
          </li>
        </capMods>
		<statOffsets>
		  <PainShockThreshold>+0.15</PainShockThreshold>
		  <MeleeDodgeChance>+27</MeleeDodgeChance>
	    </statOffsets>
      </li>
	  <li>
	    <label>IV</label>
		<minSeverity>3</minSeverity>
		<painOffset>-0.8</painOffset>	    
        <capMods>
          <li>
            <capacity>Manipulation</capacity>
            <offset>0.5</offset>
          </li>
          <li>
            <capacity>Moving</capacity>
            <offset>0.5</offset>
          </li>
		  <li>
            <capacity>BloodPumping</capacity>
            <offset>0.4</offset>
          </li>
        </capMods>
		<statOffsets>
		  <PainShockThreshold>+0.20</PainShockThreshold>
		  <MeleeDodgeChance>+35</MeleeDodgeChance>
	    </statOffsets>
      </li>
	  </stages>
  </HediffDef>
  
  <!-- Shield -->
  
   <HediffDef>
    <defName>TM_HediffShield</defName>
	<hediffClass>HediffWithComps</hediffClass>
	<label>Shield</label>
    <defaultLabelColor>(1,0.3,0.5)</defaultLabelColor>
    <scenarioCanAdd>false</scenarioCanAdd>
    <maxSeverity>3.0</maxSeverity>	
	<isBad>false</isBad>
	<comps>
      <li>
        <compClass>TorannMagic.HediffComp_Shield</compClass>
      </li>
      <li Class="HediffCompProperties_SeverityPerDay">
        <severityPerDay>-1.5</severityPerDay>
      </li>	  
    </comps>
<!--       <stages>
        <li>
          <restFallFactor>1.33</restFallFactor>
        </li>
      </stages>	 -->
  </HediffDef>
  
<!-- Sprint -->
  
  <HediffDef>
    <defName>TM_HediffSprint_I</defName>
	<hediffClass>HediffWithComps</hediffClass>
	<label>Sprint (I)</label>
    <defaultLabelColor>(1,0.3,0.5)</defaultLabelColor>
    <scenarioCanAdd>false</scenarioCanAdd>
    <maxSeverity>3.0</maxSeverity>	
	<isBad>false</isBad>
	<comps>
      <li Class="HediffCompProperties_Disappears">
        <disappearsAfterTicks>
          <min>720</min>
          <max>720</max>
        </disappearsAfterTicks>
      </li>
      <li Class="HediffCompProperties_SeverityPerDay">
        <severityPerDay>-5.0</severityPerDay>
      </li>	  
    </comps>
      <stages>
        <li>
          <restFallFactor>1.5</restFallFactor>
		  <capMods>
			  <li>
				<capacity>Moving</capacity>
				<offset>0.75</offset>
			  </li>
			  <li>
				<capacity>BloodPumping</capacity>
				<offset>0.15</offset>
			  </li>
			  <li>
				<capacity>Breathing</capacity>
				<offset>0.3</offset>
			  </li>
        </capMods>
        </li>
      </stages>	
  </HediffDef>
  
    <HediffDef>
    <defName>TM_HediffSprint_II</defName>
	<hediffClass>HediffWithComps</hediffClass>
	<label>Sprint (II)</label>
    <defaultLabelColor>(1,0.3,0.5)</defaultLabelColor>
    <scenarioCanAdd>false</scenarioCanAdd>
    <maxSeverity>3.0</maxSeverity>	
	<isBad>false</isBad>
	<comps>
      <li Class="HediffCompProperties_Disappears">
        <disappearsAfterTicks>
          <min>720</min>
          <max>720</max>
        </disappearsAfterTicks>
      </li>
      <li Class="HediffCompProperties_SeverityPerDay">
        <severityPerDay>-5.0</severityPerDay>
      </li>	  
    </comps>
      <stages>
        <li>
          <restFallFactor>1.6</restFallFactor>
		  <capMods>
			  <li>
				<capacity>Moving</capacity>
				<offset>1.0</offset>
			  </li>
			  <li>
				<capacity>BloodPumping</capacity>
				<offset>0.3</offset>
			  </li>
			  <li>
				<capacity>Breathing</capacity>
				<offset>0.4</offset>
			  </li>
        </capMods>
        </li>
      </stages>	
  </HediffDef>
  
    <HediffDef>
    <defName>TM_HediffSprint_III</defName>
	<hediffClass>HediffWithComps</hediffClass>
	<label>Sprint (III)</label>
    <defaultLabelColor>(1,0.3,0.5)</defaultLabelColor>
    <scenarioCanAdd>false</scenarioCanAdd>
    <maxSeverity>3.0</maxSeverity>	
	<isBad>false</isBad>
	<comps>
      <li Class="HediffCompProperties_Disappears">
        <disappearsAfterTicks>
          <min>900</min>
          <max>900</max>
        </disappearsAfterTicks>
      </li>
      <li Class="HediffCompProperties_SeverityPerDay">
        <severityPerDay>-5.0</severityPerDay>
      </li>	  
    </comps>
      <stages>
        <li>
          <restFallFactor>1.75</restFallFactor>
		  <capMods>
			  <li>
				<capacity>Moving</capacity>
				<offset>1.5</offset>
			  </li>
			  <li>
				<capacity>BloodPumping</capacity>
				<offset>0.4</offset>
			  </li>
			  <li>
				<capacity>Breathing</capacity>
				<offset>0.6</offset>
			  </li>
        </capMods>
        </li>
      </stages>	
  </HediffDef>
  
  
   <HediffDef>
    <defName>TM_HediffInvulnerable</defName>
	<hediffClass>HediffWithComps</hediffClass>
	<label>Invulnerable</label>
    <defaultLabelColor>(1,1,0.2)</defaultLabelColor>
    <scenarioCanAdd>false</scenarioCanAdd>
    <maxSeverity>3.0</maxSeverity>	
	<isBad>false</isBad>
	<comps>
      <li>
        <compClass>TorannMagic.HediffComp_Invulnerable</compClass>
      </li>
      <li Class="HediffCompProperties_SeverityPerDay">
        <severityPerDay>-10</severityPerDay>
      </li>	  
    </comps>
  </HediffDef>
  
  <HediffDef>
    <defName>TM_HediffTimedInvulnerable</defName>
	<hediffClass>HediffWithComps</hediffClass>
	<label>Invulnerable</label>
    <defaultLabelColor>(1,1,0.2)</defaultLabelColor>
    <scenarioCanAdd>false</scenarioCanAdd>
    <maxSeverity>3.0</maxSeverity>	
	<isBad>false</isBad>
	<comps>
      <li Class="HediffCompProperties_Disappears">
        <disappearsAfterTicks>
          <min>360</min>
          <max>370</max>
        </disappearsAfterTicks>
      </li>
      <li Class="HediffCompProperties_SeverityPerDay">
        <severityPerDay>-10</severityPerDay>
      </li>	  
    </comps>
  </HediffDef>
  
   <HediffDef>
    <defName>TM_HediffFortitude</defName>
	<hediffClass>HediffWithComps</hediffClass>
	<label>Fortitude</label>
    <defaultLabelColor>(1,0.3,0.5)</defaultLabelColor>
    <scenarioCanAdd>false</scenarioCanAdd>
	<makesSickThought>false</makesSickThought>
	<tendable>false</tendable>
    <makesAlert>false</makesAlert>
	<minSeverity>0.001</minSeverity>
	<maxSeverity>1.0</maxSeverity>
	<initialSeverity>1.0</initialSeverity>
	<isBad>false</isBad>
	<comps>
	  <li>
        <compClass>TorannMagic.HediffComp_Fortitude</compClass>
      </li>
      <li Class="HediffCompProperties_SeverityPerDay">
        <severityPerDay>0.0</severityPerDay>
      </li>	  
    </comps>
  </HediffDef>
  
  <HediffDef>
    <defName>TM_ManaShieldHD</defName>
	<hediffClass>HediffWithComps</hediffClass>
	<label>Mana Shield</label>
    <defaultLabelColor>(0.4,0.4,1.0)</defaultLabelColor>
    <scenarioCanAdd>false</scenarioCanAdd>
	<makesSickThought>false</makesSickThought>
	<tendable>false</tendable>
    <makesAlert>false</makesAlert>
	<minSeverity>0.001</minSeverity>
	<maxSeverity>1.0</maxSeverity>
	<initialSeverity>1.0</initialSeverity>
	<isBad>false</isBad>
	<comps>
      <li Class="HediffCompProperties_SeverityPerDay">
        <severityPerDay>0.0</severityPerDay>
      </li>	  
    </comps>
  </HediffDef>
 
  
  <!-- Blind -->
  <HediffDef ParentName="DebuffBase">
    <defName>TM_Blind</defName>
	<hediffClass>HediffWithComps</hediffClass>
    <label>Blinded</label>
	<defaultLabelColor>(1,1,1)</defaultLabelColor>
    <scenarioCanAdd>true</scenarioCanAdd>
	<maxSeverity>1</maxSeverity>
	<isBad>true</isBad>
    <stages>
      <li>
	    <label>I</label>
		<minSeverity>.001</minSeverity>
        <capMods>
		  <li>
            <capacity>Sight</capacity>
            <offset>-.3</offset>
          </li>
        </capMods>
      </li>
		<li>
	    <label>II</label>
		<minSeverity>.5</minSeverity>
        <capMods>
		  <li>
            <capacity>Sight</capacity>
            <offset>-0.5</offset>
          </li>
        </capMods>
      </li>
		<li>
	    <label>III</label>
		<minSeverity>.8</minSeverity>
        <capMods>
		  <li>
            <capacity>Sight</capacity>
            <offset>-0.8</offset>
          </li>
        </capMods>
      </li>
    </stages>
  </HediffDef>
  
  <ThoughtDef>
    <defName>TM_Blind</defName>
    <workerClass>ThoughtWorker_Hediff</workerClass>
    <hediff>TM_Blind</hediff>
    <validWhileDespawned>true</validWhileDespawned>
    <stages>
      <li>
        <label>blinded</label>
        <description>There was a flash of light and what it revealed to me... I can't... I don't want to see anymore!</description>
        <baseMoodEffect>-6</baseMoodEffect>
      </li>
    </stages>
  </ThoughtDef>
  
   <HediffDef>
    <defName>TM_Regeneration</defName>
	<hediffClass>HediffWithComps</hediffClass>
	<label>Regeneration</label>
    <defaultLabelColor>(0,0.5,1)</defaultLabelColor>
    <scenarioCanAdd>false</scenarioCanAdd>
    <maxSeverity>10</maxSeverity>	
	<isBad>false</isBad>
	<comps>
      <li>
        <compClass>TorannMagic.HediffComp_Regeneration</compClass>
      </li>
      <li Class="HediffCompProperties_SeverityPerDay">
        <severityPerDay>-10</severityPerDay>
      </li>	  
    </comps>
  </HediffDef>
  
 <HediffDef>
    <defName>TM_Regeneration_I</defName>
	<hediffClass>HediffWithComps</hediffClass>
	<label>Regeneration (I)</label>
    <defaultLabelColor>(0,0.5,1)</defaultLabelColor>
    <scenarioCanAdd>false</scenarioCanAdd>
    <maxSeverity>10</maxSeverity>	
	<isBad>false</isBad>
	<comps>
      <li>
        <compClass>TorannMagic.HediffComp_Regeneration</compClass>
      </li>
      <li Class="HediffCompProperties_SeverityPerDay">
        <severityPerDay>-10</severityPerDay>
      </li>	  
    </comps>
  </HediffDef>
  
   <HediffDef>
    <defName>TM_Regeneration_II</defName>
	<hediffClass>HediffWithComps</hediffClass>
	<label>Regeneration (II)</label>
    <defaultLabelColor>(0,0.5,1)</defaultLabelColor>
    <scenarioCanAdd>false</scenarioCanAdd>
    <maxSeverity>10</maxSeverity>	
	<isBad>false</isBad>
	<comps>
      <li>
        <compClass>TorannMagic.HediffComp_Regeneration</compClass>
      </li>
      <li Class="HediffCompProperties_SeverityPerDay">
        <severityPerDay>-10</severityPerDay>		
      </li>	  
    </comps>
  </HediffDef>
  
   <HediffDef>
    <defName>TM_Regeneration_III</defName>
	<hediffClass>HediffWithComps</hediffClass>
	<label>Regeneration (III)</label>
    <defaultLabelColor>(0,0.5,1)</defaultLabelColor>
    <scenarioCanAdd>false</scenarioCanAdd>
    <maxSeverity>10</maxSeverity>
	<isBad>false</isBad>	
	<comps>
      <li>
        <compClass>TorannMagic.HediffComp_Regeneration</compClass>
      </li>
      <li Class="HediffCompProperties_SeverityPerDay">
        <severityPerDay>-10</severityPerDay>
      </li>	  
    </comps>
  </HediffDef>
  
  <HediffDef>
    <defName>TM_BladeArtHD</defName>
	<hediffClass>HediffWithComps</hediffClass>
	<label>Bladedancer</label>
    <defaultLabelColor>(1,0.3,0.5)</defaultLabelColor>
    <scenarioCanAdd>false</scenarioCanAdd>
	<makesSickThought>false</makesSickThought>
	<tendable>false</tendable>
    <makesAlert>false</makesAlert>
	<minSeverity>0.001</minSeverity>
	<maxSeverity>4.0</maxSeverity>
	<initialSeverity>0.95</initialSeverity>
	<isBad>false</isBad>
	<comps>
	  <li>
        <compClass>TorannMagic.HediffComp_BladeArt</compClass>
      </li>
      <li Class="HediffCompProperties_SeverityPerDay">
        <severityPerDay>0.0</severityPerDay>
      </li>	  
    </comps>
	<stages>
      <li>
        <label>I</label>
        <minSeverity>0.001</minSeverity>
        <capMods>
		  <li>
            <capacity>Moving</capacity>
            <offset>0.1</offset>
		  </li>
	      <li>
            <capacity>Manipulation</capacity>
            <offset>0.1</offset>
          </li>
        </capMods>
      </li>
      <li>
        <label>II</label>
        <minSeverity>1</minSeverity>	
        <capMods>
          <li>
            <capacity>Moving</capacity>
            <offset>0.15</offset>
		  </li>
	      <li>
            <capacity>Manipulation</capacity>
            <offset>0.15</offset>
          </li>
        </capMods>
      </li>
	  <li>
        <label>III</label>
        <minSeverity>2</minSeverity>	
        <capMods>
          <li>
            <capacity>Moving</capacity>
            <offset>0.2</offset>
		  </li>
	      <li>
            <capacity>Manipulation</capacity>
            <offset>0.2</offset>
          </li>
		  <li>
            <capacity>Breathing</capacity>
            <offset>0.1</offset>
          </li>
        </capMods>
      </li>
	  <li>
        <label>IV</label>
        <minSeverity>3</minSeverity>	
        <capMods>
          <li>
            <capacity>Moving</capacity>
            <offset>0.25</offset>
		  </li>
	      <li>
            <capacity>Manipulation</capacity>
            <offset>0.25</offset>
          </li>
		  <li>
            <capacity>Breathing</capacity>
            <offset>0.15</offset>
          </li>
		  <li>
            <capacity>BloodPumping</capacity>
            <offset>0.1</offset>
          </li>
		  <li>
            <capacity>BloodFiltration</capacity>
            <offset>0.1</offset>
          </li>
        </capMods>
      </li>
	  </stages>
  </HediffDef>
  
  <HediffDef>
    <defName>TM_BowTrainingHD</defName>
	<hediffClass>HediffWithComps</hediffClass>
	<label>Bow Mastery</label>
    <defaultLabelColor>(0,0.4,0.0)</defaultLabelColor>
    <scenarioCanAdd>false</scenarioCanAdd>
	<makesSickThought>false</makesSickThought>
	<tendable>false</tendable>
    <makesAlert>false</makesAlert>
	<minSeverity>0.001</minSeverity>
	<maxSeverity>4.0</maxSeverity>
	<initialSeverity>0.95</initialSeverity>
	<isBad>false</isBad>
	<comps>
	  <li>
        <compClass>TorannMagic.HediffComp_BowTraining</compClass>
      </li>
      <li Class="HediffCompProperties_SeverityPerDay">
        <severityPerDay>0.0</severityPerDay>
      </li>	  
    </comps>
	<stages>
      <li>
        <label>I</label>
        <minSeverity>0.001</minSeverity>
        <capMods>
		  <li>
            <capacity>Hearing</capacity>
            <offset>0.2</offset>
		  </li>
	      <li>
            <capacity>Sight</capacity>
            <offset>0.2</offset>
          </li>
        </capMods>
      </li>
      <li>
        <label>II</label>
        <minSeverity>1</minSeverity>	
        <capMods>
          <li>
            <capacity>Hearing</capacity>
            <offset>0.4</offset>
		  </li>
	      <li>
            <capacity>Sight</capacity>
            <offset>0.4</offset>
          </li>
        </capMods>
      </li>
	  <li>
        <label>III</label>
        <minSeverity>2</minSeverity>	
        <capMods>
          <li>
            <capacity>Hearing</capacity>
            <offset>0.6</offset>
		  </li>
	      <li>
            <capacity>Sight</capacity>
            <offset>0.6</offset>
          </li>
		  <li>
            <capacity>Breathing</capacity>
            <offset>0.15</offset>
          </li>
        </capMods>
      </li>
	  <li>
        <label>IV</label>
        <minSeverity>3</minSeverity>	
        <capMods>
          <li>
            <capacity>Hearing</capacity>
            <offset>0.8</offset>
		  </li>
	      <li>
            <capacity>Sight</capacity>
            <offset>0.8</offset>
          </li>
		  <li>
            <capacity>Breathing</capacity>
            <offset>0.25</offset>
          </li>
		  <li>
            <capacity>BloodFiltration</capacity>
            <offset>0.1</offset>
          </li>
        </capMods>
      </li>
	  </stages>
  </HediffDef>
  
  <HediffDef ParentName="MediumShortBuffBase">
    <defName>SpellMendingHD</defName>
	<hediffClass>HediffWithComps</hediffClass>
    <label>Spell Mending</label>
	<defaultLabelColor>(1,0,0.5)</defaultLabelColor>
    <scenarioCanAdd>true</scenarioCanAdd>
	<maxSeverity>2.0</maxSeverity>
	<isBad>false</isBad>
	<comps>
	  <li>
        <compClass>TorannMagic.HediffComp_SpellMending</compClass>
      </li>
      <li Class="HediffCompProperties_SeverityPerDay">
        <severityPerDay>0.0</severityPerDay>
      </li>	  
    </comps>
    <stages>
      <li>
	    <label>active</label>
		<minSeverity>.001</minSeverity>
        <restFallFactor>1.2</restFallFactor>
		<hungerRateFactor>1.2</hungerRateFactor>
        <capMods>
          <li>
            <capacity>Manipulation</capacity>
            <offset>-0.3</offset>
          </li>
          <li>
            <capacity>Moving</capacity>
            <offset>-0.3</offset>
          </li>
        </capMods>
      </li>
	  <li>
	    <label>enhanced</label>
		<minSeverity>1</minSeverity>
      </li>
    </stages>
  </HediffDef>
  
  <!-- Resurrection Debuff -->
  
  <HediffDef>
    <defName>TM_ResurrectionHD</defName>
	<hediffClass>HediffWithComps</hediffClass>
    <label>Resurrection weakness</label>
	<defaultLabelColor>(.8,0,0)</defaultLabelColor>
    <scenarioCanAdd>false</scenarioCanAdd>
	<maxSeverity>1.0</maxSeverity>
	<isBad>true</isBad>
	<makesSickThought>true</makesSickThought>
	<comps>
      <li Class="HediffCompProperties_SeverityPerDay">
        <severityPerDay>-0.3</severityPerDay>
      </li>	  
    </comps>
    <stages>
      <li>
	    <label>I</label>
		<minSeverity>.001</minSeverity>
        <restFallFactor>1.50</restFallFactor>
		<hungerRateFactor>1.50</hungerRateFactor>
        <capMods>
          <li>
            <capacity>Manipulation</capacity>
            <offset>-0.2</offset>
          </li>
          <li>
            <capacity>Moving</capacity>
            <offset>-0.2</offset>
          </li>
		  <li>
            <capacity>Consciousness</capacity>
            <offset>-0.1</offset>
          </li>
        </capMods>
		<statOffsets>
		  <MentalBreakThreshold>0.05</MentalBreakThreshold>
	    </statOffsets>
      </li>
	  <li>
	    <label>II</label>
		<minSeverity>.04</minSeverity>
        <restFallFactor>1.70</restFallFactor>
		<hungerRateFactor>1.7</hungerRateFactor>
        <capMods>
          <li>
            <capacity>Manipulation</capacity>
            <offset>-0.3</offset>
          </li>
          <li>
            <capacity>Moving</capacity>
            <offset>-0.3</offset>
          </li>
		  <li>
            <capacity>Consciousness</capacity>
            <offset>-0.15</offset>
          </li>
        </capMods>
		<statOffsets>
		  <MentalBreakThreshold>0.07</MentalBreakThreshold>
	    </statOffsets>
      </li>
	  <li>
	    <label>III</label>
		<minSeverity>.7</minSeverity>
        <restFallFactor>2</restFallFactor>
		<hungerRateFactor>2</hungerRateFactor>
        <capMods>
          <li>
            <capacity>Manipulation</capacity>
            <offset>-0.4</offset>
          </li>
          <li>
            <capacity>Moving</capacity>
            <offset>-0.4</offset>
          </li>
		  <li>
            <capacity>Consciousness</capacity>
            <setMax>0.2</setMax>
          </li>
        </capMods>
		<statOffsets>
		  <MentalBreakThreshold>0.10</MentalBreakThreshold>
	    </statOffsets>
      </li>
    </stages>
  </HediffDef>
  
  <HediffDef>
    <defName>TM_DiseaseImmunityHD</defName>
	<hediffClass>HediffWithComps</hediffClass>
	<label>Disease Immunity</label>
    <defaultLabelColor>(.4,.8,0)</defaultLabelColor>
    <scenarioCanAdd>false</scenarioCanAdd>
    <maxSeverity>3.0</maxSeverity>	
	<isBad>false</isBad>
	<comps>
      <li Class="HediffCompProperties_SeverityPerDay">
        <severityPerDay>-1</severityPerDay>
      </li>	  
    </comps>
	<stages>
      <li>
        <label>I</label>
		<becomeVisible>true</becomeVisible>
		<statOffsets>
		  <ImmunityGainSpeed>0.15</ImmunityGainSpeed>
	    </statOffsets>
      </li>  
	</stages>
  </HediffDef>
  
  <HediffDef>
    <defName>TM_DiseaseImmunity2HD</defName>
	<hediffClass>HediffWithComps</hediffClass>
	<label>Disease Immunity</label>
    <defaultLabelColor>(.4,.8,0)</defaultLabelColor>
    <scenarioCanAdd>false</scenarioCanAdd>
    <maxSeverity>5.0</maxSeverity>	
	<isBad>false</isBad>
	<comps>
      <li Class="HediffCompProperties_SeverityPerDay">
        <severityPerDay>-1</severityPerDay>
      </li>	  
    </comps>
	<stages>
      <li>
        <label>II</label>
		<becomeVisible>true</becomeVisible>
		<statOffsets>
		  <ImmunityGainSpeed>0.25</ImmunityGainSpeed>
	    </statOffsets>
      </li>  
	</stages>
  </HediffDef>
  
  <HediffDef>
    <defName>TM_BlurHD</defName>
	<hediffClass>HediffWithComps</hediffClass>
	<label>Blur</label>
    <defaultLabelColor>(0.0,0.5,1.0)</defaultLabelColor>
    <scenarioCanAdd>false</scenarioCanAdd>
	<makesSickThought>false</makesSickThought>
	<tendable>false</tendable>
    <makesAlert>false</makesAlert>
	<minSeverity>0.001</minSeverity>
	<maxSeverity>1.0</maxSeverity>
	<initialSeverity>1.0</initialSeverity>
	<isBad>false</isBad>
	<comps>
	  <li>
        <compClass>TorannMagic.HediffComp_Blur</compClass>
      </li>  
    </comps>
  </HediffDef>
  
  <HediffDef>
    <defName>TM_InvisibilityHD</defName>
	<hediffClass>HediffWithComps</hediffClass>
	<label>Invisibility</label>
    <defaultLabelColor>(.25,.15,.95)</defaultLabelColor>
    <scenarioCanAdd>false</scenarioCanAdd>
	<makesSickThought>false</makesSickThought>
	<tendable>false</tendable>
    <makesAlert>false</makesAlert>
	<maxSeverity>50.0</maxSeverity>
	<isBad>false</isBad>
	<initialSeverity>20</initialSeverity>
	<comps>
	  <li>
        <compClass>TorannMagic.HediffComp_Invisibility</compClass>
      </li>	  
    </comps>
	<stages>
      <li>
        <label>I</label>
        <minSeverity>0.001</minSeverity>
		<becomeVisible>true</becomeVisible>
		<capMods>
			<li>
			  <capacity>Moving</capacity>
			  <offset>-0.2</offset>
			</li>
		</capMods>
      </li>
	</stages>
  </HediffDef>
  
  <HediffDef ParentName="MediumBuffBase">
    <defName>TM_MageLightHD</defName>
	<hediffClass>HediffWithComps</hediffClass>
    <label>Magelight</label>
	<defaultLabelColor>(1,1,0.8)</defaultLabelColor>
    <scenarioCanAdd>false</scenarioCanAdd>
	<maxSeverity>1.0</maxSeverity>
	<isBad>false</isBad>
    <stages>
      <li>
	    <label></label>
		<minSeverity>.001</minSeverity>
        <capMods>
		  <li>
            <capacity>Sight</capacity>
            <offset>0.2</offset>
          </li>
        </capMods>
      </li>
    </stages>
	<comps>
	  <li>
        <compClass>TorannMagic.HediffComp_MageLight</compClass>
      </li>  
    </comps>
  </HediffDef>
  
  <HediffDef>
    <defName>TM_FrostSlowHD</defName>
	<hediffClass>HediffWithComps</hediffClass>
    <defaultLabelColor>(0.0, 0.25, 1)</defaultLabelColor>
    <label>Slow</label>
    <lethalSeverity>15</lethalSeverity>
	<isBad>true</isBad>
	<comps>
      <li Class="HediffCompProperties_SeverityPerDay">
        <severityPerDay>-25</severityPerDay>
      </li>
    </comps>
    <stages>
      <li>
        <label>frost</label>
        <minSeverity>1</minSeverity>
        <capMods>
		  <li>
            <capacity>Moving</capacity>
            <setMax>.5</setMax>
          </li>
        </capMods>
      </li>      
    </stages>
  </HediffDef>
  
  <HediffDef>
    <defName>TM_CoolHD</defName>
	<hediffClass>HediffWithComps</hediffClass>
    <defaultLabelColor>(0.0, 0.3, 1)</defaultLabelColor>
    <label>Heat Protection</label>
	<isBad>false</isBad>
	<scenarioCanAdd>false</scenarioCanAdd>
	<makesSickThought>false</makesSickThought>
	<tendable>false</tendable>
    <makesAlert>false</makesAlert>
	<maxSeverity>1</maxSeverity>
	<comps>
      <li Class="HediffCompProperties_SeverityPerDay">
        <severityPerDay>-2</severityPerDay>
      </li>
    </comps>
    <stages>
      <li>
        <label>Cooler</label>
        <minSeverity>.001</minSeverity>
		<statOffsets>
		  <ComfyTemperatureMin>-4</ComfyTemperatureMin>
	    </statOffsets>
      </li>      
    </stages>
  </HediffDef>
  
  <HediffDef>
    <defName>TM_RefreshedHD</defName>
	<hediffClass>HediffWithComps</hediffClass>
    <defaultLabelColor>(0.0, 0.3, 1)</defaultLabelColor>
    <label>Refreshed</label>
	<isBad>false</isBad>
	<scenarioCanAdd>false</scenarioCanAdd>
	<makesSickThought>false</makesSickThought>
	<tendable>false</tendable>
    <makesAlert>false</makesAlert>
	<maxSeverity>1</maxSeverity>
	<comps>
      <li Class="HediffCompProperties_SeverityPerDay">
        <severityPerDay>-2</severityPerDay>
      </li>
    </comps>
    <stages>
      <li>
        <label>Cooler</label>
        <minSeverity>.001</minSeverity>
		<restFallFactor>.9</restFallFactor>
      </li>      
    </stages>
  </HediffDef>
  
  <HediffDef>
    <defName>TM_WarmHD</defName>
	<hediffClass>HediffWithComps</hediffClass>
    <defaultLabelColor>(1, 0.3, 0.0)</defaultLabelColor>
    <label>Cold Protection</label>
	<isBad>false</isBad>
	<scenarioCanAdd>false</scenarioCanAdd>
	<makesSickThought>false</makesSickThought>
	<tendable>false</tendable>
    <makesAlert>false</makesAlert>
	<maxSeverity>1</maxSeverity>
	<comps>
      <li Class="HediffCompProperties_SeverityPerDay">
        <severityPerDay>-2</severityPerDay>
      </li>
    </comps>
    <stages>
      <li>
        <label>Heater</label>
        <minSeverity>.001</minSeverity>
		<statOffsets>
		  <ComfyTemperatureMax>4</ComfyTemperatureMax>
	    </statOffsets>
      </li>      
    </stages>
  </HediffDef>
  
  <HediffDef>
    <defName>TM_ShockTherapyHD</defName>
	<hediffClass>HediffWithComps</hediffClass>
    <defaultLabelColor>(.8, 0.8, 0.0)</defaultLabelColor>
    <label>Shock Therapy</label>
	<isBad>false</isBad>
	<scenarioCanAdd>false</scenarioCanAdd>
	<makesSickThought>false</makesSickThought>
	<tendable>false</tendable>
    <makesAlert>false</makesAlert>
	<maxSeverity>1</maxSeverity>
	<comps>
      <li Class="HediffCompProperties_SeverityPerDay">
        <severityPerDay>-2</severityPerDay>
      </li>
    </comps>
    <stages>
      <li>
        <label>Power Node</label>
        <minSeverity>.001</minSeverity>
		<statOffsets>
		  <MentalBreakThreshold>-.02</MentalBreakThreshold>
	    </statOffsets>
      </li>      
    </stages>
  </HediffDef>
  
    <HediffDef>
    <defName>TM_JoltHD</defName>
	<hediffClass>HediffWithComps</hediffClass>
    <defaultLabelColor>(.8, 0.8, 0.0)</defaultLabelColor>
    <label>Jolt</label>
	<isBad>false</isBad>
	<scenarioCanAdd>false</scenarioCanAdd>
	<makesSickThought>false</makesSickThought>
	<tendable>false</tendable>
    <makesAlert>false</makesAlert>
	<maxSeverity>1</maxSeverity>
	<comps>
      <li Class="HediffCompProperties_SeverityPerDay">
        <severityPerDay>-4</severityPerDay>
      </li>
    </comps>
    <stages>
      <li>
        <label>I</label>
        <minSeverity>.001</minSeverity>
        <capMods>
		  <li>
            <capacity>Moving</capacity>
            <offset>0.04</offset>
          </li>
		  <li>
            <capacity>Manipulation</capacity>
            <offset>0.04</offset>
          </li>
        </capMods>
      </li>
	  <li>
        <label>II</label>
        <minSeverity>.3</minSeverity>
        <capMods>
		  <li>
            <capacity>Moving</capacity>
            <offset>0.05</offset>
          </li>
		  <li>
            <capacity>Manipulation</capacity>
            <offset>0.05</offset>
          </li>
        </capMods>
      </li> 
	  <li>
        <label>III</label>
        <minSeverity>.7</minSeverity>
        <capMods>
		  <li>
            <capacity>Moving</capacity>
            <offset>0.06</offset>
          </li>
		  <li>
            <capacity>Manipulation</capacity>
            <offset>0.06</offset>
          </li>
        </capMods>
      </li>       
    </stages>
  </HediffDef>
  
  <!-- Energy Regen - increases stamina/mana regeneration rates by multiplying the HD severity -->
  
  <HediffDef>
    <defName>TM_EnergyRegenHD</defName>
	<hediffClass>HediffWithComps</hediffClass>
    <label>Energy Regeneration</label>
	<defaultLabelColor>(0,.5,1)</defaultLabelColor>
    <scenarioCanAdd>false</scenarioCanAdd>
	<maxSeverity>5.0</maxSeverity>
	<isBad>false</isBad>
	<makesSickThought>false</makesSickThought>
	<comps>
	  <li>
        <compClass>TorannMagic.HediffComp_EnergyRegen</compClass>
      </li>	  
    </comps>
    <stages>
      <li>
	    <label></label>
		<minSeverity>.001</minSeverity>
		<becomeVisible>true</becomeVisible>
      </li>
    </stages>
  </HediffDef>
  
    <!-- Super Soldier Serum  -->
  
  <HediffDef>
    <defName>TM_SS_SerumHD</defName>
	<hediffClass>HediffWithComps</hediffClass>
    <label>SS Serum</label>
	<defaultLabelColor>(0.2,0.6,1)</defaultLabelColor>
    <scenarioCanAdd>false</scenarioCanAdd>
	<maxSeverity>100.0</maxSeverity>
	<isBad>false</isBad>
	<makesSickThought>false</makesSickThought>
	<comps>
      <li Class="HediffCompProperties_SeverityPerDay">
        <severityPerDay>1</severityPerDay>
      </li>
    </comps>
    <stages>
      <li>
	    <label>Stage 0</label>
		<minSeverity>.001</minSeverity>
		<becomeVisible>true</becomeVisible>
		<restFallFactor>2</restFallFactor>
		<hungerRateFactor>2</hungerRateFactor>
		<capMods>
		  <li>
            <capacity>Consciousness</capacity>
            <setMax>0.1</setMax>
          </li>
        </capMods>
      </li>
	  <li>
	    <label>Stage 1</label>
		<minSeverity>2</minSeverity>
		<becomeVisible>true</becomeVisible>
		<hungerRateFactor>1.1</hungerRateFactor>
		<painOffset>-0.1</painOffset>
		<capMods>
		  <li>
            <capacity>Moving</capacity>
            <offset>0.1</offset>
          </li>
		  <li>
            <capacity>Manipulation</capacity>
            <offset>0.05</offset>
          </li>	
		  <li>
            <capacity>Sight</capacity>
            <offset>0.1</offset>
          </li>
		  <li>
            <capacity>Hearing</capacity>
            <offset>0.1</offset>
          </li>
        </capMods>
		<statOffsets>
		  <ComfyTemperatureMin>-2</ComfyTemperatureMin>
		  <ComfyTemperatureMax>2</ComfyTemperatureMax>
	    </statOffsets>
      </li>
	  <li>
	    <label>Stage 2</label>
		<minSeverity>30</minSeverity>
		<becomeVisible>true</becomeVisible>
		<hungerRateFactor>1.15</hungerRateFactor>
		<painOffset>-0.15</painOffset>
		<capMods>
		  <li>
            <capacity>Moving</capacity>
            <offset>0.15</offset>
          </li>
		  <li>
            <capacity>Manipulation</capacity>
            <offset>0.1</offset>
          </li>	
		  <li>
            <capacity>BloodPumping</capacity>
            <offset>0.1</offset>
          </li>
		  <li>
            <capacity>Sight</capacity>
            <offset>0.2</offset>
          </li>
		  <li>
            <capacity>Hearing</capacity>
            <offset>0.2</offset>
          </li>
		  <li>
            <capacity>Breathing</capacity>
            <offset>0.1</offset>
          </li>		
		  <li>
            <capacity>BloodFiltration</capacity>
            <offset>0.1</offset>
          </li>
        </capMods>
		<statOffsets>
		  <ComfyTemperatureMin>-4</ComfyTemperatureMin>
		  <ComfyTemperatureMax>4</ComfyTemperatureMax>
		  <MeleeDodgeChance>1.1</MeleeDodgeChance>
		  <AimingDelayFactor>-0.05</AimingDelayFactor>
	    </statOffsets>
      </li>
	  <li>
	    <label>Stage 3</label>
		<minSeverity>95</minSeverity>
		<becomeVisible>true</becomeVisible>
		<hungerRateFactor>1.2</hungerRateFactor>
		<painOffset>-0.2</painOffset>
		<capMods>
		  <li>
            <capacity>Moving</capacity>
            <offset>0.2</offset>
          </li>
		  <li>
            <capacity>Manipulation</capacity>
            <offset>0.15</offset>
          </li>	
		  <li>
            <capacity>BloodPumping</capacity>
            <offset>0.15</offset>
          </li>
		  <li>
            <capacity>Sight</capacity>
            <offset>0.25</offset>
          </li>
		  <li>
            <capacity>Hearing</capacity>
            <offset>0.25</offset>
          </li>
		  <li>
            <capacity>Breathing</capacity>
            <offset>0.2</offset>
          </li>		
		  <li>
            <capacity>BloodFiltration</capacity>
            <offset>0.2</offset>
          </li>
        </capMods>
		<statOffsets>
		  <ComfyTemperatureMin>-6</ComfyTemperatureMin>
		  <ComfyTemperatureMax>6</ComfyTemperatureMax>
		  <MeleeDodgeChance>1.2</MeleeDodgeChance>
		  <AimingDelayFactor>-0.10</AimingDelayFactor>
	    </statOffsets>
      </li>
    </stages>
  </HediffDef>
  
</Defs>