﻿<?xml version="1.0" encoding="utf-8" ?>
<Defs>

  <ThoughtDef Name="TM_Memory" Abstract="True">
    <thoughtClass>Thought_Memory</thoughtClass>
    <stackedEffectMultiplier>.75</stackedEffectMultiplier>
    <stackLimit>3</stackLimit>
  </ThoughtDef>
  
  <ThoughtDef Name="TM_MemoryOrder" Abstract="True">
    <thoughtClass>Thought_Memory</thoughtClass>
    <stackedEffectMultiplier>.8</stackedEffectMultiplier>
    <stackLimit>8</stackLimit>
  </ThoughtDef>
  
  <!--=================== ah, the memories ===================-->

  <ThoughtDef ParentName="TM_MemoryOrder">
    <defName>TM_TakingOrdersTD</defName>
    <durationDays>.6</durationDays>
    <stages>
      <li>
        <label>taking orders</label>
        <!-- generic penalty -->
        <description>Another pawn gave me orders. This could become annoying.</description>
        <baseMoodEffect>-4</baseMoodEffect>
      </li>
	  </stages>
  </ThoughtDef>
  
  <ThoughtDef ParentName="TM_Memory">
    <defName>RangerSoldBondedPet</defName>
    <durationDays>10</durationDays>
    <stages>
      <li>
        <label>sold bonded animal</label>
        <!-- generic penalty -->
        <description>I allowed my animal companion to be sold into slavery. I won't soon be forgiven by the animal kingdom. (animal bonding disabled while this mood effect is active)</description>
        <baseMoodEffect>-24</baseMoodEffect>
      </li>
	  </stages>
  </ThoughtDef>
  
    <ThoughtDef ParentName="TM_Memory">
    <defName>RangerPetDied</defName>
    <durationDays>3</durationDays>
	<nullifyingTraits>
	  <li>Psychopath</li>
	</nullifyingTraits>
    <stages>
      <li>
        <label>bonded animal died</label>
        <!-- generic penalty -->
        <description>My faithful animal companion died. It feels like I've lost a piece of myself.</description>
        <baseMoodEffect>-16</baseMoodEffect>
      </li>
	  </stages>
  </ThoughtDef>
  
  <ThoughtDef ParentName="TM_Memory">
    <defName>Polymorphed</defName>
    <durationDays>3</durationDays>
	<nullifyingTraits>
	  <li>Enchanter</li>
	  <li>Transhumanist</li>
	</nullifyingTraits>
    <stages>
      <li>
        <label>polymorphed against will</label>
        <!-- generic penalty -->
        <description>I was polymorphed and forced to exist in the body of an animal, how dehumanizing.</description>
        <baseMoodEffect>-18</baseMoodEffect>
      </li>	  
	  </stages>
  </ThoughtDef>
  
  <ThoughtDef ParentName="TM_Memory">
    <defName>Polymorphed_Transhumanist</defName>
    <durationDays>3</durationDays>
	<nullifyingTraits>
	  <li>Enchanter</li>
	</nullifyingTraits>
    <stages>
	  <li>
        <label>polymorphed!</label>
        <!-- generic penalty -->
        <description>I was polymorphed into a wild animal - and it was AMAZING!.</description>
        <baseMoodEffect>22</baseMoodEffect>
      </li>
	  </stages>
  </ThoughtDef>

  <ThoughtDef ParentName="TM_Memory">
    <defName>WarlockEmpathy</defName>
    <durationDays>1</durationDays>
	<stackLimit>1</stackLimit>
	<stackedEffectMultiplier>1</stackedEffectMultiplier>
	<nullifyingTraits>
	  <li>Lich</li>
	  <li>Undead</li>
	</nullifyingTraits>
    <stages>
      <li>
        <label>Empathy</label>
        <!-- generic penalty -->
        <description>I can feel the emotions of those around me.</description>
      </li>
    </stages>
  </ThoughtDef>
  
  <ThoughtDef ParentName="TM_Memory">
    <defName>PsychicEmpathy</defName>
    <durationDays>1</durationDays>
	<stackLimit>1</stackLimit>
	<stackedEffectMultiplier>1</stackedEffectMultiplier>
	<nullifyingTraits>
	  <li>Lich</li>
	  <li>Undead</li>
	</nullifyingTraits>
    <stages>
      <li>
        <label>Empathy</label>
        <!-- generic penalty -->
        <description>I can't explain why I'm feeling these strong emotions.</description>
      </li>
    </stages>
  </ThoughtDef>
  
  	<ThoughtDef>
		<defName>TM_MemoryWipe</defName>
		<durationDays>2</durationDays>
		<stackLimit>5</stackLimit>
		<stages>
			<li>
				<label>clean slate</label>
				<description>I can't remember the last few days, maybe that is for the best.</description>
				<baseMoodEffect>25</baseMoodEffect>
			</li>
		</stages>
	</ThoughtDef>
	
  <ThoughtDef>
    <defName>AteMysteryMeatDirect</defName>
		<showBubble>true</showBubble>
		<icon>Things/Mote/ThoughtSymbol/Food</icon>
		<durationDays>.1</durationDays>
    <stages>
      <li>
        <label>ate minion meat</label>
        <description>I ate some disgusting mystery meat from a dead minion. It was mashed together with sludge and other decaying things I couldn't identify. Was that a fingernail? Gross.</description>
        <baseMoodEffect>0</baseMoodEffect>
      </li>
    </stages>
  </ThoughtDef>

	<ThoughtDef>
		<defName>AteMysteryMeatAsIngredient</defName>
		<showBubble>true</showBubble>
		<icon>Things/Mote/ThoughtSymbol/Food</icon>
		<durationDays>.1</durationDays>
		<stages>
			<li>
				<label>ate cooked minion meat</label>
				<description>I ate a meal cooked with minion meat. No amount of seasoning or spices could prevent the impression that I was eating something disgusting.</description>
				<baseMoodEffect>0</baseMoodEffect>
			</li>
		</stages>
	</ThoughtDef>
	
	<ThoughtDef>
		<thoughtClass>Thought_Memory</thoughtClass>
		<defName>TM_PhantomLimb</defName>
		<durationDays>7</durationDays>
		<stackLimit>10</stackLimit>
		<stackedEffectMultiplier>.8</stackedEffectMultiplier>
		<stages>
			<li>
				<label>phantom limb</label>
				<description>Are these body parts really mine? I feel like a guest in my own body.</description>
				<baseMoodEffect>-15</baseMoodEffect>
			</li>
		</stages>
	</ThoughtDef>
	
   <ThoughtDef>
    <defName>TM_PleasantDreamsTD</defName>
    <durationDays>.8</durationDays>
    <stackLimit>1</stackLimit>
    <nullifyingTraits>
      <li>Psychopath</li>
    </nullifyingTraits>
    <stages>
      <li>
        <label>pleasant dreams</label>
        <description>My dreams are filled with memories and events that make me happy.</description>
        <baseMoodEffect>4</baseMoodEffect>
      </li>
    </stages>
  </ThoughtDef>
  
    <ThoughtDef>
    <defName>TM_BrightDayTD</defName>
    <durationDays>.75</durationDays>
	<stackLimit>1</stackLimit>
    <stages>
      <li>
        <label>brightened day</label>
        <description>A Spirit of Light brightened my day.</description>
        <baseMoodEffect>4</baseMoodEffect>
      </li>
	  </stages>
  </ThoughtDef>
  
</Defs>
