<?xml version="1.0" encoding="utf-8" ?>
<Defs>

  <GameConditionDef>
    <defName>ManaDrain</defName>
    <conditionClass>TorannMagic.GameCondition_ManaDrain</conditionClass>
    <label>mana drain</label>
    <description>The planet's celestial alignment is causing an ebb in mana.  All creatures attuned with magical powers will slowly lose power.</description>
    <endMessage>Magic is returning to normal.</endMessage>
    <letterText>The planet's celestial alignment is shifting, causing an ebb in mana.\n\nAll creatures attuned with magical powers will slowly lose mana and will become physically ill if they have no mana remaining.</letterText>
	<letterDef>NegativeEvent</letterDef>
    <exclusiveConditions>
      <li>ManaSurge</li>
    </exclusiveConditions>
    <canBePermanent>true</canBePermanent>
  </GameConditionDef>
  
  <IncidentDef>
    <defName>ManaDrain</defName>
    <label>mana drain</label>
		<category>Misc</category>
    <targetTags>
      <li>Map_PlayerHome</li>
    </targetTags>
    <workerClass>IncidentWorker_MakeGameCondition</workerClass>
    <gameCondition>ManaDrain</gameCondition>
    <letterLabel>Mana drain</letterLabel>
    <letterText>The planet's celestial alignment is shifting, causing an ebb in mana.\n\nAll creatures attuned with magical powers will slowly lose mana.\n\nCreatures may become physically ill if they have no mana remaining.</letterText>
    <letterDef>NegativeEvent</letterDef>
    <baseChance>1.3</baseChance>
    <minRefireDays>15</minRefireDays>
    <durationDays>
      <min>1</min>
      <max>1.1</max>
    </durationDays>
  </IncidentDef>
  
   <GameConditionDef>
    <defName>ManaSurge</defName>
    <conditionClass>TorannMagic.GameCondition_ManaSurge</conditionClass>
    <label>mana surge</label>
    <description>The planet's celestial alignment is causing a surge in mana.  All creatures attuned with magical powers will gain mana at an increased rate.</description>
    <endMessage>Magic is returning to normal.</endMessage>
    <letterText>The planet's celestial alignment has shifted, causing a surge in mana.  All creatures attuned with magical powers will gain mana at an increased rate.</letterText>
    <letterDef>PositiveEvent</letterDef>
    <exclusiveConditions>
      <li>ManaDrain</li>
    </exclusiveConditions>
    <canBePermanent>true</canBePermanent>
  </GameConditionDef>
  
  	<IncidentDef>
    <defName>ManaSurge</defName>
    <label>mana surge</label>
		<category>Misc</category>
    <targetTags>
      <li>Map_PlayerHome</li>
    </targetTags>
    <workerClass>IncidentWorker_MakeGameCondition</workerClass>
    <gameCondition>ManaSurge</gameCondition>
	<letterLabel>Mana surge</letterLabel>
	<letterText>The planet's celestial alignment has shifted, causing a surge in mana.  All creatures attuned with magical powers will gain mana at an increased rate.</letterText>
    <letterDef>PositiveEvent</letterDef>
    <baseChance>1.5</baseChance>
    <minRefireDays>15</minRefireDays>
    <durationDays>
      <min>1.2</min>
      <max>1.8</max>
    </durationDays>
  </IncidentDef>

  
  <IncidentDef>
    <defName>Disease_ManaSickness</defName>
    <label>mana sickness</label>
	<workerClass>TorannMagic.IncidentWorker_ArcaneSickness</workerClass>
	<letterLabel>Mana sickness</letterLabel>
    <letterText>{0} has gotten sick from {1}.\n\nEnsure you have a medical bed and a doctor. Make sure that {2} gets proper treatment and spends as much time in bed as possible.  During this period {0} will be unable to gain mana.</letterText>
    <letterDef>NegativeEvent</letterDef>
	<category>DiseaseHuman</category>
    <targetTags>
      <li>Map_PlayerHome</li>
      <li>Map_TempIncident</li>
      <li>Caravan</li>
    </targetTags>
	  <diseaseIncident>TM_ArcaneSickness</diseaseIncident>
    <diseaseVictimFractionRange>
      <min>0.1</min>
      <max>0.2</max>
    </diseaseVictimFractionRange>
  </IncidentDef>
  
  <GameConditionDef>
    <defName>ElementalAssault</defName>
    <conditionClass>TorannMagic.Conditions.GameCondition_ElementalAssault</conditionClass>
    <label>elemental assault</label>
    <description>Hostile elementals have created a breach into your world and are preparing to send assault teams through the rift!\n\nRifts cause mayhem in the atmosphere as energy leaks through the rift into your world. The following effects occur for each rift element:\n\nFire Rift: meteor showers and heat waves.\nEarth Rift: toxic fumes and causes animals to go berserk\nIce Rift: hailstorms and rapid decline in temperature\nAir Rift: lightning storms</description>
    <endMessage>The rift has closed.</endMessage>
    <letterText>Hostile elementals have created a breach into your world and are preparing to send assault teams through the rift!\n\nRifts cause mayhem in the atmosphere as energy leaks through the rift into your world. The following effects occur for each rift element:\n\nFire Rift: meteor showers and heat waves.\nEarth Rift: toxic fumes and causes animals to go berserk\nIce Rift: hailstorms and rapid decline in temperature\nAir Rift: lightning storms\n\nDestroy the rift to end this nightmare!</letterText>
    <letterDef>ThreatBig</letterDef>
    <canBePermanent>false</canBePermanent>
  </GameConditionDef>
  
  	<IncidentDef>
    <defName>ElementalAssault</defName>
    <label>elemental assault</label>
		<category>Misc</category>
    <targetTags>
      <li>Map_PlayerHome</li>
    </targetTags>
    <workerClass>TorannMagic.Conditions.IncidentWorker_ElementalAssault</workerClass>
    <gameCondition>ElementalAssault</gameCondition>
	<letterLabel>Elemental assault</letterLabel>    
	<letterText>Hostile elementals have created a breach into your world and are preparing to send assault teams through the rift!\n\nRifts cause mayhem in the atmosphere as energy leaks through the rift into your world. The following effects occur for each rift element:\n\nFire Rift: meteor showers and heat waves.\nEarth Rift: toxic fumes and causes animals to go berserk\nIce Rift: hailstorms and rapid decline in temperature\nAir Rift: lightning storms\n\nDestroy the rift to end this nightmare!</letterText>
    <letterDef>ThreatBig</letterDef>
    <baseChance>0.6</baseChance>
    <minRefireDays>10</minRefireDays>
	<earliestDay>21</earliestDay>
	<minPopulation>6</minPopulation>
    <durationDays>
      <min>.18</min>
      <max>.25</max>
    </durationDays>
  </IncidentDef>
  
    <GameConditionDef>
    <defName>WanderingLich</defName>
    <conditionClass>TorannMagic.Conditions.GameCondition_WanderingLich</conditionClass>
    <label>Wandering lich</label>
    <description>An ancient lich has wandered into the area and is preparing to assault your colony.\n\nLichs are powerful creatures by themselves, but their true strength resides in their ability to create animated undead from the corpses of the deceased.\n\nThis lich is an ancient being that despises all life, and your merry band of living -things- has so far resisted being snuffed out. It will actively seek to end your story of survival by creating a horde of undead to overwhelm your defenses.\n\nThe lich will periodically create new skeleton warriors to attack the colony; allowing the lich to complete a ritual near an exposed corpse will increase the chance skeleton giants are created. Ultimately, the lich will assault the colony itself, if waves of undead are unable to complete the task first.</description>
    <endMessage>The lich's assault it ending.</endMessage>
    <letterText>An ancient lich has wandered into the area and is preparing to assault your colony.\n\nLichs are powerful creatures by themselves, but their true strength resides in their ability to create animated undead from the corpses of the deceased.\n\nThis lich is an ancient being that despises all life, and your merry band of living -things- has so far resisted being snuffed out. It will actively seek to end your story of survival by creating a horde of undead to overwhelm your defenses.\n\nThe lich will periodically create new skeleton warriors to attack the colony; allowing the lich to complete a ritual near an exposed corpse will increase the chance skeleton giants are created. Ultimately, the lich will assault the colony itself, if waves of undead are unable to complete the task first.</letterText>
    <letterDef>ThreatBig</letterDef>
    <canBePermanent>false</canBePermanent>
  </GameConditionDef>
  
  	<IncidentDef>
    <defName>WanderingLich</defName>
    <label>Wandering lich</label>
		<category>Misc</category>
    <targetTags>
      <li>Map_PlayerHome</li>
    </targetTags>
    <workerClass>TorannMagic.Conditions.IncidentWorker_WanderingLich</workerClass>
    <gameCondition>WanderingLich</gameCondition>
	<letterLabel>Wandering lich</letterLabel>
<letterText>An ancient lich has wandered into the area and is preparing to assault your colony.\n\nLichs are powerful creatures by themselves, but their true strength resides in their ability to create animated undead from the corpses of the deceased.\n\nThis lich is an ancient being that despises all life, and your merry band of living -things- has so far resisted being snuffed out. It will actively seek to end your story of survival by creating a horde of undead to overwhelm your defenses.\n\nThe lich will periodically create new skeleton warriors to attack the colony; allowing the lich to complete a ritual near an exposed corpse will increase the chance skeleton giants are created. Ultimately, the lich will assault the colony itself, if waves of undead are unable to complete the task first.</letterText>
    <letterDef>ThreatBig</letterDef>	
    <baseChance>0.4</baseChance>
    <minRefireDays>10</minRefireDays>
	<earliestDay>150</earliestDay>
	<minPopulation>10</minPopulation>
    <durationDays>
      <min>.4</min>
      <max>.6</max>
    </durationDays>
  </IncidentDef>
  
  <GameConditionDef>
    <defName>DarkClouds</defName>
    <label>dark clouds</label>
	<conditionClass>TorannMagic.Conditions.GameCondition_DarkClouds</conditionClass>
    <description>A foreboding shadow has been cast over the land; there is an ominous presence in the dark shadow of these clouds that curses the living.</description>
    <endMessage>The dark clouds are dispersing.</endMessage>
    <letterText>A foreboding shadow has been cast over the land; there is an ominous presence in the dark shadow of these clouds that curses the living.</letterText>
    <letterDef>NegativeEvent</letterDef>
    <canBePermanent>false</canBePermanent>
  </GameConditionDef>
  
    <GameConditionDef>
    <defName>DarkThunderstorm</defName>
    <label>Violent Storm</label>
	<conditionClass>TorannMagic.Conditions.GameCondition_DarkThunderstorm</conditionClass>
    <description>There is a malicious energy hidden within these dark clouds.</description>
    <endMessage>The violent thunderstorm is receding.</endMessage>
    <canBePermanent>false</canBePermanent>
  </GameConditionDef>
  
  <GameConditionDef>
    <defName>TargetedPredatorInsanity</defName>
    <conditionClass>TorannMagic.Conditions.GameCondition_TargetedPredatorInsanity</conditionClass>
    <label>predator insanity</label>
    <description>A psychic pulse enrages nearby predators... and nudges them towards aggressive humans.</description>
    <endMessage>The predator pulse fades.</endMessage>
    <letterText>You have enraged all nearby predators and focused them on your enemies. Be warned, the enraged animals will continue to hunt even after your enemies are gone.</letterText>
	<letterDef>PositiveEvent</letterDef>
    <canBePermanent>false</canBePermanent>
  </GameConditionDef>
  
  <GameConditionDef>
    <defName>DivineBlessing</defName>
    <conditionClass>TorannMagic.Conditions.GameCondition_DivineBlessing</conditionClass>
    <label>divine blessing</label>
    <description>A higher power answers your plea for mercy.</description>
    <endMessage>The benevolent presence fades away.</endMessage>
    <letterText>Your plea for mercy has been answered by a higher power. Various blessings have been bestowed to contest existing ailments.</letterText>
	<letterDef>PositiveEvent</letterDef>
    <canBePermanent>false</canBePermanent>
  </GameConditionDef>
  
  <GameConditionDef>
    <defName>DemonAssault</defName>
    <conditionClass>TorannMagic.Conditions.GameCondition_DemonAssault</conditionClass>
    <label>demon attack</label>
    <description>The end is nigh - a rampaging demon is attacking your colony!\n\nThis brute has an assortment of attacks and challenging tactics.\nFire and ash will fall from the skies.\nThere is very little time to prepare.\n\nGood luck!</description>
    <endMessage>The demon is traveling to another location.</endMessage>
    <letterText>The end is nigh - a rampaging demon is attacking your colony!\n\nThis brute has an assortment of attacks and challenging tactics.\nFire and ash will fall from the skies.\nThere is very little time to prepare.\n\nGood luck!</letterText>
    <letterDef>ThreatBig</letterDef>
    <canBePermanent>false</canBePermanent>
  </GameConditionDef>
  
  	<IncidentDef>
    <defName>DemonAssault</defName>
    <label>demon attack</label>
	<category>ThreatBig</category>
    <targetTags>
      <li>Map_PlayerHome</li>
    </targetTags>
    <workerClass>TorannMagic.Conditions.IncidentWorker_DemonAssault</workerClass>
    <gameCondition>DemonAssault</gameCondition>
	<letterLabel>Demon attack</letterLabel>    
	<letterText>The end is nigh - a rampaging demon is attacking your colony!\n\nThis brute has an assortment of attacks and challenging tactics.\nFire and ash will fall from the skies.\nThere is very little time to prepare.\n\nGood luck!</letterText>
    <letterDef>ThreatBig</letterDef>
    <baseChance>0.25</baseChance>
    <minRefireDays>10</minRefireDays>
	<earliestDay>166</earliestDay>
	<minPopulation>10</minPopulation>
    <durationDays>
      <min>.5</min>
      <max>1</max>
    </durationDays>
  </IncidentDef>

</Defs>