<?xml version="1.0" encoding="utf-8" ?>
<Defs>

  <ThingDef ParentName="MoteBase">
    <defName>Mote_Flowers</defName>
    <graphicData>
      <texPath>Motes/FlowersMote</texPath>
    </graphicData>
    <altitudeLayer>MoteOverhead</altitudeLayer>
    <mote>
      <fadeInTime>0.05</fadeInTime>
      <solidTime>0.2</solidTime>
      <fadeOutTime>0.5</fadeOutTime>
    </mote>
  </ThingDef>

  <ThingDef ParentName="MoteBase">
    <defName>Mote_BoneDust</defName>
    <graphicData>
      <texPath>Motes/BoneDustMote</texPath>
    </graphicData>
    <altitudeLayer>MoteOverhead</altitudeLayer>
    <mote>
      <fadeInTime>0.05</fadeInTime>
      <solidTime>0.2</solidTime>
      <fadeOutTime>0.5</fadeOutTime>
    </mote>
  </ThingDef>

  <ThingDef ParentName="MoteBase">
    <defName>Mote_GrappleHook</defName>
    <graphicData>
      <texPath>Spells/grapplinghook</texPath>
    </graphicData>
    <altitudeLayer>MoteLow</altitudeLayer>
    <mote>
      <fadeInTime>0.05</fadeInTime>
      <solidTime>0.2</solidTime>
      <fadeOutTime>0.5</fadeOutTime>
    </mote>
  </ThingDef>

  <ThingDef ParentName="MoteBase">
    <defName>Mote_EarthCrack</defName>
    <graphicData>
      <texPath>Motes/EarthCrackMote</texPath>
    </graphicData>
    <altitudeLayer>MoteLow</altitudeLayer>
    <mote>
      <fadeInTime>0.05</fadeInTime>
      <solidTime>0.2</solidTime>
      <fadeOutTime>0.5</fadeOutTime>
    </mote>
  </ThingDef>

  <ThingDef ParentName="MoteBase">
    <defName>Mote_BracerBlock</defName>
    <graphicData>
      <texPath>Motes/BracerBlockMote</texPath>
    </graphicData>
    <altitudeLayer>MoteOverhead</altitudeLayer>
    <mote>
      <fadeInTime>0.05</fadeInTime>
      <solidTime>0.2</solidTime>
      <fadeOutTime>0.5</fadeOutTime>
    </mote>
  </ThingDef>
  
  <ThingDef ParentName="MoteBase">
    <defName>Mote_BracerBlock_NoFlash</defName>
    <graphicData>
      <texPath>Motes/BracerBlockMote_NoFlash</texPath>
    </graphicData>
    <altitudeLayer>MoteLow</altitudeLayer>
    <mote>
      <fadeInTime>0.05</fadeInTime>
      <solidTime>0.2</solidTime>
      <fadeOutTime>0.5</fadeOutTime>
    </mote>
  </ThingDef>
  
  <ThingDef ParentName="MoteBase">
    <defName>Mote_Strike</defName>
    <graphicData>
      <texPath>Motes/StrikeMote</texPath>
    </graphicData>
    <altitudeLayer>MoteOverhead</altitudeLayer>
    <mote>
      <fadeInTime>0.05</fadeInTime>
      <solidTime>0.2</solidTime>
      <fadeOutTime>0.5</fadeOutTime>
    </mote>
  </ThingDef>
  
    <ThingDef ParentName="MoteBase">
    <defName>Mote_CQC</defName>
    <graphicData>
      <texPath>Motes/CQCMote</texPath>
    </graphicData>
    <altitudeLayer>MoteOverhead</altitudeLayer>
    <mote>
      <fadeInTime>0.05</fadeInTime>
      <solidTime>0.2</solidTime>
      <fadeOutTime>0.5</fadeOutTime>
    </mote>
  </ThingDef>
  
    <ThingDef ParentName="MoteBase">
    <defName>Mote_TigerStrike</defName>
    <graphicData>
      <texPath>Motes/TigerStrikeMote</texPath>
    </graphicData>
    <altitudeLayer>MoteOverhead</altitudeLayer>
    <mote>
      <fadeInTime>0.05</fadeInTime>
      <solidTime>0.2</solidTime>
      <fadeOutTime>0.5</fadeOutTime>
    </mote>
  </ThingDef>

  <ThingDef ParentName="MoteBase">
    <defName>Mote_BladeSweep</defName>
    <graphicData>
      <texPath>Motes/BladeSweepMote</texPath>
    </graphicData>
    <altitudeLayer>MoteLow</altitudeLayer>
    <mote>
      <fadeInTime>0.05</fadeInTime>
      <solidTime>0.2</solidTime>
      <fadeOutTime>0.5</fadeOutTime>
    </mote>
  </ThingDef>
  
  <ThingDef ParentName="MoteBase">
    <defName>Mote_DragonStrike</defName>
    <graphicData>
      <texPath>Motes/dragonstrikeMote</texPath>
	  <shaderType>MoteGlow</shaderType>
    </graphicData>
    <altitudeLayer>MoteLow</altitudeLayer>
    <mote>
      <fadeInTime>0.05</fadeInTime>
      <solidTime>0.2</solidTime>
      <fadeOutTime>0.5</fadeOutTime>
    </mote>
  </ThingDef>
  
  <ThingDef ParentName="MoteBase">
    <defName>Mote_Cleave</defName>
    <graphicData>
      <texPath>Spells/cleave</texPath>
    </graphicData>
    <altitudeLayer>MoteLow</altitudeLayer>
    <mote>
      <fadeInTime>0.05</fadeInTime>
      <solidTime>0.2</solidTime>
      <fadeOutTime>0.5</fadeOutTime>
    </mote>
  </ThingDef>
  
  <ThingDef ParentName="MoteBase">
    <defName>Mote_DirectionalDirt</defName>
    <graphicData>
      <texPath>Motes/DirectionalDirt</texPath>
    </graphicData>
    <altitudeLayer>MoteLow</altitudeLayer>
    <mote>
      <fadeInTime>0.05</fadeInTime>
      <solidTime>0.2</solidTime>
      <fadeOutTime>0.5</fadeOutTime>
    </mote>
  </ThingDef>

  <ThingDef ParentName="MoteBase">
    <defName>Mote_Heat</defName>
    <graphicData>
      <texPath>Motes/HeatMote</texPath>
    </graphicData>
    <altitudeLayer>MoteOverhead</altitudeLayer>
    <mote>
      <fadeInTime>0.05</fadeInTime>
      <solidTime>0.2</solidTime>
      <fadeOutTime>0.5</fadeOutTime>
    </mote>
  </ThingDef>
  
  <ThingDef ParentName="MoteBase">
    <defName>Mote_Ice</defName>
    <graphicData>
      <texPath>Motes/IceMote</texPath>
    </graphicData>
    <altitudeLayer>MoteOverhead</altitudeLayer>
    <mote>
      <fadeInTime>0.05</fadeInTime>
      <solidTime>0.2</solidTime>
      <fadeOutTime>0.5</fadeOutTime>
    </mote>
  </ThingDef>

  <ThingDef ParentName="MoteBase">
    <defName>Mote_TechnoShield</defName>
    <graphicData>
      <texPath>UI/technoshield</texPath>
    </graphicData>
    <altitudeLayer>MoteOverhead</altitudeLayer>
    <mote>
      <fadeInTime>0.01</fadeInTime>
      <solidTime>0.35</solidTime>
      <fadeOutTime>0.2</fadeOutTime>
    </mote>
  </ThingDef>
  
  <ThingDef ParentName="MoteBase">
    <defName>Mote_AlterFate</defName>
    <graphicData>
      <texPath>Motes/alterfateMote</texPath>
    </graphicData>
    <altitudeLayer>MoteOverhead</altitudeLayer>
    <mote>
      <fadeInTime>0.01</fadeInTime>
      <solidTime>0.35</solidTime>
      <fadeOutTime>0.2</fadeOutTime>
    </mote>
  </ThingDef>
  
  <ThingDef ParentName="MoteBase">
    <defName>Mote_Scan</defName>
    <graphicData>
      <texPath>Motes/scan</texPath>
    </graphicData>
    <altitudeLayer>MoteOverhead</altitudeLayer>
    <mote>
      <fadeInTime>0.01</fadeInTime>
      <solidTime>0.35</solidTime>
      <fadeOutTime>0.2</fadeOutTime>
    </mote>
  </ThingDef>
  
  <ThingDef ParentName="MoteBase">
    <defName>Mote_SpiritRetaliation</defName>
    <graphicData>
      <texPath>Motes/SpiritRetaliationMote</texPath>
    </graphicData>
    <altitudeLayer>MoteLow</altitudeLayer>
    <mote>
      <fadeInTime>0.01</fadeInTime>
      <solidTime>0.35</solidTime>
      <fadeOutTime>0.2</fadeOutTime>
    </mote>
  </ThingDef>
  
  <ThingDef ParentName="MoteBase">
    <defName>Mote_GraveBlade</defName>
    <graphicData>
      <texPath>Motes/graveblade</texPath>
    </graphicData>
    <altitudeLayer>MoteOverhead</altitudeLayer>
    <mote>
      <fadeInTime>0.01</fadeInTime>
      <solidTime>0.35</solidTime>
      <fadeOutTime>0.2</fadeOutTime>
    </mote>
  </ThingDef>

  <ThingDef ParentName="MoteBase">
    <defName>Mote_Rubble</defName>
    <graphicData>
      <texPath>Motes/Rubble</texPath>
    </graphicData>
    <altitudeLayer>MoteLow</altitudeLayer>
    <mote>
      <fadeInTime>0.02</fadeInTime>
      <solidTime>0.2</solidTime>
      <fadeOutTime>0.05</fadeOutTime>
    </mote>
  </ThingDef>
  
  <ThingDef ParentName="MoteBase">
    <defName>Mote_ArcaneFabricationA</defName>
    <graphicData>
      <texPath>Motes/FabricationEffect/FabricationEffectA</texPath>
    </graphicData>
    <altitudeLayer>MoteOverhead</altitudeLayer>
    <mote>
      <fadeInTime>0.02</fadeInTime>
      <solidTime>0.2</solidTime>
      <fadeOutTime>0.05</fadeOutTime>
    </mote>
  </ThingDef>
    <ThingDef ParentName="MoteBase">
    <defName>Mote_ArcaneFabricationB</defName>
    <graphicData>
      <texPath>Motes/FabricationEffect/FabricationEffectB</texPath>
    </graphicData>
    <altitudeLayer>MoteOverhead</altitudeLayer>
    <mote>
      <fadeInTime>0.02</fadeInTime>
      <solidTime>0.2</solidTime>
      <fadeOutTime>0.05</fadeOutTime>
    </mote>
  </ThingDef>
    <ThingDef ParentName="MoteBase">
    <defName>Mote_ArcaneFabricationC</defName>
    <graphicData>
      <texPath>Motes/FabricationEffect/FabricationEffectC</texPath>
    </graphicData>
    <altitudeLayer>MoteOverhead</altitudeLayer>
    <mote>
      <fadeInTime>0.02</fadeInTime>
      <solidTime>0.2</solidTime>
      <fadeOutTime>0.05</fadeOutTime>
    </mote>
  </ThingDef>
    <ThingDef ParentName="MoteBase">
    <defName>Mote_ArcaneFabricationD</defName>
    <graphicData>
      <texPath>Motes/FabricationEffect/FabricationEffectD</texPath>
    </graphicData>
    <altitudeLayer>MoteOverhead</altitudeLayer>
    <mote>
      <fadeInTime>0.02</fadeInTime>
      <solidTime>0.2</solidTime>
      <fadeOutTime>0.05</fadeOutTime>
    </mote>
  </ThingDef>
  
  <ThingDef ParentName="MoteBase">
    <defName>Mote_ThickDust</defName>
    <graphicData>
      <texPath>Motes/ThickDust</texPath>
    </graphicData>
    <altitudeLayer>MoteOverhead</altitudeLayer>
    <mote>
      <fadeInTime>0.05</fadeInTime>
      <solidTime>0.2</solidTime>
      <fadeOutTime>0.5</fadeOutTime>
    </mote>
  </ThingDef>
  
  <ThingDef ParentName="MoteBase">
    <defName>Mote_Ghost</defName>
    <graphicData>
      <texPath>Motes/GhostMote</texPath>
    </graphicData>
    <altitudeLayer>MoteOverhead</altitudeLayer>
    <mote>
      <fadeInTime>0.05</fadeInTime>
      <solidTime>0.2</solidTime>
      <fadeOutTime>0.5</fadeOutTime>
    </mote>
  </ThingDef>
  
  <ThingDef ParentName="MoteBase">
    <defName>Mote_Holy</defName>
    <graphicData>
      <texPath>Motes/HolyMote</texPath>
    </graphicData>
    <altitudeLayer>MoteOverhead</altitudeLayer>
    <mote>
      <fadeInTime>0.05</fadeInTime>
      <solidTime>0.2</solidTime>
      <fadeOutTime>0.5</fadeOutTime>
    </mote>
  </ThingDef>

  <ThingDef ParentName="MoteBase">
    <defName>Mote_ManaPuff</defName>
    <graphicData>
      <texPath>Motes/ManaMote</texPath>
    </graphicData>
    <altitudeLayer>MoteLow</altitudeLayer>
    <mote>
      <fadeInTime>0.35</fadeInTime>
      <solidTime>0.03</solidTime>
      <fadeOutTime>1</fadeOutTime>
    </mote>
  </ThingDef>
  
  <ThingDef ParentName="MoteBase">
    <defName>Mote_PsiCurrent</defName>
    <graphicData>
      <texPath>Motes/PsiCurrentMote</texPath>
    </graphicData>
    <altitudeLayer>MoteOverhead</altitudeLayer>
    <mote>
      <fadeInTime>0.1</fadeInTime>
      <solidTime>0.05</solidTime>
      <fadeOutTime>0.1</fadeOutTime>
    </mote>
  </ThingDef>
  
  <ThingDef ParentName="MoteBase">
    <defName>Mote_Psi_Arcane</defName>
    <graphicData>
      <texPath>Motes/PsiMote_grayscale</texPath>
      <shaderType>MoteGlow</shaderType>
	  <color>(0.5,0.0,1.0,0.8)</color>
    </graphicData>
    <altitudeLayer>MoteLow</altitudeLayer>
    <mote>
      <fadeInTime>0.02</fadeInTime>
      <solidTime>.12</solidTime>
      <fadeOutTime>.10</fadeOutTime>
    </mote>
  </ThingDef>
  
  <ThingDef ParentName="MoteBase">
    <defName>Mote_ArcaneStream</defName>
    <graphicData>
      <texPath>Motes/ArcaneStreamMote</texPath>
    </graphicData>
    <altitudeLayer>MoteOverhead</altitudeLayer>
    <mote>
      <fadeInTime>0.1</fadeInTime>
      <solidTime>0.05</solidTime>
      <fadeOutTime>0.1</fadeOutTime>
    </mote>
  </ThingDef>
  
  <ThingDef ParentName="MoteBase">
    <defName>Mote_Psi</defName>
    <graphicData>
      <texPath>Motes/PsiMote</texPath>
    </graphicData>
    <altitudeLayer>MoteLow</altitudeLayer>
    <mote>
      <fadeInTime>0.02</fadeInTime>
      <solidTime>0.12</solidTime>
      <fadeOutTime>0.10</fadeOutTime>
    </mote>
  </ThingDef>
  
  <ThingDef ParentName="MoteBase">
    <defName>Mote_Psi_Grayscale</defName>
    <graphicData>
      <texPath>Motes/PsiMote_grayscale</texPath>
    </graphicData>
    <altitudeLayer>MoteLow</altitudeLayer>
    <mote>
      <fadeInTime>0.02</fadeInTime>
      <solidTime>0.12</solidTime>
      <fadeOutTime>0.10</fadeOutTime>
    </mote>
  </ThingDef>
  
  <ThingDef ParentName="MoteBase">
    <defName>Mote_Psi_Yellow</defName>
    <graphicData>
      <texPath>Motes/PsiMote_grayscale</texPath>
	  <shaderType>MoteGlow</shaderType>
	  <color>(1,1,.55,0.7)</color>
    </graphicData>
    <altitudeLayer>MoteLow</altitudeLayer>
    <mote>
      <fadeInTime>0.02</fadeInTime>
      <solidTime>0.12</solidTime>
      <fadeOutTime>0.10</fadeOutTime>
    </mote>
  </ThingDef>
  
  <ThingDef ParentName="MoteBase">
    <defName>Mote_Chi_Grayscale</defName>
    <graphicData>
      <texPath>Motes/PsiMote_curved_grayscale</texPath>
	  <shaderType>MoteGlow</shaderType>
	  <color>(1,1,0,0.7)</color>
    </graphicData>
    <altitudeLayer>MoteOverhead</altitudeLayer>
    <mote>
      <fadeInTime>0.02</fadeInTime>
      <solidTime>0.12</solidTime>
      <fadeOutTime>0.10</fadeOutTime>
    </mote>
  </ThingDef>
  
  <ThingDef ParentName="MoteBase">
    <defName>Mote_PsiBlastStart</defName>
    <graphicData>
      <texPath>Motes/PsiBlastStartMote</texPath>
    </graphicData>
    <altitudeLayer>MoteOverhead</altitudeLayer>
    <mote>
      <fadeInTime>0.35</fadeInTime>
      <solidTime>0.03</solidTime>
      <fadeOutTime>1</fadeOutTime>
    </mote>
  </ThingDef>
  
  <ThingDef ParentName="MoteBase">
    <defName>Mote_PsiBlastEnd</defName>
    <graphicData>
      <texPath>Motes/PsiBlastEndMote</texPath>
    </graphicData>
    <altitudeLayer>MoteOverhead</altitudeLayer>
    <mote>
      <fadeInTime>0.35</fadeInTime>
      <solidTime>0.03</solidTime>
      <fadeOutTime>1</fadeOutTime>
    </mote>
  </ThingDef>
  
  <ThingDef ParentName="MoteBase">
    <defName>Mote_Demon_Flame</defName>
    <graphicData>
      <texPath>Motes/Demon/flame</texPath>
    </graphicData>
    <altitudeLayer>MetaOverlays</altitudeLayer>
    <mote>
      <fadeInTime>0.01</fadeInTime>
      <solidTime>0.05</solidTime>
      <fadeOutTime>0.1</fadeOutTime>
    </mote>
  </ThingDef>
  
    <ThingDef ParentName="MoteBase">
    <defName>Mote_SummoningCircle</defName>
    <graphicData>
      <texPath>Motes/Demon/summoning_circle</texPath>
    </graphicData>
    <altitudeLayer>MoteLow</altitudeLayer>
    <mote>
      <fadeInTime>1</fadeInTime>
      <solidTime>2</solidTime>
      <fadeOutTime>2</fadeOutTime>
    </mote>
  </ThingDef>
  
  <ThingDef ParentName="MoteBase">
    <defName>Mote_BloodCircle</defName>
    <graphicData>
      <texPath>Motes/blood_circle1</texPath>
    </graphicData>
    <altitudeLayer>MoteLow</altitudeLayer>
    <mote>
      <fadeInTime>1</fadeInTime>
      <solidTime>2</solidTime>
      <fadeOutTime>2</fadeOutTime>
    </mote>
  </ThingDef>
  
  <ThingDef ParentName="MoteBase">
    <defName>Mote_BloodWolfNorth</defName>
    <graphicData>
      <texPath>Motes/bloodwolf_north</texPath>
    </graphicData>
    <altitudeLayer>MoteOverhead</altitudeLayer>
    <mote>
      <fadeInTime>0.35</fadeInTime>
      <solidTime>0.3</solidTime>
      <fadeOutTime>0.5</fadeOutTime>
    </mote>
  </ThingDef>
  
  <ThingDef ParentName="MoteBase">
    <defName>Mote_BloodWolfEast</defName>
    <graphicData>
      <texPath>Motes/bloodwolf_east</texPath>
    </graphicData>
    <altitudeLayer>MoteOverhead</altitudeLayer>
    <mote>
      <fadeInTime>0.35</fadeInTime>
      <solidTime>0.3</solidTime>
      <fadeOutTime>0.5</fadeOutTime>
    </mote>
  </ThingDef>
  
  <ThingDef ParentName="MoteBase">
    <defName>Mote_BloodWolfWest</defName>
    <graphicData>
      <texPath>Motes/bloodwolf_west</texPath>
    </graphicData>
    <altitudeLayer>MoteOverhead</altitudeLayer>
    <mote>
      <fadeInTime>0.35</fadeInTime>
      <solidTime>0.3</solidTime>
      <fadeOutTime>0.5</fadeOutTime>
    </mote>
  </ThingDef>
  
  <ThingDef ParentName="MoteBase">
    <defName>Mote_BloodWolfSouth</defName>
    <graphicData>
      <texPath>Motes/bloodwolf_south</texPath>
    </graphicData>
    <altitudeLayer>MoteOverhead</altitudeLayer>
    <mote>
      <fadeInTime>0.35</fadeInTime>
      <solidTime>0.3</solidTime>
      <fadeOutTime>0.5</fadeOutTime>
    </mote>
  </ThingDef>

  <ThingDef ParentName="MoteBase">
    <defName>Mote_ArcaneWaves</defName>
    <graphicData>
      <texPath>Motes/ArcaneWavesMote</texPath>
    </graphicData>
    <altitudeLayer>MoteLow</altitudeLayer>
    <mote>
      <fadeInTime>0.35</fadeInTime>
      <solidTime>0.3</solidTime>
      <fadeOutTime>0.5</fadeOutTime>
    </mote>
  </ThingDef>
  
  <ThingDef ParentName="MoteBase">
    <defName>Mote_DWPhase_North</defName>
    <graphicData>
      <texPath>Motes/DW_PhaseMote_north</texPath>
    </graphicData>
    <altitudeLayer>MoteOverhead</altitudeLayer>
    <mote>
      <fadeInTime>0.35</fadeInTime>
      <solidTime>0.3</solidTime>
      <fadeOutTime>0.5</fadeOutTime>
    </mote>
  </ThingDef>
  
  <ThingDef ParentName="MoteBase">
    <defName>Mote_DWPhase_East</defName>
    <graphicData>
      <texPath>Motes/DW_PhaseMote_east</texPath>
    </graphicData>
    <altitudeLayer>MoteOverhead</altitudeLayer>
    <mote>
      <fadeInTime>0.35</fadeInTime>
      <solidTime>0.3</solidTime>
      <fadeOutTime>0.5</fadeOutTime>
    </mote>
  </ThingDef>
  
  <ThingDef ParentName="MoteBase">
    <defName>Mote_DWPhase_West</defName>
    <graphicData>
      <texPath>Motes/DW_PhaseMote_west</texPath>
    </graphicData>
    <altitudeLayer>MoteOverhead</altitudeLayer>
    <mote>
      <fadeInTime>0.35</fadeInTime>
      <solidTime>0.3</solidTime>
      <fadeOutTime>0.5</fadeOutTime>
    </mote>
  </ThingDef>
  
  <ThingDef ParentName="MoteBase">
    <defName>Mote_DWPhase_South</defName>
    <graphicData>
      <texPath>Motes/DW_PhaseMote_south</texPath>
    </graphicData>
    <altitudeLayer>MoteOverhead</altitudeLayer>
    <mote>
      <fadeInTime>0.35</fadeInTime>
      <solidTime>0.3</solidTime>
      <fadeOutTime>0.5</fadeOutTime>
    </mote>
  </ThingDef>
  
  <ThingDef ParentName="MoteBase">
    <defName>Mote_Note</defName>
    <graphicData>
      <texPath>Motes/NoteMote</texPath>
    </graphicData>
    <altitudeLayer>MoteOverhead</altitudeLayer>
    <mote>
      <fadeInTime>0.05</fadeInTime>
      <solidTime>0.85</solidTime>
      <fadeOutTime>0.15</fadeOutTime>
    </mote>
  </ThingDef>
  
  <ThingDef ParentName="MoteBase">
    <defName>Mote_Twinkle</defName>
    <graphicData>
      <texPath>Motes/TwinkleMote</texPath>
    </graphicData>
    <altitudeLayer>MoteOverhead</altitudeLayer>
    <mote>
      <fadeInTime>0.05</fadeInTime>
      <solidTime>0.25</solidTime>
      <fadeOutTime>1.5</fadeOutTime>
    </mote>
  </ThingDef>
  
  <ThingDef ParentName="MoteBase">
    <defName>Mote_Flame</defName>
    <graphicData>
      <texPath>Motes/FlameMote</texPath>
    </graphicData>
    <altitudeLayer>MoteOverhead</altitudeLayer>
    <mote>
      <fadeInTime>0.05</fadeInTime>
      <solidTime>0.1</solidTime>
      <fadeOutTime>0.1</fadeOutTime>
    </mote>
  </ThingDef>
  
  <ThingDef ParentName="MoteBase">
    <defName>Mote_SpiritFlame</defName>
    <graphicData>
      <texPath>Motes/SpiritFlameMote</texPath>
    </graphicData>
    <altitudeLayer>MoteOverhead</altitudeLayer>
    <mote>
      <fadeInTime>0.05</fadeInTime>
      <solidTime>0.1</solidTime>
      <fadeOutTime>0.1</fadeOutTime>
    </mote>
  </ThingDef>
  
  <ThingDef ParentName="MoteBase">
    <defName>Mote_ArcaneFlame</defName>
    <graphicData>
      <texPath>Motes/ArcaneFlameMote</texPath>
    </graphicData>
    <altitudeLayer>MoteOverhead</altitudeLayer>
    <mote>
      <fadeInTime>0.05</fadeInTime>
      <solidTime>0.1</solidTime>
      <fadeOutTime>0.1</fadeOutTime>
    </mote>
  </ThingDef>
  
  <ThingDef ParentName="MoteBase">
    <defName>Mote_Exclamation</defName>
    <graphicData>
      <texPath>Motes/ExclamationMote</texPath>
    </graphicData>
    <altitudeLayer>MoteOverhead</altitudeLayer>
    <mote>
      <fadeInTime>0.05</fadeInTime>
      <solidTime>0.85</solidTime>
      <fadeOutTime>0.15</fadeOutTime>
    </mote>
  </ThingDef>
  
  <ThingDef ParentName="MoteBase">
    <defName>Mote_Barrier</defName>
    <graphicData>
      <texPath>Motes/BarrierMote</texPath>
    </graphicData>
    <altitudeLayer>MoteOverhead</altitudeLayer>
    <mote>
      <fadeInTime>0.05</fadeInTime>
      <solidTime>0.1</solidTime>
      <fadeOutTime>.3</fadeOutTime>
    </mote>
  </ThingDef>
  
  <ThingDef ParentName="MoteBase">
    <defName>Mote_Enchanting</defName>
    <graphicData>
      <texPath>Motes/EnchantMote</texPath>
    </graphicData>
    <altitudeLayer>MoteOverhead</altitudeLayer>
    <mote>
      <fadeInTime>0.0</fadeInTime>
      <solidTime>0.10</solidTime>
      <fadeOutTime>.35</fadeOutTime>
    </mote>
  </ThingDef>
  
  <ThingDef ParentName="MoteBase">
    <defName>Mote_Casting</defName>
    <graphicData>
      <texPath>Motes/CastingMote</texPath>
    </graphicData>
    <altitudeLayer>MoteOverhead</altitudeLayer>
    <mote>
      <fadeInTime>0.0</fadeInTime>
      <solidTime>0.15</solidTime>
      <fadeOutTime>.45</fadeOutTime>
    </mote>
  </ThingDef>
  
  <ThingDef ParentName="MoteBase">
    <defName>Mote_AntiCasting</defName>
    <graphicData>
      <texPath>Motes/CastingMote_Anti</texPath>
    </graphicData>
    <altitudeLayer>MoteOverhead</altitudeLayer>
    <mote>
      <fadeInTime>0.0</fadeInTime>
      <solidTime>0.15</solidTime>
      <fadeOutTime>.45</fadeOutTime>
    </mote>
  </ThingDef>
  
  <ThingDef ParentName="MoteBase">
    <defName>Mote_PowerWave</defName>
    <graphicData>
      <texPath>Motes/PowerWaveMote</texPath>
    </graphicData>
    <altitudeLayer>MoteOverhead</altitudeLayer>
    <mote>
      <fadeInTime>0.0</fadeInTime>
      <solidTime>0.15</solidTime>
      <fadeOutTime>.05</fadeOutTime>
    </mote>
  </ThingDef>
  
  <ThingDef ParentName="MoteBase">
    <defName>Mote_Siphon</defName>
    <graphicData>
      <texPath>Motes/SiphonMote</texPath>
    </graphicData>
    <altitudeLayer>MoteOverhead</altitudeLayer>
    <mote>
      <fadeInTime>0.15</fadeInTime>
      <solidTime>0.05</solidTime>
      <fadeOutTime>0.5</fadeOutTime>
    </mote>
  </ThingDef>
  
  <ThingDef ParentName="MoteBase">
    <defName>Mote_ArcaneCircle</defName>
    <graphicData>
      <texPath>Motes/ArcaneCircleMote</texPath>
    </graphicData>
    <altitudeLayer>MoteOverhead</altitudeLayer>
    <mote>
      <fadeInTime>0.15</fadeInTime>
      <solidTime>0.05</solidTime>
      <fadeOutTime>0.5</fadeOutTime>
    </mote>
  </ThingDef>
  
  <ThingDef ParentName="MoteBase">
    <defName>Mote_Poison</defName>
    <graphicData>
      <texPath>Motes/PoisonMote</texPath>
    </graphicData>
    <altitudeLayer>MoteOverhead</altitudeLayer>
    <mote>
      <fadeInTime>0.25</fadeInTime>
      <solidTime>0.05</solidTime>
      <fadeOutTime>0.35</fadeOutTime>
    </mote>
  </ThingDef>
  
  <ThingDef ParentName="MoteBase">
    <defName>Mote_ArcaneBlast</defName>
    <graphicData>
      <texPath>Motes/ArcaneBlastMote</texPath>
    </graphicData>
    <altitudeLayer>MoteOverhead</altitudeLayer>
    <mote>
      <fadeInTime>0.03</fadeInTime>
      <solidTime>.05</solidTime>
      <fadeOutTime>.1</fadeOutTime>
    </mote>
  </ThingDef>
  
  <ThingDef ParentName="MoteBase">
    <defName>Mote_Disease</defName>
    <graphicData>
      <texPath>Motes/DiseaseMote</texPath>
    </graphicData>
    <altitudeLayer>MoteOverhead</altitudeLayer>
    <mote>
      <fadeInTime>0.3</fadeInTime>
      <solidTime>1</solidTime>
      <fadeOutTime>1.5</fadeOutTime>
    </mote>
  </ThingDef>
  
  <ThingDef ParentName="MoteBase">
    <defName>Mote_Bolt</defName>
    <graphicData>
      <texPath>Motes/BoltMote</texPath>
    </graphicData>
    <altitudeLayer>MoteOverhead</altitudeLayer>
    <mote>
      <fadeInTime>0.05</fadeInTime>
      <solidTime>.2</solidTime>
      <fadeOutTime>0.1</fadeOutTime>
    </mote>
  </ThingDef>
  
    <ThingDef ParentName="MoteBase">
    <defName>Mote_DiseaseExplosion</defName>
    <graphicData>
      <texPath>Motes/DiseaseExplosionMote</texPath>
    </graphicData>
    <altitudeLayer>MoteOverhead</altitudeLayer>
    <mote>
      <fadeInTime>0.3</fadeInTime>
      <solidTime>1</solidTime>
      <fadeOutTime>1.5</fadeOutTime>
    </mote>
  </ThingDef>
  
    <ThingDef ParentName="MoteBase">
    <defName>Mote_Regen</defName>
    <graphicData>
      <texPath>Motes/RegenMote</texPath>
    </graphicData>
    <altitudeLayer>MoteOverhead</altitudeLayer>
    <mote>
      <fadeInTime>0.25</fadeInTime>
      <solidTime>0.15</solidTime>
      <fadeOutTime>0.15</fadeOutTime>
    </mote>
  </ThingDef>
  
    <ThingDef ParentName="MoteBase">
    <defName>Mote_Arcane</defName>
    <graphicData>
      <texPath>Motes/ArcaneMote</texPath>
    </graphicData>
    <altitudeLayer>MoteOverhead</altitudeLayer>
    <mote>
      <fadeInTime>0.1</fadeInTime>
      <solidTime>0.2</solidTime>
      <fadeOutTime>0.4</fadeOutTime>
    </mote>
  </ThingDef>
  
  <ThingDef ParentName="MoteBase">
    <defName>Mote_BloodSquirt</defName>
    <graphicData>
      <texPath>Motes/BloodSquirt</texPath>
    </graphicData>
    <altitudeLayer>MoteOverhead</altitudeLayer>
    <mote>
      <fadeInTime>0.01</fadeInTime>
      <solidTime>0.15</solidTime>
      <fadeOutTime>0.55</fadeOutTime>
    </mote>
  </ThingDef>
  
  <ThingDef ParentName="MoteBase">
    <defName>Mote_BloodFlame</defName>
	<graphicData>
      <texPath>Motes/bloodflame</texPath>
      <shaderType>MoteGlow</shaderType>
	  <drawSize>(.8, .8)</drawSize>
    </graphicData>
    <altitudeLayer>MoteOverhead</altitudeLayer>
    <mote>
      <solidTime>0.05</solidTime>
      <fadeOutTime>0.55</fadeOutTime>
	  <growthRate>6</growthRate>
    </mote>
  </ThingDef>
  
  <ThingDef ParentName="MoteBase">
    <defName>Mote_BloodMist</defName>
    <graphicData>
      <texPath>Motes/BloodMist</texPath>
    </graphicData>
    <altitudeLayer>MoteOverhead</altitudeLayer>
    <mote>
      <fadeInTime>0.5</fadeInTime>
      <solidTime>0.2</solidTime>
      <fadeOutTime>1.2</fadeOutTime>
    </mote>
  </ThingDef>
  
  <ThingDef ParentName="MoteBase">
    <defName>Mote_Shadow</defName>
    <graphicData>
      <texPath>Motes/ShadowMote</texPath>
    </graphicData>
    <altitudeLayer>MoteOverhead</altitudeLayer>
    <mote>
      <fadeInTime>0.01</fadeInTime>
      <solidTime>0.2</solidTime>
      <fadeOutTime>0.75</fadeOutTime>
    </mote>
  </ThingDef>
  
  <ThingDef ParentName="MoteBase">
    <defName>Mote_CrossStrike</defName>
    <graphicData>
      <texPath>Motes/CrossStrike</texPath>
    </graphicData>
    <altitudeLayer>MoteOverhead</altitudeLayer>
    <mote>
      <fadeInTime>0.05</fadeInTime>
      <solidTime>0.45</solidTime>
      <fadeOutTime>0.05</fadeOutTime>
    </mote>
  </ThingDef>
  
  <ThingDef ParentName="MoteBase">
    <defName>Mote_ClawSweep</defName>
    <graphicData>
      <texPath>Motes/ClawMote</texPath>
    </graphicData>
    <altitudeLayer>MoteOverhead</altitudeLayer>
    <mote>
      <fadeInTime>0.05</fadeInTime>
      <solidTime>0.45</solidTime>
      <fadeOutTime>0.05</fadeOutTime>
    </mote>
  </ThingDef>
  
  <ThingDef ParentName="MoteBase">
    <defName>Mote_MultiStrike</defName>
    <graphicData>
      <texPath>Motes/MultiStrike</texPath>
    </graphicData>
    <altitudeLayer>MoteOverhead</altitudeLayer>
    <mote>
      <fadeInTime>0.05</fadeInTime>
      <solidTime>0.45</solidTime>
      <fadeOutTime>0.05</fadeOutTime>
    </mote>
  </ThingDef>
  
  <ThingDef ParentName="MoteBase">
    <defName>Mote_ShadowCleave</defName>
    <graphicData>
      <texPath>Motes/ShadowWaveMote</texPath>
    </graphicData>
    <altitudeLayer>MoteOverhead</altitudeLayer>
    <mote>
      <fadeInTime>0.01</fadeInTime>
      <solidTime>0.5</solidTime>
      <fadeOutTime>0.1</fadeOutTime>
    </mote>
  </ThingDef>
  
  <ThingDef ParentName="MoteBase">
    <defName>Mote_ScreamMote</defName>
    <graphicData>
      <texPath>Motes/ScreamMote</texPath>
    </graphicData>
    <altitudeLayer>MoteOverhead</altitudeLayer>
    <mote>
      <fadeInTime>0.4</fadeInTime>
      <solidTime>0.1</solidTime>
      <fadeOutTime>0.4</fadeOutTime>
    </mote>
  </ThingDef>
  
  <ThingDef ParentName="MoteBase">
    <defName>Mote_ArcaneDaggers</defName>
    <graphicData>
      <texPath>Motes/DaggerMote</texPath>
    </graphicData>
    <altitudeLayer>MoteOverhead</altitudeLayer>
    <mote>
      <fadeInTime>0.01</fadeInTime>
      <solidTime>0.35</solidTime>
      <fadeOutTime>0.2</fadeOutTime>
    </mote>
  </ThingDef>
  
  <ThingDef ParentName="BaseGas">
    <defName>Fog_Torment</defName>
    <label>fog of torment</label>
    <graphicData>
      <texPath>Things/Gas/Puff</texPath>
      <drawSize>2.6</drawSize>
      <color>(0.4,0.5,0,0.25)</color>
    </graphicData>
    <gas>
      <expireSeconds>
        <min>29</min>
        <max>31</max>
      </expireSeconds>
      <blockTurretTracking>true</blockTurretTracking>
      <accuracyPenalty>0.8</accuracyPenalty>
      <rotationSpeed>50</rotationSpeed>
    </gas>
  </ThingDef>
  
    <ThingDef ParentName="BaseGas">
    <defName>Fog_Poison</defName>
    <label>ranger poison trap</label>
    <graphicData>
      <texPath>Things/Gas/Puff</texPath>
      <drawSize>2.6</drawSize>
      <color>(0.5,0.8,0,0.20)</color>
    </graphicData>
    <gas>
      <expireSeconds>
        <min>5</min>
        <max>5</max>
      </expireSeconds>
      <blockTurretTracking>false</blockTurretTracking>
      <accuracyPenalty>0.8</accuracyPenalty>
      <rotationSpeed>75</rotationSpeed>
    </gas>
  </ThingDef>
  
  <ThingDef ParentName="MoteBase">
    <defName>Mote_Bombardment</defName>
    <graphicData>
      <texPath>Things/Mote/Bombardment</texPath>
      <shaderType>MoteGlow</shaderType>	  
    </graphicData>
    <altitudeLayer>MoteOverhead</altitudeLayer>
    <drawOffscreen>true</drawOffscreen>
    <mote>
      <fadeInTime>0.5</fadeInTime>
      <solidTime>6.8</solidTime>
      <fadeOutTime>1.0</fadeOutTime>
    </mote>
  </ThingDef>

  <ThingDef ParentName="MoteBase">
    <defName>Mote_PowerBeamBlue</defName>
    <graphicData>
      <texPath>Things/Mote/PowerBeam</texPath>
      <shaderType>MoteGlow</shaderType>
	  <color>(0.6,0.8,1.0,0.8)</color>
    </graphicData>
    <altitudeLayer>MoteOverhead</altitudeLayer>
    <drawOffscreen>true</drawOffscreen>
    <mote>
      <fadeInTime>0.5</fadeInTime>
      <solidTime>9.3</solidTime>
      <fadeOutTime>2.0</fadeOutTime>
    </mote>
  </ThingDef>
  
  <ThingDef ParentName="MoteBase">
    <defName>Mote_PowerBeamPsionic</defName>
    <graphicData>
      <texPath>Things/Mote/PowerBeam</texPath>
      <shaderType>MoteGlow</shaderType>
	  <color>(0.0,0.5,1.0,1)</color>
    </graphicData>
    <altitudeLayer>MoteOverhead</altitudeLayer>
    <drawOffscreen>true</drawOffscreen>
    <mote>
      <fadeInTime>0.5</fadeInTime>
      <solidTime>9.3</solidTime>
      <fadeOutTime>2.0</fadeOutTime>
    </mote>
  </ThingDef>
  
    <ThingDef ParentName="MoteBase">
    <defName>Mote_PowerBeamGold</defName>
    <graphicData>
      <texPath>Things/Mote/PowerBeam</texPath>
      <shaderType>MoteGlow</shaderType>
	  <color>(1,1,0.55,1)</color>
    </graphicData>
    <altitudeLayer>MoteOverhead</altitudeLayer>
    <drawOffscreen>true</drawOffscreen>
    <mote>
      <fadeInTime>0.5</fadeInTime>
      <solidTime>9.3</solidTime>
      <fadeOutTime>2.0</fadeOutTime>
    </mote>
  </ThingDef>
  
  	<ThingDef ParentName="MoteBase">
		<defName>Mote_1sText</defName>
		<graphicData>
			<texPath>Things/Mote/Transparent</texPath>
		</graphicData>
		<thingClass>MoteText</thingClass>
		<drawGUIOverlay>true</drawGUIOverlay>
		<altitudeLayer>MetaOverlays</altitudeLayer>
		<mote>
		  <fadeInTime>0</fadeInTime>
		  <solidTime>1</solidTime>
		  <fadeOutTime>0</fadeOutTime>
		</mote>
	</ThingDef>
  
  <ThingDef ParentName="MoteBase">
    <defName>Mote_DeceptionMask</defName>
    <graphicData>
      <texPath>Motes/DeceptionMote</texPath>
    </graphicData>
    <altitudeLayer>MetaOverlays</altitudeLayer>
    <mote>
      <fadeInTime>0</fadeInTime>
      <solidTime>1</solidTime>
      <fadeOutTime>0</fadeOutTime>
    </mote>
  </ThingDef>
  
    <ThingDef ParentName="MoteBase">
    <defName>Mote_Possess</defName>
    <graphicData>
      <texPath>Motes/PossessMote</texPath>
    </graphicData>
    <altitudeLayer>MetaOverlays</altitudeLayer>
    <mote>
      <fadeInTime>0</fadeInTime>
      <solidTime>1</solidTime>
      <fadeOutTime>0</fadeOutTime>
    </mote>
  </ThingDef>
  
</Defs>