﻿<?xml version="1.0" encoding="utf-8" ?>

<Defs>

  <PawnCapacityDef>
    <defName>MagicManipulation</defName>
    <label>magic manipulation</label>
    <listOrder>310</listOrder>
    <workerClass>TorannMagic.PawnCapacityWorker_MagicManipulation</workerClass>
    <lethalFlesh>false</lethalFlesh>
    <showOnCaravanHealthTab>false</showOnCaravanHealthTab>
	<showOnHumanlikes>false</showOnHumanlikes>
	<showOnAnimals>false</showOnAnimals>
	<showOnMechanoids>false</showOnMechanoids>
  </PawnCapacityDef>

</Defs>
