﻿<?xml version="1.0" encoding="utf-8" ?>
<Defs>
  
  <WeatherDef>
    <defName>TM_HealingRainWD</defName>
    <label>healing rain</label>
    <description>A gentle rain with healing properties. Any creature exposed to healing rain will slowly regenerate their wounds.</description>
    <temperatureRange>
      <min>21</min>
      <max>26</max>
    </temperatureRange>
    <windSpeedFactor>0.8</windSpeedFactor>
    <accuracyMultiplier>0.6</accuracyMultiplier>
    <favorability>Good</favorability>
    <perceivePriority>1</perceivePriority>
    <exposedThought>TM_HealingRainTD</exposedThought>
    <rainRate>1</rainRate>
    <moveSpeedMultiplier>0.6</moveSpeedMultiplier>
	<durationRange>
      <min>9000</min>
      <max>12000</max>
    </durationRange>
    <ambientSounds>
      <li>Ambient_Rain</li>
    </ambientSounds>
    <overlayClasses>
      <li>WeatherOverlay_Rain</li>
    </overlayClasses>
    <commonalityRainfallFactor>
      <points>
        <li>(0, 0)</li>
        <li>(1300, 1)</li>
      </points>
    </commonalityRainfallFactor>
    <!-- Colors are Overcast but warm, with notes of blue and green -->
    <skyColorsDay>
      <sky>(0.7,0.96,.82)</sky>
      <shadow>(0.92,0.92,0.92)</shadow>
      <overlay>(0.2,0.9,0.4)</overlay>
      <saturation>0.9</saturation>
    </skyColorsDay>
    <skyColorsDusk>
      <sky>(.7,.9,.8)</sky>
      <shadow>(0.92,0.92,0.92)</shadow>
      <overlay>(0.18,0.8,0.5)</overlay>
      <saturation>0.9</saturation>
    </skyColorsDusk>
    <skyColorsNightEdge>
      <sky>(0.6,0.66,0.72)</sky>
      <shadow>(0.92,0.92,0.92)</shadow>
      <overlay>(0.6,0.8,.5)</overlay>
      <saturation>0.9</saturation>
    </skyColorsNightEdge>
    <skyColorsNightMid>
      <sky>(0.6,0.7,0.76)</sky>
      <shadow>(0.92,0.92,0.92)</shadow>
      <overlay>(0.6,0.9,.6)</overlay>
      <saturation>0.9</saturation>
    </skyColorsNightMid>
  </WeatherDef>
  
  <ThoughtDef>
    <defName>TM_HealingRainTD</defName>
    <durationDays>0.1</durationDays>
    <stackLimit>1</stackLimit>
    <stages>
      <li>
        <label>healing rain</label>
        <description>My pain is being washed away.</description>
        <baseMoodEffect>4</baseMoodEffect>
      </li>
    </stages>
  </ThoughtDef>

</Defs>








