<?xml version="1.0" encoding="utf-8" ?>
<Defs>

  <NeedDef>
    <defName>TM_Mana</defName>
    <needClass>TorannMagic.Need_Mana</needClass>
    <label>mana</label>
    <description>Current mana level.</description>
	<onlyIfCausedByHediff>true</onlyIfCausedByHediff>
    <showOnNeedList>true</showOnNeedList>
    <minIntelligence>Humanlike</minIntelligence>
    <baseLevel>0.50</baseLevel>
    <seekerRisePerHour>0.22</seekerRisePerHour>
    <seekerFallPerHour>0.04</seekerFallPerHour>
    <listPriority>1327</listPriority>
    <major>true</major>
    <freezeWhileSleeping>false</freezeWhileSleeping>
    <showForCaravanMembers>true</showForCaravanMembers>
  </NeedDef>
  
  <HediffDef>
    <defName>TM_MagicUserHD</defName>
    <hediffClass>HediffWithComps</hediffClass>
	<isBad>false</isBad>
    <defaultLabelColor>(0.8, 0.8, 0.35)</defaultLabelColor>
    <initialSeverity>1.0</initialSeverity>	
    <label>magic user</label>
	<description>Hediff required for magic users.</description>
    <causesNeed>TM_Mana</causesNeed>
    <comps>
      <li Class="HediffCompProperties_SeverityPerDay">
        <severityPerDay>-0</severityPerDay>
      </li>
    </comps>
    <stages>
        <li>
          <label>hidden</label>
          <becomeVisible>false</becomeVisible>
        </li>
    </stages>
  </HediffDef>

</Defs>