<?xml version="1.0" encoding="UTF-8"?>
<Defs>

  <SoundDef>
    <defName>TM_SkeletonAngry</defName>
    <eventNames />
    <maxSimultaneous>3</maxSimultaneous>
    <subSounds>
      <li>
        <onCamera>True</onCamera>
        <grains>
          <li Class="AudioGrain_Folder">
            <clipFolderPath>SFX/Skeleton/Undead_Angry</clipFolderPath>
          </li>
        </grains>
        <volumeRange>
          <min>10</min>
          <max>15</max>
        </volumeRange>
        <pitchRange>
          <min>.5</min>
          <max>.6</max>
        </pitchRange>
      </li>
    </subSounds>
  </SoundDef>
  
    <SoundDef>
    <defName>TM_SkeletonAngryLow</defName>
    <eventNames />
    <maxSimultaneous>3</maxSimultaneous>
    <subSounds>
      <li>
        <onCamera>True</onCamera>
        <grains>
          <li Class="AudioGrain_Folder">
            <clipFolderPath>SFX/Skeleton/Undead_Angry</clipFolderPath>
          </li>
        </grains>
        <volumeRange>
          <min>10</min>
          <max>15</max>
        </volumeRange>
        <pitchRange>
          <min>.1</min>
          <max>.2</max>
        </pitchRange>
      </li>
    </subSounds>
  </SoundDef>
  
  <SoundDef>
    <defName>TM_SkeletonPain</defName>
    <eventNames />
    <maxSimultaneous>5</maxSimultaneous>
    <subSounds>
      <li>
        <onCamera>True</onCamera>
        <grains>
          <li Class="AudioGrain_Folder">
            <clipFolderPath>SFX/Skeleton/Undead_Pain</clipFolderPath>
          </li>
        </grains>
        <volumeRange>
          <min>10</min>
          <max>15</max>
        </volumeRange>
        <pitchRange>
          <min>.5</min>
          <max>.6</max>
        </pitchRange>
      </li>
    </subSounds>
  </SoundDef>
  
  <SoundDef>
    <defName>TM_SkeletonPainLow</defName>
    <eventNames />
    <maxSimultaneous>2</maxSimultaneous>
    <subSounds>
      <li>
        <onCamera>True</onCamera>
        <grains>
          <li Class="AudioGrain_Folder">
            <clipFolderPath>SFX/Skeleton/Undead_Pain</clipFolderPath>
          </li>
        </grains>
        <volumeRange>
          <min>8</min>
          <max>12</max>
        </volumeRange>
        <pitchRange>
          <min>.1</min>
          <max>.2</max>
        </pitchRange>
      </li>
    </subSounds>
  </SoundDef>
  
  
</Defs>