<?xml version="1.0" encoding="utf-8" ?>

<Defs>

<!-- Heal start-->
  
  <ThingDef ParentName="BaseBullet" Class="AbilityUser.ProjectileDef_Ability">
   <defName>TM_Paladin_Heal</defName>
   <thingClass>AbilityUser.Projectile_Ability</thingClass>
   <label>Heal</label>
   <graphicData>
		<texPath>Spells/invis</texPath>
		<graphicClass>Graphic_Single</graphicClass>
   </graphicData>
   <projectile>
		<flyOverhead>true</flyOverhead>
		<damageDef>TM_Heal_I</damageDef>
		<damageAmountBase>0</damageAmountBase>
		<speed>100</speed>
   </projectile>
   <HealFailChance>0.0</HealFailChance>
 </ThingDef>
 
 
<!--  <ThingDef Class="TorannMagic.TMAbilityDef" ParentName="BaseAbility"> -->
 <TorannMagic.TMAbilityDef ParentName="BaseMagicAbility">
    <defName>TM_Heal</defName>
    <label>Heal</label>
    <uiIconPath>UI/Heal</uiIconPath>
    <description>Invokes holy power to heal the wounds of a target. Base heal restores 8 health for up to 3 wounds. Cannot heal injuries of missing bodyparts.</description>
    <manaCost>0.15</manaCost>
    <MainVerb Class="AbilityUser.VerbProperties_Ability">
        <verbClass>TorannMagic.Verb_Heal</verbClass>
			<tooltipShowProjectileDamage>false</tooltipShowProjectileDamage>
			<tooltipShowExtraDamages>false</tooltipShowExtraDamages>
			<tooltipShowHediffsToApply>false</tooltipShowHediffsToApply>
			<tooltipShowMentalStatesToApply>false</tooltipShowMentalStatesToApply>
        <hasStandardCommand>true</hasStandardCommand>
		<abilityDef>TM_Heal</abilityDef>
		<isViolent>false</isViolent>
        <defaultProjectile>TM_Paladin_Heal</defaultProjectile>
        <warmupTime>.6</warmupTime>
        <SecondsToRecharge>15.0</SecondsToRecharge>
        <range>12</range>
        <soundCast>Message_PositiveEvent</soundCast>
        <muzzleFlashScale>30</muzzleFlashScale>
        <isPrimary>false</isPrimary>
   	    <AbilityTargetCategory>TargetThing</AbilityTargetCategory>
		<targetParams>
		  <canTargetPawns>true</canTargetPawns>
		  <canTargetBuildings>false</canTargetBuildings>
		  <canTargetSelf>true</canTargetSelf>
		  <canTargetLocations>false</canTargetLocations>
		</targetParams>
    </MainVerb>
  </TorannMagic.TMAbilityDef>
  
  <!-- Heal end -->
  
  <!-- Shield start-->
  
    <ThingDef ParentName="BaseBullet" Class="AbilityUser.ProjectileDef_Ability">
   <defName>TM_Paladin_Shield</defName>
   <thingClass>AbilityUser.Projectile_Ability</thingClass>
   <label>Shield</label>
   <graphicData>
		<texPath>Spells/invis</texPath>
		<graphicClass>Graphic_Single</graphicClass>
   </graphicData>
   <projectile>
		<flyOverhead>true</flyOverhead>
		<damageDef>TM_Heal_I</damageDef>
		<damageAmountBase>1</damageAmountBase>
		<speed>100</speed>
   </projectile>
 </ThingDef>
 
 <TorannMagic.TMAbilityDef ParentName="BaseMagicAbility">
    <defName>TM_Shield</defName>
    <label>Shield</label>
    <uiIconPath>UI/Shield</uiIconPath>
    <description>Protects the paladin from damage for 50s or until the shield is broken.
Absorbs up to 100 damage.</description>
<!--    <thingClass>ThingWithComps</thingClass> -->
    <manaCost>0.30</manaCost>
    <MainVerb Class="AbilityUser.VerbProperties_Ability">
        <verbClass>AbilityUser.Verb_UseAbility</verbClass>
			<tooltipShowProjectileDamage>false</tooltipShowProjectileDamage>
			<tooltipShowExtraDamages>false</tooltipShowExtraDamages>
			<tooltipShowHediffsToApply>false</tooltipShowHediffsToApply>
			<tooltipShowMentalStatesToApply>false</tooltipShowMentalStatesToApply>
        <hasStandardCommand>true</hasStandardCommand>
		<abilityDef>TM_Shield</abilityDef>
		<isViolent>false</isViolent>
        <defaultProjectile>TM_Paladin_Shield</defaultProjectile>
        <warmupTime>.2</warmupTime>
        <SecondsToRecharge>35.0</SecondsToRecharge>
        <range>0</range>
        <soundCast>Message_PositiveEvent</soundCast>
        <muzzleFlashScale>20</muzzleFlashScale>
        <isPrimary>false</isPrimary>
   	    <AbilityTargetCategory>TargetSelf</AbilityTargetCategory>
		<targetParams>
		  <canTargetPawns>true</canTargetPawns>
		  <canTargetBuildings>false</canTargetBuildings>
		  <canTargetSelf>true</canTargetSelf>
		  <canTargetLocations>false</canTargetLocations>
		</targetParams>
		<hediffsToApply>
	      <li>
	        <hediffDef>TM_HediffShield</hediffDef>
	        <applyChance>1.0</applyChance>
			<severity>0.2</severity>
	      </li>
        </hediffsToApply>
    </MainVerb>
  </TorannMagic.TMAbilityDef>
  
  <TorannMagic.TMAbilityDef ParentName="BaseMagicAbility">
    <defName>TM_Shield_I</defName>
    <label>Shield</label>
    <uiIconPath>UI/Shield</uiIconPath>
    <description>Protects the paladin from damage for 50s or until the shield is broken.
Absorbs up to 120 damage.
Reduces recharge to 30s.</description>
<!--    <thingClass>ThingWithComps</thingClass> -->
    <manaCost>0.30</manaCost>
    <MainVerb Class="AbilityUser.VerbProperties_Ability">
        <verbClass>AbilityUser.Verb_UseAbility</verbClass>
			<tooltipShowProjectileDamage>false</tooltipShowProjectileDamage>
			<tooltipShowExtraDamages>false</tooltipShowExtraDamages>
			<tooltipShowHediffsToApply>false</tooltipShowHediffsToApply>
			<tooltipShowMentalStatesToApply>false</tooltipShowMentalStatesToApply>
        <hasStandardCommand>true</hasStandardCommand>
		<abilityDef>TM_Shield_I</abilityDef>
		<isViolent>false</isViolent>
        <defaultProjectile>TM_Paladin_Shield</defaultProjectile>
        <warmupTime>.2</warmupTime>
        <SecondsToRecharge>30.0</SecondsToRecharge>
        <range>0</range>
        <soundCast>Message_PositiveEvent</soundCast>
        <muzzleFlashScale>20</muzzleFlashScale>
        <isPrimary>false</isPrimary>
   	    <AbilityTargetCategory>TargetSelf</AbilityTargetCategory>
		<targetParams>
		  <canTargetPawns>true</canTargetPawns>
		  <canTargetBuildings>false</canTargetBuildings>
		  <canTargetSelf>true</canTargetSelf>
		  <canTargetLocations>false</canTargetLocations>
		</targetParams>
		<hediffsToApply>
	      <li>
	        <hediffDef>TM_HediffShield</hediffDef>
	        <applyChance>1.0</applyChance>
			<severity>0.45</severity>
	      </li>
        </hediffsToApply>
    </MainVerb>
  </TorannMagic.TMAbilityDef>
  
  <TorannMagic.TMAbilityDef ParentName="BaseMagicAbility">
    <defName>TM_Shield_II</defName>
    <label>Shield</label>
    <uiIconPath>UI/Shield</uiIconPath>
    <description>Protects the paladin from damage for 50s or until the shield is broken.
Absorbs up to 135 damage.
Reduces recharge to 27s.</description>
<!--    <thingClass>ThingWithComps</thingClass> -->
    <manaCost>0.30</manaCost>
    <MainVerb Class="AbilityUser.VerbProperties_Ability">
        <verbClass>AbilityUser.Verb_UseAbility</verbClass>
			<tooltipShowProjectileDamage>false</tooltipShowProjectileDamage>
			<tooltipShowExtraDamages>false</tooltipShowExtraDamages>
			<tooltipShowHediffsToApply>false</tooltipShowHediffsToApply>
			<tooltipShowMentalStatesToApply>false</tooltipShowMentalStatesToApply>
        <hasStandardCommand>true</hasStandardCommand>
		<abilityDef>TM_Shield_II</abilityDef>
		<isViolent>false</isViolent>
        <defaultProjectile>TM_Paladin_Shield</defaultProjectile>
        <warmupTime>.2</warmupTime>
        <SecondsToRecharge>27.0</SecondsToRecharge>
        <range>0</range>
        <soundCast>Message_PositiveEvent</soundCast>
        <muzzleFlashScale>20</muzzleFlashScale>
        <isPrimary>false</isPrimary>
   	    <AbilityTargetCategory>TargetSelf</AbilityTargetCategory>
		<targetParams>
		  <canTargetPawns>true</canTargetPawns>
		  <canTargetBuildings>false</canTargetBuildings>
		  <canTargetSelf>true</canTargetSelf>
		  <canTargetLocations>false</canTargetLocations>
		</targetParams>
		<hediffsToApply>
	      <li>
	        <hediffDef>TM_HediffShield</hediffDef>
	        <applyChance>1.0</applyChance>
			<severity>0.75</severity>
	      </li>
        </hediffsToApply>
    </MainVerb>
  </TorannMagic.TMAbilityDef>
  
  <TorannMagic.TMAbilityDef ParentName="BaseMagicAbility">
    <defName>TM_Shield_III</defName>
    <label>Shield</label>
    <uiIconPath>UI/Shield</uiIconPath>
    <description>Protects the paladin from damage for 50s or until the shield is broken.
Absorbs up to 150 damage.
Reduces recharge to 25s.</description>
<!--    <thingClass>ThingWithComps</thingClass> -->
    <manaCost>0.30</manaCost>
    <MainVerb Class="AbilityUser.VerbProperties_Ability">
        <verbClass>AbilityUser.Verb_UseAbility</verbClass>
			<tooltipShowProjectileDamage>false</tooltipShowProjectileDamage>
			<tooltipShowExtraDamages>false</tooltipShowExtraDamages>
			<tooltipShowHediffsToApply>false</tooltipShowHediffsToApply>
			<tooltipShowMentalStatesToApply>false</tooltipShowMentalStatesToApply>
        <hasStandardCommand>true</hasStandardCommand>
		<abilityDef>TM_Shield_III</abilityDef>
		<isViolent>false</isViolent>
        <defaultProjectile>TM_Paladin_Shield</defaultProjectile>
        <warmupTime>.2</warmupTime>
        <SecondsToRecharge>25.0</SecondsToRecharge>
        <range>0</range>
        <soundCast>Message_PositiveEvent</soundCast>
        <muzzleFlashScale>20</muzzleFlashScale>
        <isPrimary>false</isPrimary>
   	    <AbilityTargetCategory>TargetSelf</AbilityTargetCategory>
		<targetParams>
		  <canTargetPawns>true</canTargetPawns>
		  <canTargetBuildings>false</canTargetBuildings>
		  <canTargetSelf>true</canTargetSelf>
		  <canTargetLocations>false</canTargetLocations>
		</targetParams>
		<hediffsToApply>
	      <li>
	        <hediffDef>TM_HediffShield</hediffDef>
	        <applyChance>1.0</applyChance>
			<severity>1.0</severity>
	      </li>
        </hediffsToApply>
    </MainVerb>
  </TorannMagic.TMAbilityDef>
 
   <!-- Shield end-->
   
   	    <!-- Valiant Charge -->
		
	<ThingDef ParentName="BaseBullet" Name="FlyingObject_ValiantCharge">
	   <defName>FlyingObject_ValiantCharge</defName>
	   <thingClass>TorannMagic.FlyingObject_ValiantCharge</thingClass>
	   <label>flying object</label>
	   <graphicData>
			<texPath>Spells/invis</texPath>
			<graphicClass>Graphic_Single</graphicClass>
		</graphicData>
	   <projectile>
			<flyOverhead>true</flyOverhead>
			<damageDef>Stun</damageDef>
			<damageAmountBase>0</damageAmountBase>
			<speed>250</speed>
	   </projectile>
	</ThingDef>
			
	<ThingDef ParentName="BaseBullet" Class="AbilityUser.ProjectileDef_Ability">
        <thingClass>AbilityUser.Projectile_Ability</thingClass>
		<defName>Projectile_ValiantCharge</defName>
        <label>Whirlwind</label>
        <graphicData>
			<texPath>Spells/invis</texPath>
			<graphicClass>Graphic_Single</graphicClass>
			<shaderType>TransparentPostLight</shaderType>
        </graphicData>
        <projectile>
            <flyOverhead>true</flyOverhead>
            <damageDef>TM_Holy</damageDef>
            <damageAmountBase>0</damageAmountBase>
            <speed>70</speed>
        </projectile>
    </ThingDef>

 <TorannMagic.TMAbilityDef ParentName="BaseMagicAbility">
        <defName>TM_ValiantCharge</defName>
        <label>Valiant Charge</label>
        <uiIconPath>UI/valiantcharge</uiIconPath>
        <description>The Paladin is flies with the wings of an angel to fly to a distant location, shattering the ground with holy power upon landing.</description>
        <manaCost>0.30</manaCost>
		<MainVerb Class="AbilityUser.VerbProperties_Ability">
            <verbClass>TorannMagic.Effect_ValiantCharge</verbClass>
            <hasStandardCommand>true</hasStandardCommand>
            <defaultProjectile>Projectile_ValiantCharge</defaultProjectile>
            <abilityDef>TM_ValiantCharge</abilityDef>
            <AbilityTargetCategory>TargetLocation</AbilityTargetCategory>
            <targetParams>
                <canTargetPawns>true</canTargetPawns>
                <canTargetBuildings>false</canTargetBuildings>
                <canTargetSelf>false</canTargetSelf>
                <canTargetLocations>true</canTargetLocations>
            </targetParams>
            <warmupTime>0.4</warmupTime>
            <SecondsToRecharge>6.0</SecondsToRecharge>
            <range>36</range>
			<isViolent>true</isViolent>
            <burstShotCount>1</burstShotCount>
            <ticksBetweenBurstShots>1</ticksBetweenBurstShots>
            <soundCast>DropPod_Leaving</soundCast>
            <muzzleFlashScale>20</muzzleFlashScale>
            <isPrimary>false</isPrimary>
        </MainVerb>
    </TorannMagic.TMAbilityDef>

	<!-- Overwhelm start-->
  
  <ThingDef ParentName="BaseBullet" Class="AbilityUser.ProjectileDef_Ability">
   <defName>TM_Paladin_Overwhelm</defName>
   <thingClass>TorannMagic.Projectile_Overwhelm</thingClass>
   <label>Overwhelm</label>
   <graphicData>
		<texPath>Spells/invis</texPath>
		<graphicClass>Graphic_Single</graphicClass>
   </graphicData>
   <projectile>
		<flyOverhead>true</flyOverhead>
		<damageDef>TM_Heal_I</damageDef>
		<damageAmountBase>10</damageAmountBase>
		<speed>100</speed>
   </projectile>
 </ThingDef>
 
 <TorannMagic.TMAbilityDef ParentName="BaseMagicAbility">
    <defName>TM_Overwhelm</defName>
    <label>Overwhelm</label>
    <uiIconPath>UI/overwhelm</uiIconPath>
    <description>Holy power is unleashed from the paladin, overwhelming the physical and mental senses of any nearby creatures.</description>
    <manaCost>0.20</manaCost>
    <MainVerb Class="AbilityUser.VerbProperties_Ability">
        <verbClass>AbilityUser.Verb_UseAbility</verbClass>
			<tooltipShowProjectileDamage>false</tooltipShowProjectileDamage>
			<tooltipShowExtraDamages>false</tooltipShowExtraDamages>
			<tooltipShowHediffsToApply>false</tooltipShowHediffsToApply>
			<tooltipShowMentalStatesToApply>false</tooltipShowMentalStatesToApply>
        <hasStandardCommand>true</hasStandardCommand>
		<abilityDef>TM_Overwhelm</abilityDef>
		<isViolent>true</isViolent>
        <defaultProjectile>TM_Paladin_Overwhelm</defaultProjectile>
        <warmupTime>.2</warmupTime>
        <SecondsToRecharge>8.0</SecondsToRecharge>
        <range>0</range>
        <soundCast>InfernoCannon_Fire</soundCast>
        <muzzleFlashScale>20</muzzleFlashScale>
        <isPrimary>false</isPrimary>
   	    <AbilityTargetCategory>TargetSelf</AbilityTargetCategory>
		<targetParams>
		  <canTargetPawns>true</canTargetPawns>
		  <canTargetBuildings>false</canTargetBuildings>
		  <canTargetSelf>true</canTargetSelf>
		  <canTargetLocations>false</canTargetLocations>
		</targetParams>
    </MainVerb>
  </TorannMagic.TMAbilityDef>
 
   <!-- Holy Wrath -->
   
  <ThingDef ParentName="BaseBullet" Class="AbilityUser.ProjectileDef_Ability">
   <defName>Projectile_HolyWrath</defName>
   <thingClass>TorannMagic.Projectile_HolyWrath</thingClass>
   <label>holy wrath</label>
   <graphicData>
		<texPath>Spells/invis</texPath>
		<graphicClass>Graphic_Single</graphicClass>
   </graphicData>
   <projectile>
		<flyOverhead>true</flyOverhead>
		<damageDef>TM_Heal_I</damageDef>
		<damageAmountBase>0</damageAmountBase>
		<speed>100</speed>
		<explosionRadius>6</explosionRadius>
		<postExplosionSpawnChance>1</postExplosionSpawnChance>
   </projectile>
 </ThingDef>
 
    <TorannMagic.TMAbilityDef ParentName="BaseMagicAbility">
        <defName>TM_HolyWrath</defName>
        <label>Holy Wrath</label>
        <uiIconPath>UI/rayoflight</uiIconPath>
        <description>Calls forth holy wrath upon the land.</description>
        <manaCost>0.50</manaCost>
		<MainVerb Class="AbilityUser.VerbProperties_Ability">
            <verbClass>TorannMagic.Verb_SB</verbClass>
            <hasStandardCommand>true</hasStandardCommand>
            <defaultProjectile>Projectile_HolyWrath</defaultProjectile>
            <abilityDef>TM_HolyWrath</abilityDef>
            <AbilityTargetCategory>TargetLocation</AbilityTargetCategory>
            <targetParams>			
                <canTargetPawns>true</canTargetPawns>
                <canTargetBuildings>true</canTargetBuildings>
                <canTargetSelf>true</canTargetSelf>
                <canTargetLocations>true</canTargetLocations>
            </targetParams>
            <warmupTime>2.5</warmupTime>
            <SecondsToRecharge>45.0</SecondsToRecharge>
            <range>45</range>
			<isViolent>true</isViolent>
            <burstShotCount>1</burstShotCount>
            <ticksBetweenBurstShots>1</ticksBetweenBurstShots>
            <soundCast>TM_Gong</soundCast>
            <muzzleFlashScale>20</muzzleFlashScale>
            <isPrimary>false</isPrimary>
        </MainVerb>
    </TorannMagic.TMAbilityDef>

</Defs>