<?xml version="1.0" encoding="utf-8" ?>

<Defs>

  <ThingDef ParentName="BaseBullet" Name="FlyingObject_PsionicLeap">
	   <defName>FlyingObject_PsionicLeap</defName>
	   <thingClass>TorannMagic.FlyingObject_PsionicLeap</thingClass>
	   <label>psionic leap</label>
	   <graphicData>
			<texPath>Spells/invis</texPath>
			<graphicClass>Graphic_Single</graphicClass>
		</graphicData>
	   <projectile>
			<flyOverhead>true</flyOverhead>
			<damageDef>TM_PsionicInjury</damageDef>
			<damageAmountBase>0</damageAmountBase>
			<speed>75</speed>
	   </projectile>
	</ThingDef>
  
  <ThingDef ParentName="BaseBullet" Class="AbilityUser.ProjectileDef_Ability">
   <defName>TM_Psionic_Projectile</defName>
   <thingClass>AbilityUser.Projectile_Ability</thingClass>
   <label>psionic projectile</label>
   <graphicData>
		<texPath>Spells/invis</texPath>
		<graphicClass>Graphic_Single</graphicClass>
   </graphicData>
   <projectile>
		<flyOverhead>true</flyOverhead>
		<damageDef>TM_PsionicInjury</damageDef>
		<damageAmountBase>0</damageAmountBase>
		<speed>999</speed>
   </projectile>
 </ThingDef>
 
 <!-- Psionic Augmentation -->
  <TorannMagic.TMAbilityDef ParentName="BaseMightAbility">
    <defName>TM_PsionicAugmentation</defName>
    <label>Psionic Augmentation</label>
    <uiIconPath>UI/psionicaugmentation</uiIconPath>
    <description>Psionic power is a physical manifestation of mental energy in the form of kinetic or potential energy. A Psionic is able to utilize this power most efficiently by directing it throughout their body to reinforce physical action.
	
A well trained psionic is able to achieve incredible physical feats using a blend of psionic and physical strength. Psionic augmentation becomes second nature and occurs naturally both in and out of combat.</description>
    <staminaCost>0</staminaCost>
    <MainVerb Class="AbilityUser.VerbProperties_Ability">
        <verbClass>AbilityUser.Verb_UseAbility</verbClass>
			<tooltipShowProjectileDamage>false</tooltipShowProjectileDamage>
			<tooltipShowExtraDamages>false</tooltipShowExtraDamages>
			<tooltipShowHediffsToApply>false</tooltipShowHediffsToApply>
			<tooltipShowMentalStatesToApply>false</tooltipShowMentalStatesToApply>
        <hasStandardCommand>true</hasStandardCommand>
		<abilityDef>TM_PsionicAugmentation</abilityDef>
		<isViolent>false</isViolent>
        <defaultProjectile>TM_Psionic_Projectile</defaultProjectile>
        <warmupTime>0</warmupTime>
        <SecondsToRecharge>60</SecondsToRecharge>
        <range>0</range>
        <soundCast>TM_VibrationLow</soundCast>
        <muzzleFlashScale>20</muzzleFlashScale>
        <isPrimary>false</isPrimary>
		<AbilityTargetCategory>TargetSelf</AbilityTargetCategory>
		<targetParams>
		  <canTargetPawns>true</canTargetPawns>
		  <canTargetBuildings>false</canTargetBuildings>
		  <canTargetSelf>true</canTargetSelf>
		  <canTargetLocations>false</canTargetLocations>
		</targetParams>
    </MainVerb>
  </TorannMagic.TMAbilityDef>
 
 <!-- Psionic Barrier start-->
 
 <ThingDef ParentName="BaseBullet" Class="AbilityUser.ProjectileDef_Ability">
   <defName>TM_Projectile_PsionicBarrier</defName>
   <thingClass>AbilityUser.Projectile_AbilityBase</thingClass>
   <label>psionic barrier</label>
   <graphicData>
		<texPath>Spells/invis</texPath>
		<graphicClass>Graphic_Single</graphicClass>
   </graphicData>
   <projectile>
		<flyOverhead>true</flyOverhead>
		<damageDef>TM_PsionicInjury</damageDef>
		<damageAmountBase>0</damageAmountBase>
		<speed>999</speed>
		<explosionRadius>2</explosionRadius>
		<postExplosionSpawnChance>1</postExplosionSpawnChance>
   </projectile>
 </ThingDef>
 
 <TorannMagic.TMAbilityDef ParentName="BaseMightAbility">
    <defName>TM_PsionicBarrier</defName>
    <label>Psionic Barrier</label>
    <uiIconPath>UI/psionicbarrier</uiIconPath>
    <description>The Psionic forms a psychic barrier that repels kinetic energy in a small area around the user. Using this ability requires constant concentration in order to maintain the barrier and the Psionic will be unable to perform any other action while this is active.

This ability requires 2 points to level.</description>
    <staminaCost>0.10</staminaCost>
    <MainVerb Class="AbilityUser.VerbProperties_Ability">
        <verbClass>TorannMagic.Verb_PsionicBarrier</verbClass>
			<tooltipShowProjectileDamage>false</tooltipShowProjectileDamage>
			<tooltipShowExtraDamages>false</tooltipShowExtraDamages>
			<tooltipShowHediffsToApply>false</tooltipShowHediffsToApply>
			<tooltipShowMentalStatesToApply>false</tooltipShowMentalStatesToApply>
        <hasStandardCommand>true</hasStandardCommand>
		<abilityDef>TM_PsionicBarrier</abilityDef>
		<isViolent>false</isViolent>
        <defaultProjectile>TM_Projectile_PsionicBarrier</defaultProjectile>
        <warmupTime>.5</warmupTime>
        <SecondsToRecharge>20</SecondsToRecharge>
        <range>0</range>
        <soundCast>TM_VibrationLow</soundCast>
        <muzzleFlashScale>20</muzzleFlashScale>
        <isPrimary>false</isPrimary>
		<AbilityTargetCategory>TargetSelf</AbilityTargetCategory>
		<targetParams>
		  <canTargetPawns>true</canTargetPawns>
		  <canTargetBuildings>false</canTargetBuildings>
		  <canTargetSelf>true</canTargetSelf>
		  <canTargetLocations>false</canTargetLocations>
		</targetParams>
    </MainVerb>
  </TorannMagic.TMAbilityDef>
  
  <TorannMagic.TMAbilityDef ParentName="BaseMightAbility">
    <defName>TM_PsionicBarrier_Projected</defName>
    <label>Psionic Barrier</label>
    <uiIconPath>UI/psionicbarrier</uiIconPath>
    <description>The Psionic forms a psychic barrier that repels kinetic energy in a small area around the user. Using this ability requires constant concentration in order to maintain the barrier and the Psionic will be unable to perform any other action while this is active.

This barrier can be projected to a designation location.</description>
    <staminaCost>0.10</staminaCost>
    <MainVerb Class="AbilityUser.VerbProperties_Ability">
        <verbClass>TorannMagic.Verb_PsionicBarrier</verbClass>
			<tooltipShowProjectileDamage>false</tooltipShowProjectileDamage>
			<tooltipShowExtraDamages>false</tooltipShowExtraDamages>
			<tooltipShowHediffsToApply>false</tooltipShowHediffsToApply>
			<tooltipShowMentalStatesToApply>false</tooltipShowMentalStatesToApply>
        <hasStandardCommand>true</hasStandardCommand>
		<abilityDef>TM_PsionicBarrier_Projected</abilityDef>
		<isViolent>false</isViolent>
        <defaultProjectile>TM_Projectile_PsionicBarrier</defaultProjectile>
        <warmupTime>1</warmupTime>
        <SecondsToRecharge>20</SecondsToRecharge>
        <range>30</range>
        <soundCast>TM_Vibration</soundCast>
        <muzzleFlashScale>20</muzzleFlashScale>
        <isPrimary>false</isPrimary>
		<targetParams>
		  <canTargetPawns>true</canTargetPawns>
		  <canTargetBuildings>true</canTargetBuildings>
		  <canTargetSelf>true</canTargetSelf>
		  <canTargetLocations>true</canTargetLocations>
		</targetParams>
    </MainVerb>
  </TorannMagic.TMAbilityDef>
 
   <!-- Psionic Barrier end-->
   
   
	<!-- Psionic Blast Start -->
	
  <ThingDef ParentName="BaseBullet" Class="AbilityUser.ProjectileDef_Ability">
   <defName>TM_Projectile_PsionicBlast</defName>
   <thingClass>TorannMagic.Projectile_PsionicBlast</thingClass>
   <label>psionic blast</label>
   <graphicData>
		<texPath>Spells/psiblast</texPath>
		<graphicClass>Graphic_Single</graphicClass>
   </graphicData>
   <projectile>
		<flyOverhead>true</flyOverhead>
		<damageDef>TM_PsionicInjury</damageDef>
		<damageAmountBase>12</damageAmountBase>
		<speed>60</speed>
		<explosionRadius>2</explosionRadius>
		<postExplosionSpawnChance>1</postExplosionSpawnChance>
   </projectile>
 </ThingDef>

 <TorannMagic.TMAbilityDef ParentName="BaseMightAbility">
        <defName>TM_PsionicBlast</defName>
        <label>Psionic Blast</label>
        <uiIconPath>Spells/psiblast</uiIconPath>
        <description>Projects volatile psionic energy that creates a small detonation when it collides with a physical object. Up to five bursts may be projected, depending on how much energy is available to the psionic.
		
Cast time: 	2s
Cooldown:	12s
Range:		28</description>
        <staminaCost>0.15</staminaCost>		
		<MainVerb Class="AbilityUser.VerbProperties_Ability">
            <verbClass>TorannMagic.Verb_PsionicBlast</verbClass>
            <hasStandardCommand>true</hasStandardCommand>
            <defaultProjectile>TM_Projectile_PsionicBlast</defaultProjectile>
            <abilityDef>TM_PsionicBlast</abilityDef>
            <targetParams>
                <canTargetItems>false</canTargetItems> 
				<canTargetPawns>true</canTargetPawns>
				<canTargetLocations>true</canTargetLocations>
				<canTargetSelf>false</canTargetSelf>
            </targetParams>
            <warmupTime>2.0</warmupTime>
            <SecondsToRecharge>12</SecondsToRecharge>
            <range>28</range>
			<isViolent>true</isViolent>
            <burstShotCount>5</burstShotCount>
            <ticksBetweenBurstShots>3</ticksBetweenBurstShots>
            <soundCast>TM_AirWoosh</soundCast>
            <muzzleFlashScale>10</muzzleFlashScale>
            <isPrimary>true</isPrimary>
        </MainVerb>
    </TorannMagic.TMAbilityDef>
	
	 <TorannMagic.TMAbilityDef ParentName="BaseMightAbility">
        <defName>TM_PsionicBlast_I</defName>
        <label>Psionic Blast I</label>
        <uiIconPath>Spells/psiblast</uiIconPath>
        <description>Projects volatile psionic energy that creates a small detonation when it collides with a physical object. Up to five bursts may be projected, depending on how much energy is available to the psionic.
		
Cast time: 	1.6s
Cooldown:	10s
Range:		34</description>
        <staminaCost>0.15</staminaCost>		
		<MainVerb Class="AbilityUser.VerbProperties_Ability">
            <verbClass>TorannMagic.Verb_PsionicBlast</verbClass>
            <hasStandardCommand>true</hasStandardCommand>
            <defaultProjectile>TM_Projectile_PsionicBlast</defaultProjectile>
            <abilityDef>TM_PsionicBlast</abilityDef>
            <targetParams>
                <canTargetItems>false</canTargetItems>
				<canTargetPawns>true</canTargetPawns>
				<canTargetLocations>true</canTargetLocations>
				<canTargetSelf>false</canTargetSelf>
            </targetParams>
            <warmupTime>1.6</warmupTime>
            <SecondsToRecharge>10</SecondsToRecharge>
            <range>34</range>
			<isViolent>true</isViolent>
            <burstShotCount>5</burstShotCount>
            <ticksBetweenBurstShots>3</ticksBetweenBurstShots>
            <soundCast>TM_AirWoosh</soundCast>
            <muzzleFlashScale>12</muzzleFlashScale>
            <isPrimary>true</isPrimary>
        </MainVerb>
    </TorannMagic.TMAbilityDef>
	
	 <TorannMagic.TMAbilityDef ParentName="BaseMightAbility">
        <defName>TM_PsionicBlast_II</defName>
        <label>Psionic Blast II</label>
		<uiIconPath>Spells/psiblast</uiIconPath>
        <description>Projects volatile psionic energy that creates a small detonation when it collides with a physical object. Up to five bursts may be projected, depending on how much energy is available to the psionic.
		
Cast time: 	1.2s
Cooldown:	8s
Range:		40</description>
        <staminaCost>0.15</staminaCost>		
		<MainVerb Class="AbilityUser.VerbProperties_Ability">
            <verbClass>TorannMagic.Verb_PsionicBlast</verbClass>
            <hasStandardCommand>true</hasStandardCommand>
            <defaultProjectile>TM_Projectile_PsionicBlast</defaultProjectile>
            <abilityDef>TM_PsionicBlast</abilityDef>
            <targetParams>
                <canTargetItems>false</canTargetItems>
				<canTargetPawns>true</canTargetPawns>
				<canTargetLocations>true</canTargetLocations>
				<canTargetSelf>false</canTargetSelf>
            </targetParams>
            <warmupTime>1.2</warmupTime>
            <SecondsToRecharge>8</SecondsToRecharge>
            <range>40</range>
			<isViolent>true</isViolent>
            <burstShotCount>5</burstShotCount>
            <ticksBetweenBurstShots>3</ticksBetweenBurstShots>
            <soundCast>TM_AirWoosh</soundCast>
            <muzzleFlashScale>14</muzzleFlashScale>
            <isPrimary>true</isPrimary>
        </MainVerb>
    </TorannMagic.TMAbilityDef>
	
	 <TorannMagic.TMAbilityDef ParentName="BaseMightAbility">
        <defName>TM_PsionicBlast_III</defName>
        <label>Psionic Blast III</label>
	    <uiIconPath>Spells/psiblast</uiIconPath>
        <description>Projects volatile psionic energy that creates a small detonation when it collides with a physical object. Up to five bursts may be projected, depending on how much energy is available to the psionic.
		
Cast time: 	.8s
Cooldown:	6s
Range:		46</description>
        <staminaCost>0.15</staminaCost>		
		<MainVerb Class="AbilityUser.VerbProperties_Ability">
            <verbClass>TorannMagic.Verb_PsionicBlast</verbClass>
            <hasStandardCommand>true</hasStandardCommand>
            <defaultProjectile>TM_Projectile_PsionicBlast</defaultProjectile>
            <abilityDef>TM_PsionicBlast</abilityDef>
            <targetParams>
                <canTargetItems>false</canTargetItems>
				<canTargetPawns>true</canTargetPawns>
				<canTargetLocations>true</canTargetLocations>
				<canTargetSelf>false</canTargetSelf>
            </targetParams>
            <warmupTime>0.8</warmupTime>
            <SecondsToRecharge>6</SecondsToRecharge>
            <range>46</range>
			<isViolent>true</isViolent>
            <burstShotCount>5</burstShotCount>
            <ticksBetweenBurstShots>3</ticksBetweenBurstShots>
            <soundCast>TM_AirWoosh</soundCast>
            <muzzleFlashScale>15</muzzleFlashScale>
            <isPrimary>true</isPrimary>
        </MainVerb>
    </TorannMagic.TMAbilityDef>
	
	  <!-- Psionic Blast End -->
   
     <!-- Psionic Dash start-->
	 
	 <ThingDef ParentName="BaseBullet" Name="FlyingObject_PsionicDash">
	   <defName>FlyingObject_PsionicDash</defName>
	   <thingClass>TorannMagic.FlyingObject_PsionicDash</thingClass>
	   <label>psionic dash</label>
	   <graphicData>
			<texPath>Spells/invis</texPath>
			<graphicClass>Graphic_Single</graphicClass>
		</graphicData>
	   <projectile>
			<flyOverhead>true</flyOverhead>
			<damageDef>TM_PsionicInjury</damageDef>
			<damageAmountBase>8</damageAmountBase>
			<speed>25</speed>
	   </projectile>
	</ThingDef>
	 
  <ThingDef ParentName="BaseBullet" Class="AbilityUser.ProjectileDef_Ability">
   <defName>Projectile_PsionicDash</defName>
   <thingClass>AbilityUser.Projectile_Ability</thingClass>
   <label>psionic dash</label>
   <graphicData>
		<texPath>Spells/invis</texPath>
		<graphicClass>Graphic_Single</graphicClass>
   </graphicData>
   <projectile>
		<flyOverhead>true</flyOverhead>
		<damageDef>TM_PsionicInjury</damageDef>
		<damageAmountBase>8</damageAmountBase>
		<speed>25</speed>
   </projectile>
 </ThingDef>
 
 <TorannMagic.TMAbilityDef ParentName="BaseMightAbility">
    <defName>TM_PsionicDash</defName>
    <label>Psionic Dash</label>
    <uiIconPath>UI/psionicdash</uiIconPath>
    <description>The Psionic infuses their body with an overwhelming amount of energy and uses it to propel themselves in a rapid burst of movement. Each step emits shockwaves of energy.</description>
<!--    <thingClass>ThingWithComps</thingClass> -->
    <staminaCost>0.25</staminaCost>
    <MainVerb Class="AbilityUser.VerbProperties_Ability">
        <verbClass>TorannMagic.Effect_PsionicDash</verbClass>
			<tooltipShowProjectileDamage>false</tooltipShowProjectileDamage>
			<tooltipShowExtraDamages>false</tooltipShowExtraDamages>
			<tooltipShowHediffsToApply>false</tooltipShowHediffsToApply>
			<tooltipShowMentalStatesToApply>false</tooltipShowMentalStatesToApply>
        <hasStandardCommand>true</hasStandardCommand>
		<abilityDef>TM_PsionicDash</abilityDef>
		<isViolent>true</isViolent>
        <defaultProjectile>Projectile_PsionicDash</defaultProjectile>
        <warmupTime>.5</warmupTime>
        <SecondsToRecharge>5</SecondsToRecharge>
        <range>50</range>
        <soundCast>TM_AirWoosh</soundCast>
        <muzzleFlashScale>20</muzzleFlashScale>
        <isPrimary>false</isPrimary>
		<targetParams>
		  <canTargetPawns>true</canTargetPawns>
		  <canTargetBuildings>false</canTargetBuildings>
		  <canTargetSelf>false</canTargetSelf>
		  <canTargetLocations>true</canTargetLocations>
		</targetParams>
    </MainVerb>
  </TorannMagic.TMAbilityDef>


	 	    <!-- PsionicStorm -->
			
	<ThingDef ParentName="BaseBullet" Name="FlyingObject_PsionicStorm">
	   <defName>FlyingObject_PsionicStorm</defName>
	   <thingClass>TorannMagic.FlyingObject_PsionicStorm</thingClass>
	   <label>psi storm</label>
	   <graphicData>
			<texPath>Spells/invis</texPath>
			<graphicClass>Graphic_Single</graphicClass>
		</graphicData>
	   <projectile>
			<flyOverhead>true</flyOverhead>
			<damageDef>TM_PsionicInjury</damageDef>
			<damageAmountBase>0</damageAmountBase>
			<speed>250</speed>
			<explosionRadius>7</explosionRadius>
			<postExplosionSpawnChance>1</postExplosionSpawnChance>
	   </projectile>
	</ThingDef>
			
	<ThingDef ParentName="BaseBullet" Class="AbilityUser.ProjectileDef_Ability">
        <thingClass>AbilityUser.Projectile_Ability</thingClass>
		<defName>Projectile_PsionicStorm</defName>
        <label>PsionicStorm</label>
        <graphicData>
			<texPath>Spells/invis</texPath>
			<graphicClass>Graphic_Single</graphicClass>
			<shaderType>TransparentPostLight</shaderType>
        </graphicData>
        <projectile>
            <flyOverhead>true</flyOverhead>
            <damageDef>TM_PsionicInjury</damageDef>
            <damageAmountBase>0</damageAmountBase>
            <speed>50</speed>
			<explosionRadius>7</explosionRadius>
			<postExplosionSpawnChance>1</postExplosionSpawnChance>
        </projectile>
    </ThingDef>

 <TorannMagic.TMAbilityDef ParentName="BaseMightAbility">
        <defName>TM_PsionicStorm</defName>
        <label>Psionic Storm</label>
        <uiIconPath>UI/psionicstorm</uiIconPath>
        <description>The Psionic lets down all mental barriers and unleashes their unrestrained psionic power. Due to the nature of this attack, the psionic will expend a tremendous amount of energy and will be left vulnerable, unable to exert psionic power, for a period following the attack.</description>
        <staminaCost>0.30</staminaCost>
		<MainVerb Class="AbilityUser.VerbProperties_Ability">
            <verbClass>TorannMagic.Effect_PsionicStorm</verbClass>
            <hasStandardCommand>true</hasStandardCommand>
            <defaultProjectile>Projectile_PsionicStorm</defaultProjectile>
            <abilityDef>TM_PsionicStorm</abilityDef>
            <AbilityTargetCategory>TargetLocation</AbilityTargetCategory>
            <targetParams>
                <canTargetLocations>true</canTargetLocations>
            </targetParams>
            <warmupTime>0.2</warmupTime>
            <SecondsToRecharge>20.0</SecondsToRecharge>
            <range>36</range>
			<isViolent>true</isViolent>
            <burstShotCount>1</burstShotCount>
            <ticksBetweenBurstShots>1</ticksBetweenBurstShots>
            <soundCast>DropPod_Leaving</soundCast>
            <muzzleFlashScale>20</muzzleFlashScale>
            <isPrimary>false</isPrimary>
        </MainVerb>
    </TorannMagic.TMAbilityDef>
	
	<ThingDef ParentName="BaseBullet" Name="FlyingObject_PsiStorm">
	   <defName>FlyingObject_PsiStorm</defName>
	   <thingClass>TorannMagic.FlyingObject_PsiStorm</thingClass>
	   <label>psi storm</label>
	   <graphicData>
			<texPath>Spells/psistorm</texPath>
			<graphicClass>Graphic_Single</graphicClass>
		</graphicData>
	   <projectile>
			<flyOverhead>true</flyOverhead>
			<damageDef>TM_PsionicInjury</damageDef>
			<damageAmountBase>0</damageAmountBase>
			<speed>250</speed>
			<explosionRadius>7</explosionRadius>
			<postExplosionSpawnChance>1</postExplosionSpawnChance>
	   </projectile>
	</ThingDef>

</Defs>