<?xml version="1.0" encoding="utf-8" ?>

<Defs> 
 
  <!-- Wayfarer -->
  <TorannMagic.TMAbilityDef ParentName="BaseMightAbility">
    <defName>TM_WayfarerCraft</defName>
    <label>The Wayfarer</label>
    <uiIconPath>UI/wayfarer</uiIconPath>
    <description>Increase attributes through training and hard work. See skills for more details.</description>
    <staminaCost>0.0</staminaCost>
    <MainVerb Class="AbilityUser.VerbProperties_Ability">
        <verbClass>TorannMagic.Verb_SB</verbClass>
			<tooltipShowProjectileDamage>false</tooltipShowProjectileDamage>
			<tooltipShowExtraDamages>false</tooltipShowExtraDamages>
			<tooltipShowHediffsToApply>false</tooltipShowHediffsToApply>
			<tooltipShowMentalStatesToApply>false</tooltipShowMentalStatesToApply>
        <hasStandardCommand>true</hasStandardCommand>
		<abilityDef>TM_WayfarerCraft</abilityDef>
		<isViolent>false</isViolent>
        <defaultProjectile>Projectile_Default</defaultProjectile>
        <warmupTime>0</warmupTime>
        <SecondsToRecharge>10</SecondsToRecharge>
        <range>0</range>
        <soundCast>Message_PositiveEvent</soundCast>
        <muzzleFlashScale>0</muzzleFlashScale>
        <isPrimary>false</isPrimary>
   	    <AbilityTargetCategory>TargetSelf</AbilityTargetCategory>
		<targetParams>
		  <canTargetPawns>true</canTargetPawns>
		  <canTargetBuildings>false</canTargetBuildings>
		  <canTargetSelf>true</canTargetSelf>
		  <canTargetLocations>false</canTargetLocations>
		</targetParams>
    </MainVerb>
  </TorannMagic.TMAbilityDef>
  
    <!-- Field Training -->
  <TorannMagic.TMAbilityDef ParentName="BaseMightAbility">
    <defName>TM_FieldTraining</defName>
    <label>Combat Training</label>
    <uiIconPath>UI/combattraining</uiIconPath>
    <description>Wayfarers do not have class specific abilities, instead, they excel at general combat. 

General combat techniques are discarded by most fighters as supplementary skills which require no additional skill training. The wayfarer takes another approach; by investing time and effort into understanding these combat skills, the wayfarer is able to improve almost all general abilities in utility, power, and efficiency. 

See skills for more details.</description>
    <staminaCost>0.0</staminaCost>
    <MainVerb Class="AbilityUser.VerbProperties_Ability">
        <verbClass>TorannMagic.Verb_SB</verbClass>
			<tooltipShowProjectileDamage>false</tooltipShowProjectileDamage>
			<tooltipShowExtraDamages>false</tooltipShowExtraDamages>
			<tooltipShowHediffsToApply>false</tooltipShowHediffsToApply>
			<tooltipShowMentalStatesToApply>false</tooltipShowMentalStatesToApply>
        <hasStandardCommand>true</hasStandardCommand>
		<abilityDef>TM_FieldTraining</abilityDef>
		<isViolent>false</isViolent>
        <defaultProjectile>Projectile_Default</defaultProjectile>
        <warmupTime>0</warmupTime>
        <SecondsToRecharge>60</SecondsToRecharge>
        <range>0</range>
        <soundCast>Message_PositiveEvent</soundCast>
        <muzzleFlashScale>30</muzzleFlashScale>
        <isPrimary>false</isPrimary>
   	    <AbilityTargetCategory>TargetSelf</AbilityTargetCategory>
		<targetParams>
		  <canTargetPawns>true</canTargetPawns>
		  <canTargetBuildings>false</canTargetBuildings>
		  <canTargetSelf>true</canTargetSelf>
		  <canTargetLocations>false</canTargetLocations>
		</targetParams>
    </MainVerb>
  </TorannMagic.TMAbilityDef>
  
</Defs>