<?xml version="1.0" encoding="utf-8" ?>

<Defs>

 <!-- shroud -->
 
 <TorannMagic.TMAbilityDef ParentName="BaseMightAbility">
    <defName>TM_Shroud</defName>
    <label>Shroud of Darkness</label>
    <uiIconPath>UI/shroud</uiIconPath>
    <description>The Shroud of Darkness is a cloak of tangible malice and fear that consumes nearby energy.
	
The Shroud has many different functions and is a crucial component of the death knight's training. Foremost, the cloak provides a defensive bonus against all damage types and slightly increases weapon damage.

It's also able to solidify and retaliate against an attack using spirit damage.

Last, but not least, the Shroud is able to nullify projectiles near the death knight by consuming them in a void.  Projectiles launched from less than 6 cells away will never be nullified.

All of these functions are enhanced as hate levels grow and must have a sufficient level of hate to function at all.</description>
    <staminaCost>0.00</staminaCost>
    <MainVerb Class="AbilityUser.VerbProperties_Ability">
        <verbClass>TorannMagic.Verb_SB</verbClass>
			<tooltipShowProjectileDamage>false</tooltipShowProjectileDamage>
			<tooltipShowExtraDamages>false</tooltipShowExtraDamages>
			<tooltipShowHediffsToApply>false</tooltipShowHediffsToApply>
			<tooltipShowMentalStatesToApply>false</tooltipShowMentalStatesToApply>
        <hasStandardCommand>true</hasStandardCommand>
		<abilityDef>TM_Shroud</abilityDef>
		<isViolent>false</isViolent>
        <defaultProjectile>Projectile_Default</defaultProjectile>
        <warmupTime>0.0</warmupTime>
        <SecondsToRecharge>0.0</SecondsToRecharge>
        <range>0</range>
        <soundCast>Message_PositiveEvent</soundCast>
        <muzzleFlashScale>10</muzzleFlashScale>
        <isPrimary>false</isPrimary>
   	    <AbilityTargetCategory>TargetSelf</AbilityTargetCategory>
		<targetParams>
		  <canTargetPawns>true</canTargetPawns>
		  <canTargetBuildings>false</canTargetBuildings>
		  <canTargetSelf>true</canTargetSelf>
		  <canTargetLocations>false</canTargetLocations>
		</targetParams>
    </MainVerb>
  </TorannMagic.TMAbilityDef>
   
     <!-- wave of fear -->
  
  <ThingDef ParentName="BaseBullet" Class="AbilityUser.ProjectileDef_Ability">
   <defName>Projectile_WaveOfFear</defName>
   <thingClass>TorannMagic.Projectile_WaveOfFear</thingClass>
   <label>Wave of Fear</label>
   <graphicData>
		<texPath>Spells/invis</texPath>
		<graphicClass>Graphic_Single</graphicClass>
   </graphicData>
   <projectile>
		<flyOverhead>true</flyOverhead>
		<damageDef>TM_Heal_I</damageDef>
		<damageAmountBase>0</damageAmountBase>
		<speed>999</speed>
   </projectile>
 </ThingDef>
 
 <TorannMagic.TMAbilityDef ParentName="BaseMightAbility">
    <defName>TM_WaveOfFear</defName>
    <label>Wave of Fear</label>
    <uiIconPath>UI/waveoffear</uiIconPath>
    <description>Release a wave of fear that sends enemies cowering. Wave of Fear also applies a significant debuff to dark/light defense, movement, and slows attack speeds.
	
Hate is not required to use this ability, but it's effective range is greatly increased by hate levels.</description>
    <staminaCost>0.30</staminaCost>
    <MainVerb Class="AbilityUser.VerbProperties_Ability">
        <verbClass>TorannMagic.Verb_SB</verbClass>
			<tooltipShowProjectileDamage>false</tooltipShowProjectileDamage>
			<tooltipShowExtraDamages>false</tooltipShowExtraDamages>
			<tooltipShowHediffsToApply>false</tooltipShowHediffsToApply>
			<tooltipShowMentalStatesToApply>false</tooltipShowMentalStatesToApply>
        <hasStandardCommand>true</hasStandardCommand>
		<abilityDef>TM_WaveOfFear</abilityDef>
		<isViolent>false</isViolent>
        <defaultProjectile>Projectile_WaveOfFear</defaultProjectile>
        <warmupTime>0.5</warmupTime>
        <SecondsToRecharge>120</SecondsToRecharge>
        <range>0</range>
        <soundCast></soundCast>
        <muzzleFlashScale>20</muzzleFlashScale>
        <isPrimary>false</isPrimary>
   	    <AbilityTargetCategory>TargetSelf</AbilityTargetCategory>
		<targetParams>
		  <canTargetPawns>true</canTargetPawns>
		  <canTargetBuildings>false</canTargetBuildings>
		  <canTargetSelf>true</canTargetSelf>
		  <canTargetLocations>false</canTargetLocations>
		</targetParams>
    </MainVerb>
  </TorannMagic.TMAbilityDef>
  
  <!-- Spite  -->	
	
	<ThingDef ParentName="BaseBullet" Class="AbilityUser.ProjectileDef_Ability">
		<thingClass>TorannMagic.Projectile_Spite</thingClass>
	    <defName>Projectile_Spite</defName>
        <label>spite</label>
        <graphicData>
			<texPath>Spells/spite</texPath>
			<graphicClass>Graphic_Single</graphicClass>
			<shaderType>MoteGlow</shaderType>
        </graphicData>
        <projectile>
            <damageDef>TM_Spirit</damageDef>
            <damageAmountBase>12</damageAmountBase>
            <speed>50</speed>
        </projectile>
    </ThingDef>	
	
    <TorannMagic.TMAbilityDef ParentName="BaseMightAbility">
        <defName>TM_Spite</defName>
        <label>Spite</label>
        <uiIconPath>UI/spite</uiIconPath>
        <description>Release harnessed hatred and project a wave of spite at a target. Spite must have hate to be used.
		
Cast time: 1s
Cooldown : 5s
Range: 21</description>
        <staminaCost>0.20</staminaCost>
		<MainVerb Class="AbilityUser.VerbProperties_Ability">
            <verbClass>TorannMagic.Verb_SB</verbClass>
				<tooltipShowProjectileDamage>true</tooltipShowProjectileDamage>
				<tooltipShowExtraDamages>false</tooltipShowExtraDamages>
				<tooltipShowHediffsToApply>false</tooltipShowHediffsToApply>
				<tooltipShowMentalStatesToApply>false</tooltipShowMentalStatesToApply>
            <hasStandardCommand>true</hasStandardCommand>
            <defaultProjectile>Projectile_Spite</defaultProjectile>
            <abilityDef>TM_Spite</abilityDef>
            <warmupTime>1</warmupTime>
            <SecondsToRecharge>5</SecondsToRecharge>
            <range>21</range>
            <burstShotCount>1</burstShotCount>
            <soundCast>TM_Woosh</soundCast>
			<soundCastTail>GunTail_Heavy</soundCastTail>
            <muzzleFlashScale>2</muzzleFlashScale>
		    <AlwaysHits>true</AlwaysHits>
            <isPrimary>true</isPrimary>
			<isViolent>true</isViolent>
			<targetParams>
				<canTargetItems>false</canTargetItems>
                <canTargetPawns>true</canTargetPawns>
                <canTargetBuildings>false</canTargetBuildings>
                <canTargetSelf>false</canTargetSelf>
                <canTargetLocations>false</canTargetLocations>
            </targetParams>
        </MainVerb>
    </TorannMagic.TMAbilityDef>
	
    <TorannMagic.TMAbilityDef ParentName="BaseMightAbility">
        <defName>TM_Spite_I</defName>
        <label>Spite I</label>
        <uiIconPath>UI/spite</uiIconPath>
        <description>Release harnessed hatred and project a wave of spite at a target.  Spite must have hate to be used.
		
Cast time: .8s
Cooldown : 4s
Range: 24</description>
        <staminaCost>0.20</staminaCost>
		<MainVerb Class="AbilityUser.VerbProperties_Ability">
            <verbClass>TorannMagic.Verb_SB</verbClass>
				<tooltipShowProjectileDamage>true</tooltipShowProjectileDamage>
				<tooltipShowExtraDamages>false</tooltipShowExtraDamages>
				<tooltipShowHediffsToApply>false</tooltipShowHediffsToApply>
				<tooltipShowMentalStatesToApply>false</tooltipShowMentalStatesToApply>
            <hasStandardCommand>true</hasStandardCommand>
            <defaultProjectile>Projectile_Spite</defaultProjectile>
            <abilityDef>TM_Spite_I</abilityDef>
            <warmupTime>.8</warmupTime>
            <SecondsToRecharge>4</SecondsToRecharge>
            <range>24</range>
            <burstShotCount>1</burstShotCount>
            <soundCast>TM_Woosh</soundCast>
			<soundCastTail>GunTail_Heavy</soundCastTail>
            <muzzleFlashScale>2</muzzleFlashScale>
		    <AlwaysHits>true</AlwaysHits>
            <isPrimary>true</isPrimary>
			<isViolent>true</isViolent>
			<targetParams>
				<canTargetItems>false</canTargetItems>
                <canTargetPawns>true</canTargetPawns>
                <canTargetBuildings>false</canTargetBuildings>
                <canTargetSelf>false</canTargetSelf>
                <canTargetLocations>false</canTargetLocations>
            </targetParams>
        </MainVerb>
    </TorannMagic.TMAbilityDef>
	
	<TorannMagic.TMAbilityDef ParentName="BaseMightAbility">
        <defName>TM_Spite_II</defName>
        <label>Spite II</label>
        <uiIconPath>UI/spite</uiIconPath>
        <description>Release harnessed hatred and project a wave of spite at a target. Spite must have hate to be used.
		
Cast time: .6s
Cooldown : 3s
Range: 27</description>
        <staminaCost>0.20</staminaCost>
		<MainVerb Class="AbilityUser.VerbProperties_Ability">
            <verbClass>TorannMagic.Verb_SB</verbClass>
				<tooltipShowProjectileDamage>true</tooltipShowProjectileDamage>
				<tooltipShowExtraDamages>false</tooltipShowExtraDamages>
				<tooltipShowHediffsToApply>false</tooltipShowHediffsToApply>
				<tooltipShowMentalStatesToApply>false</tooltipShowMentalStatesToApply>
            <hasStandardCommand>true</hasStandardCommand>
            <defaultProjectile>Projectile_Spite</defaultProjectile>
            <abilityDef>TM_Spite_II</abilityDef>
            <warmupTime>.6</warmupTime>
            <SecondsToRecharge>3</SecondsToRecharge>
            <range>27</range>
            <burstShotCount>1</burstShotCount>
            <soundCast>TM_Woosh</soundCast>
			<soundCastTail>GunTail_Heavy</soundCastTail>
            <muzzleFlashScale>2</muzzleFlashScale>
		    <AlwaysHits>true</AlwaysHits>
            <isPrimary>true</isPrimary>
			<isViolent>true</isViolent>
			<targetParams>
				<canTargetItems>false</canTargetItems>
                <canTargetPawns>true</canTargetPawns>
                <canTargetBuildings>false</canTargetBuildings>
                <canTargetSelf>false</canTargetSelf>
                <canTargetLocations>false</canTargetLocations>
            </targetParams>
        </MainVerb>
    </TorannMagic.TMAbilityDef>
	
	<TorannMagic.TMAbilityDef ParentName="BaseMightAbility">
        <defName>TM_Spite_III</defName>
        <label>Spite III</label>
        <uiIconPath>UI/spite</uiIconPath>
        <description>Release harnessed hatred and project a wave of spite at a target. Spite must have hate to be used.
		
Cast time: .4s
Cooldown : 2s
Range: 30</description>
        <staminaCost>0.20</staminaCost>
		<MainVerb Class="AbilityUser.VerbProperties_Ability">
            <verbClass>TorannMagic.Verb_SB</verbClass>
				<tooltipShowProjectileDamage>true</tooltipShowProjectileDamage>
				<tooltipShowExtraDamages>false</tooltipShowExtraDamages>
				<tooltipShowHediffsToApply>false</tooltipShowHediffsToApply>
				<tooltipShowMentalStatesToApply>false</tooltipShowMentalStatesToApply>
            <hasStandardCommand>true</hasStandardCommand>
            <defaultProjectile>Projectile_Spite</defaultProjectile>
            <abilityDef>TM_Spite_III</abilityDef>
            <warmupTime>.4</warmupTime>
            <SecondsToRecharge>2</SecondsToRecharge>
            <range>30</range>
            <burstShotCount>1</burstShotCount>
            <soundCast>TM_Woosh</soundCast>
			<soundCastTail>GunTail_Heavy</soundCastTail>
            <muzzleFlashScale>2</muzzleFlashScale>
		    <AlwaysHits>true</AlwaysHits>
            <isPrimary>true</isPrimary>
			<isViolent>true</isViolent>
			<targetParams>
				<canTargetItems>false</canTargetItems>
                <canTargetPawns>true</canTargetPawns>
                <canTargetBuildings>false</canTargetBuildings>
                <canTargetSelf>false</canTargetSelf>
                <canTargetLocations>false</canTargetLocations>
            </targetParams>
        </MainVerb>
    </TorannMagic.TMAbilityDef>
	
	 <!-- life steal -->
 
 <TorannMagic.TMAbilityDef ParentName="BaseMightAbility">
    <defName>TM_LifeSteal</defName>
    <label>Life Steal</label>
    <uiIconPath>UI/soulsteal</uiIconPath>
    <description>Leach spirit from enemies struck in melee combat to restore life and energy to the death knight.</description>
    <staminaCost>0.00</staminaCost>
    <MainVerb Class="AbilityUser.VerbProperties_Ability">
        <verbClass>AbilityUser.Verb_UseAbility</verbClass>
			<tooltipShowProjectileDamage>false</tooltipShowProjectileDamage>
			<tooltipShowExtraDamages>false</tooltipShowExtraDamages>
			<tooltipShowHediffsToApply>false</tooltipShowHediffsToApply>
			<tooltipShowMentalStatesToApply>false</tooltipShowMentalStatesToApply>
        <hasStandardCommand>true</hasStandardCommand>
		<abilityDef>TM_LifeSteal</abilityDef>
		<isViolent>false</isViolent>
        <defaultProjectile>Projectile_Default</defaultProjectile>
        <warmupTime>0.0</warmupTime>
        <SecondsToRecharge>0.0</SecondsToRecharge>
        <range>0</range>
        <soundCast>Message_PositiveEvent</soundCast>
        <muzzleFlashScale>10</muzzleFlashScale>
        <isPrimary>false</isPrimary>
   	    <AbilityTargetCategory>TargetSelf</AbilityTargetCategory>
		<targetParams>
		  <canTargetPawns>true</canTargetPawns>
		  <canTargetBuildings>false</canTargetBuildings>
		  <canTargetSelf>true</canTargetSelf>
		  <canTargetLocations>false</canTargetLocations>
		</targetParams>
    </MainVerb>
  </TorannMagic.TMAbilityDef>
  
  
	<!-- grave blade -->
	<ThingDef ParentName="BaseBullet" Class="AbilityUser.ProjectileDef_Ability">
        <thingClass>TorannMagic.Projectile_GraveBlade</thingClass>
		<defName>Projectile_GraveBlade</defName>
        <label>Grave Blade</label>
        <graphicData>
			<texPath>Spells/invis</texPath>
			<graphicClass>Graphic_Single</graphicClass>
			<shaderType>TransparentPostLight</shaderType>
        </graphicData>
        <projectile>
            <flyOverhead>true</flyOverhead>
            <damageDef>Bullet</damageDef>
            <damageAmountBase>0</damageAmountBase>
			<explosionRadius>3</explosionRadius>
			<postExplosionSpawnChance>1</postExplosionSpawnChance>
            <speed>999</speed>
        </projectile>
    </ThingDef>
	
	<ThingDef ParentName="BaseBullet" Class="AbilityUser.ProjectileDef_Ability">
        <thingClass>TorannMagic.Projectile_GraveBlade</thingClass>
		<defName>Projectile_GraveBlade_I</defName>
        <label>Grave Blade</label>
        <graphicData>
			<texPath>Spells/invis</texPath>
			<graphicClass>Graphic_Single</graphicClass>
			<shaderType>TransparentPostLight</shaderType>
        </graphicData>
        <projectile>
            <flyOverhead>true</flyOverhead>
            <damageDef>Bullet</damageDef>
            <damageAmountBase>0</damageAmountBase>
			<explosionRadius>3.4</explosionRadius>
			<postExplosionSpawnChance>1</postExplosionSpawnChance>
            <speed>999</speed>
        </projectile>
    </ThingDef>
	
	<ThingDef ParentName="BaseBullet" Class="AbilityUser.ProjectileDef_Ability">
        <thingClass>TorannMagic.Projectile_GraveBlade</thingClass>
		<defName>Projectile_GraveBlade_II</defName>
        <label>Grave Blade</label>
        <graphicData>
			<texPath>Spells/invis</texPath>
			<graphicClass>Graphic_Single</graphicClass>
			<shaderType>TransparentPostLight</shaderType>
        </graphicData>
        <projectile>
            <flyOverhead>true</flyOverhead>
            <damageDef>Bullet</damageDef>
            <damageAmountBase>0</damageAmountBase>
			<explosionRadius>3.8</explosionRadius>
			<postExplosionSpawnChance>1</postExplosionSpawnChance>
            <speed>999</speed>
        </projectile>
    </ThingDef>
	
    <ThingDef ParentName="BaseBullet" Class="AbilityUser.ProjectileDef_Ability">
        <thingClass>TorannMagic.Projectile_GraveBlade</thingClass>
		<defName>Projectile_GraveBlade_III</defName>
        <label>Grave Blade</label>
        <graphicData>
			<texPath>Spells/invis</texPath>
			<graphicClass>Graphic_Single</graphicClass>
			<shaderType>TransparentPostLight</shaderType>
        </graphicData>
        <projectile>
            <flyOverhead>true</flyOverhead>
            <damageDef>Bullet</damageDef>
            <damageAmountBase>0</damageAmountBase>
			<explosionRadius>4.2</explosionRadius>
			<postExplosionSpawnChance>1</postExplosionSpawnChance>
            <speed>999</speed>
        </projectile>
    </ThingDef>

	<TorannMagic.TMAbilityDef ParentName="BaseMightAbility">
        <defName>TM_GraveBlade</defName>
        <label>Grave Blade</label>
        <uiIconPath>UI/graveblade</uiIconPath>
        <description>Spirit blades strike from the grave.

Range: 30
Cast time: 1.6s
Radius: 3.0</description>
        <staminaCost>0.65</staminaCost>
		<MainVerb Class="AbilityUser.VerbProperties_Ability">
            <verbClass>TorannMagic.Verb_SB</verbClass>
            <hasStandardCommand>true</hasStandardCommand>
            <defaultProjectile>Projectile_GraveBlade</defaultProjectile>
            <abilityDef>TM_GraveBlade</abilityDef>
			<AbilityTargetCategory>TargetLocation</AbilityTargetCategory>
            <targetParams>
                <canTargetItems>false</canTargetItems>
				<canTargetPawns>false</canTargetPawns>
				<canTargetLocations>true</canTargetLocations>
				<canTargetSelf>false</canTargetSelf>
            </targetParams>
            <warmupTime>1.6</warmupTime>
            <SecondsToRecharge>300.0</SecondsToRecharge>
            <range>30</range>
			<isViolent>true</isViolent>
            <burstShotCount>1</burstShotCount>
            <ticksBetweenBurstShots>1</ticksBetweenBurstShots>
            <soundCast>TM_VibrationLow</soundCast>
            <muzzleFlashScale>20</muzzleFlashScale>
            <isPrimary>false</isPrimary>
        </MainVerb>
    </TorannMagic.TMAbilityDef>
	
	<TorannMagic.TMAbilityDef ParentName="BaseMightAbility">
        <defName>TM_GraveBlade_I</defName>
        <label>Grave Blade I</label>
        <uiIconPath>UI/graveblade</uiIconPath>
        <description>Spirit blades strike from the grave.

Range: 33
Cast time: 1.4s
Radius: 3.4</description>
        <staminaCost>0.65</staminaCost>
		<MainVerb Class="AbilityUser.VerbProperties_Ability">
            <verbClass>TorannMagic.Verb_SB</verbClass>
            <hasStandardCommand>true</hasStandardCommand>
            <defaultProjectile>Projectile_GraveBlade_I</defaultProjectile>
            <abilityDef>TM_GraveBlade_I</abilityDef>
			<AbilityTargetCategory>TargetLocation</AbilityTargetCategory>
            <targetParams>
                <canTargetItems>false</canTargetItems>
				<canTargetPawns>false</canTargetPawns>
				<canTargetLocations>true</canTargetLocations>
				<canTargetSelf>false</canTargetSelf>
            </targetParams>
            <warmupTime>1.4</warmupTime>
            <SecondsToRecharge>300.0</SecondsToRecharge>
            <range>33</range>
			<isViolent>true</isViolent>
            <burstShotCount>1</burstShotCount>
            <ticksBetweenBurstShots>1</ticksBetweenBurstShots>
            <soundCast>TM_VibrationLow</soundCast>
            <muzzleFlashScale>20</muzzleFlashScale>
            <isPrimary>false</isPrimary>
        </MainVerb>
    </TorannMagic.TMAbilityDef>
	
	<TorannMagic.TMAbilityDef ParentName="BaseMightAbility">
        <defName>TM_GraveBlade_II</defName>
        <label>Grave Blade II</label>
        <uiIconPath>UI/graveblade</uiIconPath>
        <description>Spirit blades strike from the grave.

Range: 36
Cast time: 1.2s
Radius: 3.8</description>
        <staminaCost>0.65</staminaCost>
		<MainVerb Class="AbilityUser.VerbProperties_Ability">
            <verbClass>TorannMagic.Verb_SB</verbClass>
            <hasStandardCommand>true</hasStandardCommand>
            <defaultProjectile>Projectile_GraveBlade_II</defaultProjectile>
            <abilityDef>TM_GraveBlade_II</abilityDef>
			<AbilityTargetCategory>TargetLocation</AbilityTargetCategory>
            <targetParams>
                <canTargetItems>false</canTargetItems>
				<canTargetPawns>false</canTargetPawns>
				<canTargetLocations>true</canTargetLocations>
				<canTargetSelf>false</canTargetSelf>
            </targetParams>
            <warmupTime>1.2</warmupTime>
            <SecondsToRecharge>300.0</SecondsToRecharge>
            <range>36</range>
			<isViolent>true</isViolent>
            <burstShotCount>1</burstShotCount>
            <ticksBetweenBurstShots>1</ticksBetweenBurstShots>
            <soundCast>TM_VibrationLow</soundCast>
            <muzzleFlashScale>20</muzzleFlashScale>
            <isPrimary>false</isPrimary>
        </MainVerb>
    </TorannMagic.TMAbilityDef>
	
	<TorannMagic.TMAbilityDef ParentName="BaseMightAbility">
        <defName>TM_GraveBlade_III</defName>
        <label>Grave Blade III</label>
        <uiIconPath>UI/graveblade</uiIconPath>
        <description>Spirit blades strike from the grave.

Range: 39
Cast time: 1s
Radius: 4.2</description>
        <staminaCost>0.65</staminaCost>
		<MainVerb Class="AbilityUser.VerbProperties_Ability">
            <verbClass>TorannMagic.Verb_SB</verbClass>
            <hasStandardCommand>true</hasStandardCommand>
            <defaultProjectile>Projectile_GraveBlade_III</defaultProjectile>
            <abilityDef>TM_GraveBlade_III</abilityDef>
			<AbilityTargetCategory>TargetLocation</AbilityTargetCategory>
            <targetParams>
                <canTargetItems>false</canTargetItems>
				<canTargetPawns>false</canTargetPawns>
				<canTargetLocations>true</canTargetLocations>
				<canTargetSelf>false</canTargetSelf>
            </targetParams>
            <warmupTime>1</warmupTime>
            <SecondsToRecharge>300.0</SecondsToRecharge>
            <range>39</range>
			<isViolent>true</isViolent>
            <burstShotCount>1</burstShotCount>
            <ticksBetweenBurstShots>1</ticksBetweenBurstShots>
            <soundCast>TM_VibrationLow</soundCast>
            <muzzleFlashScale>20</muzzleFlashScale>
            <isPrimary>false</isPrimary>
        </MainVerb>
    </TorannMagic.TMAbilityDef>

</Defs>