<?xml version="1.0" encoding="utf-8" ?>

<Defs>
	
	    <!-- Ray of Hope start -->	
    <ThingDef ParentName="BaseBullet" Class="AbilityUser.ProjectileDef_Ability">
		<thingClass>AbilityUser.Projectile_AbilityBase</thingClass>
	    <defName>Buff_RayofHope</defName>
        <label>Ray of Hope</label>
        <graphicData>
			<texPath>Spells/invis</texPath>
			<graphicClass>Graphic_Single</graphicClass>
			<shaderType>TransparentPostLight</shaderType>
        </graphicData>
        <projectile>
            <flyOverhead>true</flyOverhead>
            <damageDef>RayofHope</damageDef>
            <damageAmountBase>0</damageAmountBase>
            <speed>1000</speed>
			<explosionRadius>18</explosionRadius>
			<postExplosionSpawnChance>1</postExplosionSpawnChance>
        </projectile>
    </ThingDef>
	
	<TorannMagic.TMAbilityDef ParentName="BaseMagicAbility">
        <defName>TM_RayofHope</defName>
        <label>Inner Fire</label>
        <uiIconPath>UI/innerfire</uiIconPath>
        <description>Creates an aura of warmth around the caster that periodically reinforces the spirit of an ally.
		
Inner Fire: Arcane augmentation that kindles an inner fire, increasing a pawn's endurance and resistances.
	
Application Frequency: 	80-90s	
Duration:  200-223s
Rest and hunger needs: -10%
Natural healing: +20%
Mental break resistance: +3%
Cold resistance: +6c

Requires 40 mana to maintain and reduces mana regeneration by 30%; cast again to deactivate. The caster gains xp each time an ally is buffed.</description>
		<manaCost>0</manaCost>
		<upkeepEnergyCost>.4</upkeepEnergyCost>
		<upkeepRegenCost>.3</upkeepRegenCost>
		<upkeepEfficiencyPercent>.08</upkeepEfficiencyPercent>
		<abilityHediff>TM_InnerFire_AuraHD</abilityHediff>
		<learnChance>.3</learnChance>
        <MainVerb Class="AbilityUser.VerbProperties_Ability">
            <verbClass>TorannMagic.Verb_ApplyAura</verbClass>
				<tooltipShowProjectileDamage>false</tooltipShowProjectileDamage>
				<tooltipShowExtraDamages>false</tooltipShowExtraDamages>
				<tooltipShowHediffsToApply>true</tooltipShowHediffsToApply>
				<tooltipShowMentalStatesToApply>false</tooltipShowMentalStatesToApply>
            <hasStandardCommand>true</hasStandardCommand>
			<requiresLineOfSight>false</requiresLineOfSight>
            <defaultProjectile>Projectile_Default</defaultProjectile>
            <abilityDef>TM_RayofHope</abilityDef>
            <warmupTime>6</warmupTime>
            <SecondsToRecharge>10.0</SecondsToRecharge>
            <range>0</range>
            <burstShotCount>1</burstShotCount>
            <soundCast>Message_PositiveEvent</soundCast>
			<soundCastTail>GunTail_Medium</soundCastTail>
            <muzzleFlashScale>20</muzzleFlashScale>
		    <AlwaysHits>true</AlwaysHits>
            <isPrimary>false</isPrimary>
			<isViolent>false</isViolent>
			<AbilityTargetCategory>TargetSelf</AbilityTargetCategory>
			<targetParams>
			  <canTargetPawns>true</canTargetPawns>
			  <canTargetBuildings>false</canTargetBuildings>
			  <canTargetSelf>true</canTargetSelf>
			  <canTargetLocations>false</canTargetLocations>
			</targetParams>
        </MainVerb>
    </TorannMagic.TMAbilityDef>

    <TorannMagic.TMAbilityDef ParentName="BaseMagicAbility">
        <defName>TM_RayofHope_I</defName>
        <label>Inner Fire</label>
        <uiIconPath>UI/innerfire</uiIconPath>
        <description>Creates an aura of warmth around the caster that periodically reinforces the spirit of an ally.
		
Inner Fire: Arcane augmentation that kindles an inner fire, increasing a pawn's endurance and resistances.
	
Application Frequency: 	80-90s	
Duration:  200-223s
Rest and hunger needs: -14%
Natural healing: +25%
Mental break resistance: +4%
Cold resistance: +8c

Requires 40 mana to maintain and reduces mana regeneration by 30%; cast again to deactivate. The caster gains xp each time an ally is buffed.</description>
		<manaCost>0</manaCost>
		<upkeepEnergyCost>.4</upkeepEnergyCost>
		<upkeepRegenCost>.3</upkeepRegenCost>
		<upkeepEfficiencyPercent>.08</upkeepEfficiencyPercent>
		<abilityHediff>TM_InnerFire_AuraHD</abilityHediff>
		<shouldInitialize>false</shouldInitialize>
        <MainVerb Class="AbilityUser.VerbProperties_Ability">
            <verbClass>TorannMagic.Verb_ApplyAura</verbClass>
				<tooltipShowProjectileDamage>false</tooltipShowProjectileDamage>
				<tooltipShowExtraDamages>false</tooltipShowExtraDamages>
				<tooltipShowHediffsToApply>true</tooltipShowHediffsToApply>
				<tooltipShowMentalStatesToApply>false</tooltipShowMentalStatesToApply>
            <hasStandardCommand>true</hasStandardCommand>
			<requiresLineOfSight>false</requiresLineOfSight>
            <defaultProjectile>Buff_RayofHope</defaultProjectile>
            <abilityDef>TM_RayofHope_I</abilityDef>
            <warmupTime>5</warmupTime>
            <SecondsToRecharge>10.0</SecondsToRecharge>
            <range>0</range>
            <burstShotCount>1</burstShotCount>
            <soundCast>Message_PositiveEvent</soundCast>
			<soundCastTail>GunTail_Medium</soundCastTail>
            <muzzleFlashScale>20</muzzleFlashScale>
		    <AlwaysHits>true</AlwaysHits>
            <isPrimary>false</isPrimary>
			<isViolent>false</isViolent>
			<AbilityTargetCategory>TargetSelf</AbilityTargetCategory>
			<targetParams>
			  <canTargetPawns>true</canTargetPawns>
			  <canTargetBuildings>false</canTargetBuildings>
			  <canTargetSelf>true</canTargetSelf>
			  <canTargetLocations>false</canTargetLocations>
			</targetParams>
        </MainVerb>
    </TorannMagic.TMAbilityDef>
	
	 <TorannMagic.TMAbilityDef ParentName="BaseMagicAbility">
        <defName>TM_RayofHope_II</defName>
        <label>Inner Fire</label>
        <uiIconPath>UI/innerfire</uiIconPath>
        <description>Creates an aura of warmth around the caster that periodically reinforces the spirit of an ally.
		
Inner Fire: Arcane augmentation that kindles an inner fire, increasing a pawn's endurance and resistances.
	
Application Frequency: 	80-90s	
Duration:  500-600s
Rest and hunger needs: -17%
Natural healing: +28%
Mental break resistance: +4%
Cold resistance: +9c

Requires 40 mana to maintain and reduces mana regeneration by 30%; cast again to deactivate. The caster gains xp each time an ally is buffed.</description>
		<manaCost>0</manaCost>
		<upkeepEnergyCost>.4</upkeepEnergyCost>
		<upkeepRegenCost>.3</upkeepRegenCost>
		<upkeepEfficiencyPercent>.08</upkeepEfficiencyPercent>
		<abilityHediff>TM_InnerFire_AuraHD</abilityHediff>
		<shouldInitialize>false</shouldInitialize>
        <MainVerb Class="AbilityUser.VerbProperties_Ability">
            <verbClass>TorannMagic.Verb_ApplyAura</verbClass>
				<tooltipShowProjectileDamage>false</tooltipShowProjectileDamage>
				<tooltipShowExtraDamages>false</tooltipShowExtraDamages>
				<tooltipShowHediffsToApply>true</tooltipShowHediffsToApply>
				<tooltipShowMentalStatesToApply>false</tooltipShowMentalStatesToApply>
            <hasStandardCommand>true</hasStandardCommand>
			<requiresLineOfSight>false</requiresLineOfSight>
            <defaultProjectile>Projectile_Default</defaultProjectile>
            <abilityDef>TM_RayofHope_II</abilityDef>
            <warmupTime>4</warmupTime>
            <SecondsToRecharge>10.0</SecondsToRecharge>
            <range>0</range>
            <burstShotCount>1</burstShotCount>
            <soundCast>Message_PositiveEvent</soundCast>
			<soundCastTail>GunTail_Medium</soundCastTail>
            <muzzleFlashScale>20</muzzleFlashScale>
		    <AlwaysHits>true</AlwaysHits>
            <isPrimary>false</isPrimary>
			<isViolent>false</isViolent>
			<AbilityTargetCategory>TargetSelf</AbilityTargetCategory>
			<targetParams>
			  <canTargetPawns>true</canTargetPawns>
			  <canTargetBuildings>false</canTargetBuildings>
			  <canTargetSelf>true</canTargetSelf>
			  <canTargetLocations>false</canTargetLocations>
			</targetParams>
        </MainVerb>
    </TorannMagic.TMAbilityDef>
	
	 <TorannMagic.TMAbilityDef ParentName="BaseMagicAbility">
        <defName>TM_RayofHope_III</defName>
        <label>Inner Fire</label>
        <uiIconPath>UI/innerfire</uiIconPath>
        <description>Creates an aura of warmth around the caster that periodically reinforces the spirit of an ally.
		
Inner Fire: Arcane augmentation that kindles an inner fire, increasing a pawn's endurance and resistances.
	
Application Frequency: 	80-90s	
Duration:  500-600
Rest and hunger needs: -20%
Natural healing: +30%
Mental break resistance: +5%
Cold resistance: +10c

Requires 40 mana to maintain and reduces mana regeneration by 30%; cast again to deactivate. The caster gains xp each time an ally is buffed.</description>
		<manaCost>0</manaCost>
		<upkeepEnergyCost>.4</upkeepEnergyCost>
		<upkeepRegenCost>.3</upkeepRegenCost>
		<upkeepEfficiencyPercent>.08</upkeepEfficiencyPercent>
		<abilityHediff>TM_InnerFire_AuraHD</abilityHediff>
		<shouldInitialize>false</shouldInitialize>
        <MainVerb Class="AbilityUser.VerbProperties_Ability">
            <verbClass>TorannMagic.Verb_ApplyAura</verbClass>
				<tooltipShowProjectileDamage>false</tooltipShowProjectileDamage>
				<tooltipShowExtraDamages>false</tooltipShowExtraDamages>
				<tooltipShowHediffsToApply>true</tooltipShowHediffsToApply>
				<tooltipShowMentalStatesToApply>false</tooltipShowMentalStatesToApply>
            <hasStandardCommand>true</hasStandardCommand>
			<requiresLineOfSight>false</requiresLineOfSight>
            <defaultProjectile>Buff_RayofHope</defaultProjectile>
            <abilityDef>TM_RayofHope_III</abilityDef>
            <warmupTime>3</warmupTime>
            <SecondsToRecharge>10.0</SecondsToRecharge>
            <range>0</range>
            <burstShotCount>1</burstShotCount>
            <soundCast>Message_PositiveEvent</soundCast>
			<soundCastTail>GunTail_Medium</soundCastTail>
            <muzzleFlashScale>20</muzzleFlashScale>
		    <AlwaysHits>true</AlwaysHits>
            <isPrimary>false</isPrimary>
			<isViolent>false</isViolent>
			<AbilityTargetCategory>TargetSelf</AbilityTargetCategory>
			<targetParams>
			  <canTargetPawns>true</canTargetPawns>
			  <canTargetBuildings>false</canTargetBuildings>
			  <canTargetSelf>true</canTargetSelf>
			  <canTargetLocations>false</canTargetLocations>
			</targetParams>
        </MainVerb>
    </TorannMagic.TMAbilityDef>

    <!-- Ray of Hope End -->


		<!-- Firebolt -->
	
  <ThingDef Class="AbilityUser.ProjectileDef_Ability" ParentName="BaseBullet">
    <defName>Projectile_Firebolt</defName>
	<thingClass>TorannMagic.Projectile_Firebolt</thingClass>
    <label>Firebolt</label>
	<graphicData>
      <texPath>Spells/firebolt</texPath>
      <graphicClass>Graphic_Single</graphicClass>
    </graphicData>
    <projectile>
	  <soundExplode>TrapSpring</soundExplode>
	  <flyOverhead>false</flyOverhead>
      <damageDef>Firebolt</damageDef>
      <damageAmountBase>16</damageAmountBase>
      <speed>80</speed>
    </projectile>
  </ThingDef>
  
 <TorannMagic.TMAbilityDef ParentName="BaseMagicAbility">
    <defName>TM_Firebolt</defName>
    <label>Firebolt</label>
    <description>Launches a bolt of super-heated magma that damages and can set fire to the target.</description>
	<uiIconPath>Spells/firebolt</uiIconPath>
    <manaCost>0.15</manaCost>
	<efficiencyReductionPercent>.1</efficiencyReductionPercent>
		<learnChance>.6</learnChance>
		<canCopy>true</canCopy>
	<MainVerb Class="AbilityUser.VerbProperties_Ability">
        <verbClass>AbilityUser.Verb_UseAbility</verbClass>
			<tooltipShowProjectileDamage>true</tooltipShowProjectileDamage>
			<tooltipShowExtraDamages>true</tooltipShowExtraDamages>
			<tooltipShowHediffsToApply>true</tooltipShowHediffsToApply>
			<tooltipShowMentalStatesToApply>false</tooltipShowMentalStatesToApply>
        <hasStandardCommand>true</hasStandardCommand>
        <defaultProjectile>Projectile_Firebolt</defaultProjectile>
		<abilityDef>TM_Firebolt</abilityDef>
        <warmupTime>1</warmupTime>
        <SecondsToRecharge>4</SecondsToRecharge>
        <range>40</range>
        <soundCast>TM_AirWoosh</soundCast>
        <muzzleFlashScale>20</muzzleFlashScale>
        <isPrimary>false</isPrimary>
		<isViolent>true</isViolent>
		<burstShotCount>1</burstShotCount>
		<AlwaysHits>true</AlwaysHits>
		<targetParams>
			<canTargetPawns>true</canTargetPawns>
			<canTargetBuildings>true</canTargetBuildings>
			<canTargetSelf>false</canTargetSelf>
			<canTargetLocations>false</canTargetLocations>
		</targetParams>
    </MainVerb>

  </TorannMagic.TMAbilityDef>
	
	<!-- Firebolt end -->
	
	
    <!-- Fireball-->	
    <ThingDef ParentName="BaseBullet" Class="AbilityUser.ProjectileDef_Ability">
		<thingClass>TorannMagic.Projectile_Fireball</thingClass>
	    <defName>Projectile_Fireball</defName>
        <label>fireball</label>
        <graphicData>
			<texPath>Spells/fireball4</texPath>
			<graphicClass>Graphic_Single</graphicClass>
			<shaderType>TransparentPostLight</shaderType>
        </graphicData>
        <projectile>
            <damageDef>Bomb</damageDef>
            <damageAmountBase>56</damageAmountBase>
            <speed>20</speed>
			<explosionRadius>3.6</explosionRadius>
			<postExplosionSpawnChance>1</postExplosionSpawnChance>
        </projectile>
    </ThingDef>

    <TorannMagic.TMAbilityDef ParentName="BaseMagicAbility">
        <defName>TM_Fireball</defName>
        <label>Fireball</label>
        <uiIconPath>Spells/fireball4</uiIconPath>
        <description>Throws a massive, slow moving fireball. Wreaks havoc and creates a fiery explosion at the target area.</description>
        <manaCost>0.50</manaCost>
		<efficiencyReductionPercent>.08</efficiencyReductionPercent>
		<learnChance>.3</learnChance>
		<canCopy>true</canCopy>
		<MainVerb Class="AbilityUser.VerbProperties_Ability">
            <verbClass>AbilityUser.Verb_UseAbility</verbClass>
				<tooltipShowProjectileDamage>true</tooltipShowProjectileDamage>
				<tooltipShowExtraDamages>false</tooltipShowExtraDamages>
				<tooltipShowHediffsToApply>false</tooltipShowHediffsToApply>
				<tooltipShowMentalStatesToApply>false</tooltipShowMentalStatesToApply>
            <hasStandardCommand>true</hasStandardCommand>
            <defaultProjectile>Projectile_Fireball</defaultProjectile>
            <abilityDef>TM_Fireball</abilityDef>
            <warmupTime>1.5</warmupTime>
            <SecondsToRecharge>20.0</SecondsToRecharge>
            <range>120</range>
            <burstShotCount>1</burstShotCount>
			<forcedMissRadius>8.4</forcedMissRadius>
            <soundCast>DropPod_Leaving</soundCast>
			<soundCastTail>GunTail_Medium</soundCastTail>
            <muzzleFlashScale>20</muzzleFlashScale>
		    <AlwaysHits>false</AlwaysHits>
            <isPrimary>false</isPrimary>
			<targetParams>
                <canTargetPawns>true</canTargetPawns>
                <canTargetBuildings>true</canTargetBuildings>
                <canTargetSelf>true</canTargetSelf>
                <canTargetLocations>true</canTargetLocations>
            </targetParams>
        </MainVerb>
    </TorannMagic.TMAbilityDef>

    <!-- fireball end-->
	
		<!-- Fire Claw -->
	
  <ThingDef Class="AbilityUser.ProjectileDef_Ability" ParentName="BaseBullet">
   <thingClass>TorannMagic.Projectile_Fireclaw</thingClass>
   <defName>Projectile_Fireclaw</defName>
   <label>Fireclaw</label>
   <graphicData>
		<texPath>Spells/invis</texPath>
		<graphicClass>Graphic_Single</graphicClass>
		<shaderType>TransparentPostLight</shaderType>
	</graphicData>
   <projectile>
		<flyOverhead>true</flyOverhead>
		<damageDef>Burn</damageDef>
		<damageAmountBase>36</damageAmountBase>
		<speed>200</speed>
   </projectile>
 </ThingDef>

 <TorannMagic.TMAbilityDef ParentName="BaseMagicAbility">
    <defName>TM_Fireclaw</defName>
    <label>Fireclaw</label>
    <uiIconPath>UI/tendril</uiIconPath>
    <description>Create streaming tendrils of fire that rake across your enemies, leaving destruction and fire in its wake.</description>
    <manaCost>0.28</manaCost>
	<efficiencyReductionPercent>.1</efficiencyReductionPercent>
		<learnChance>.4</learnChance>
		<canCopy>true</canCopy>
	<MainVerb Class="AbilityUser.VerbProperties_Ability">
        <verbClass>AbilityUser.Verb_UseAbility</verbClass>
			<tooltipShowProjectileDamage>false</tooltipShowProjectileDamage>
			<tooltipShowExtraDamages>false</tooltipShowExtraDamages>
			<tooltipShowHediffsToApply>false</tooltipShowHediffsToApply>
			<tooltipShowMentalStatesToApply>false</tooltipShowMentalStatesToApply>
        <hasStandardCommand>true</hasStandardCommand>
        <defaultProjectile>Projectile_Fireclaw</defaultProjectile>
		<abilityDef>TM_Fireclaw</abilityDef>
        <warmupTime>1</warmupTime>
        <SecondsToRecharge>10</SecondsToRecharge>
		<burstShotCount>1</burstShotCount>
        <range>40</range>
		<isViolent>true</isViolent>
        <soundCast>ThrowGrenade</soundCast>
        <muzzleFlashScale>20</muzzleFlashScale>
		<AlwaysHits>true</AlwaysHits>
         <isPrimary>false</isPrimary>
		 <targetParams>
      	 <canTargetPawns>true</canTargetPawns>
      	 <canTargetBuildings>true</canTargetBuildings>
      	 <canTargetSelf>false</canTargetSelf>
		 <canTargetLocations>true</canTargetLocations>
        </targetParams>
    </MainVerb>
 </TorannMagic.TMAbilityDef>
 
 	<!-- fire claw end -->

	<!-- Firestorm -->	
    <ThingDef ParentName="BaseBullet" Class="AbilityUser.ProjectileDef_Ability">
	    <thingClass>TorannMagic.Projectile_Firestorm</thingClass>
        <defName>Projectile_Firestorm</defName>
        <label>Firestorm</label>
        <graphicData>
			<texPath>Spells/invis</texPath>
			<graphicClass>Graphic_Single</graphicClass>
			<shaderType>TransparentPostLight</shaderType>
        </graphicData>
        <projectile>
			<flyOverhead>true</flyOverhead>
			<soundExplode>Explosion_Flame</soundExplode>
            <damageDef>Bullet</damageDef>
            <damageAmountBase>16</damageAmountBase>
			<explosionRadius>5</explosionRadius>
            <speed>9999</speed>
			<postExplosionSpawnChance>1</postExplosionSpawnChance>
        </projectile>
    </ThingDef>

    <TorannMagic.TMAbilityDef ParentName="BaseMagicAbility">
        <defName>TM_Firestorm</defName>
        <label>Firestorm</label>
        <uiIconPath>UI/firestorm</uiIconPath>
        <description>Calls forth the full fury of elemental fire in a meteor storm of death and destruction.</description>
        <manaCost>0.70</manaCost>
		<efficiencyReductionPercent>.05</efficiencyReductionPercent>
		<learnItem>SpellOf_Firestorm</learnItem>
		<learnChance>.08</learnChance>
		<MainVerb Class="AbilityUser.VerbProperties_Ability">
            <verbClass>AbilityUser.Verb_UseAbility</verbClass>
            <tooltipShowProjectileDamage>true</tooltipShowProjectileDamage>
            <tooltipShowExtraDamages>false</tooltipShowExtraDamages>
            <tooltipShowHediffsToApply>false</tooltipShowHediffsToApply>
            <tooltipShowMentalStatesToApply>false</tooltipShowMentalStatesToApply>
            <hasStandardCommand>true</hasStandardCommand>
            <defaultProjectile>Projectile_Firestorm</defaultProjectile>
            <abilityDef>TM_Firestorm</abilityDef>
            <warmupTime>2.0</warmupTime>
            <SecondsToRecharge>120.0</SecondsToRecharge>
            <range>60</range>
            <forcedMissRadius>50</forcedMissRadius>
            <burstShotCount>1</burstShotCount>
            <ticksBetweenBurstShots>15</ticksBetweenBurstShots>
            <isPrimary>true</isPrimary>
            <soundCast>DropPod_Leaving</soundCast>
            <soundCastTail>GunTail_Medium</soundCastTail>
            <muzzleFlashScale>100</muzzleFlashScale>
            <AlwaysHits>true</AlwaysHits>
			<targetParams>
                <canTargetPawns>true</canTargetPawns>
                <canTargetBuildings>true</canTargetBuildings>
                <canTargetSelf>true</canTargetSelf>
                <canTargetLocations>true</canTargetLocations>
            </targetParams>
        </MainVerb>
    </TorannMagic.TMAbilityDef>

    <!-- firestorm end-->


</Defs>
