<?xml version="1.0" encoding="utf-8" ?>

<Defs>

  <ThingDef Name="BaseBitLaserProjectile" Abstract="True">
    <category>Projectile</category>
    <altitudeLayer>Projectile</altitudeLayer>
    <thingClass>Bullet</thingClass>
    <label>laser</label>
    <tickerType>Normal</tickerType>
    <useHitPoints>False</useHitPoints>
    <neverMultiSelect>True</neverMultiSelect>
    <graphicData>
      <shaderType>Transparent</shaderType>
    </graphicData>
    <projectile>
      <speed>90</speed>
    </projectile>
  </ThingDef>
  
   	<ThingDef ParentName="BaseBitLaserProjectile">
		<defName>Projectile_TM_BitTechLaser</defName>
		<label>tech micro laser</label>
		<graphicData>
			<texPath>Spells/tech_laser</texPath>
			<graphicClass>Graphic_Single</graphicClass>
		</graphicData>
		<projectile>
			<damageDef>Burn</damageDef>
			<damageAmountBase>10</damageAmountBase>
		</projectile>
	</ThingDef>
 
  <ThingDef Name="BaseBitGrenadeProjectile" Abstract="True">
    <category>Projectile</category>
    <altitudeLayer>Projectile</altitudeLayer>
    <thingClass>Projectile_Explosive</thingClass>
    <label>projectile</label>
    <tickerType>Normal</tickerType>
    <useHitPoints>False</useHitPoints>
    <neverMultiSelect>True</neverMultiSelect>
    <graphicData>
      <shaderType>Transparent</shaderType>
    </graphicData>
    <projectile>
      <speed>20</speed>
      <flyOverhead>true</flyOverhead>
    </projectile>
  </ThingDef>
 
 	<ThingDef ParentName="BaseBitGrenadeProjectile">
		<defName>Projectile_TMFragGrenade</defName>
		<label>mini frag grenade</label>
		<thingClass>Projectile_Explosive</thingClass>
		<graphicData>
			<texPath>Things/Projectile/Grenade</texPath>
			<graphicClass>Graphic_Single</graphicClass>
		</graphicData>
		<projectile>
			<explosionRadius>1.4</explosionRadius>
			<damageDef>Bomb</damageDef>
			<damageAmountBase>14</damageAmountBase>
			<explosionDelay>50</explosionDelay>
		</projectile>
	</ThingDef>
	
	<ThingDef ParentName="BaseBitGrenadeProjectile">
		<defName>Projectile_TMEMPGrenade</defName>
		<label>mini frag grenade</label>
		<thingClass>Projectile_Explosive</thingClass>
		<graphicData>
			<texPath>Things/Projectile/GrenadeEMP</texPath>
			<graphicClass>Graphic_Single</graphicClass>
		</graphicData>
		<projectile>
			<explosionRadius>3</explosionRadius>
			<damageDef>EMP</damageDef>
			<damageAmountBase>26</damageAmountBase>
			<explosionDelay>60</explosionDelay>
		</projectile>
	</ThingDef>
 
  <!-- Techno Bit -->
 <TorannMagic.TMAbilityDef ParentName="BaseMagicAbility">
    <defName>TM_TechnoBit</defName>
    <label>Techno-Bit</label>
    <uiIconPath>UI/bit_c</uiIconPath>
    <description>The techno-bit is a small, autonomous orb that assists the technomancer in many tasks and provides the technomancer with additional support capabilities. The techno-bit assist can be toggled and will not perform any task while disabled.
	
Undrafted: the techno-bit assists in crafting, mining and construction tasks. It will also repair nearby buildings, androids, and mechanoids.

Drafted: uses an internal focus-LED to fire micro lasers at the technomancers target. Performs accelerated repairs to nearby robotic pawns or buildings.</description>
    <manaCost>0.00</manaCost>
		<learnChance>0</learnChance>
		<shouldInitialize>false</shouldInitialize>
    <MainVerb Class="AbilityUser.VerbProperties_Ability">
        <verbClass>AbilityUser.Verb_UseAbility</verbClass>
			<tooltipShowProjectileDamage>false</tooltipShowProjectileDamage>
			<tooltipShowExtraDamages>false</tooltipShowExtraDamages>
			<tooltipShowHediffsToApply>false</tooltipShowHediffsToApply>
			<tooltipShowMentalStatesToApply>false</tooltipShowMentalStatesToApply>
        <hasStandardCommand>true</hasStandardCommand>
		<abilityDef>TM_TechnoBit</abilityDef>
		<isViolent>false</isViolent>
        <defaultProjectile>Projectile_Ranger</defaultProjectile>
        <warmupTime>0.1</warmupTime>
        <SecondsToRecharge>60.0</SecondsToRecharge>
        <range>0</range>
        <soundCast>Message_PositiveEvent</soundCast>
        <muzzleFlashScale>10</muzzleFlashScale>
        <isPrimary>false</isPrimary>
   	    <AbilityTargetCategory>TargetSelf</AbilityTargetCategory>
		<targetParams>
		  <canTargetPawns>true</canTargetPawns>
		  <canTargetBuildings>false</canTargetBuildings>
		  <canTargetSelf>true</canTargetSelf>
		  <canTargetLocations>false</canTargetLocations>
		</targetParams>
    </MainVerb>
  </TorannMagic.TMAbilityDef>
  
    <!-- Techno Turret -->
 
  <ThingDef Class="AbilityUser.ProjectileDef_Ability" ParentName="BaseBullet">
   <thingClass>TorannMagic.Projectile_TechnoTurret</thingClass>
   <defName>Projectile_TechnoTurret</defName>
   <label>Mark-IV projectile</label>
   <graphicData>
		<texPath>Spells/turretcanister</texPath>
		<graphicClass>Graphic_Single</graphicClass>
		<shaderType>TransparentPostLight</shaderType>
	</graphicData>
   <projectile>
		<flyOverhead>true</flyOverhead>
		<damageDef>Burn</damageDef>
		<damageAmountBase>0</damageAmountBase>
		<speed>15</speed>
   </projectile>
 </ThingDef>
 
 <TorannMagic.TMAbilityDef ParentName="BaseMagicAbility">
    <defName>TM_TechnoTurret</defName>
    <label>Mark-IV Turret</label>
    <uiIconPath>Other/TechnoTurret</uiIconPath>
    <description>Deploys and establishes a neural link to the Mark-IV turret. The Mark-IV is remotely controlled by the caster. After the turret is deployed,any activity or movement by the caster will break the neural link and miniaturize the Mark-IV weapon system. Rockets and mortars consume mana per shot.

The Mark-IV will automatically miniaturize itself when it takes critical damage and can cause neural feedback to the technomancer manning the system.</description>
    <manaCost>0.5</manaCost>
	<efficiencyReductionPercent>.02</efficiencyReductionPercent>
		<learnChance>0</learnChance>
    <MainVerb Class="AbilityUser.VerbProperties_Ability">
        <verbClass>TorannMagic.Verb_SB</verbClass>
			<tooltipShowProjectileDamage>false</tooltipShowProjectileDamage>
			<tooltipShowExtraDamages>false</tooltipShowExtraDamages>
			<tooltipShowHediffsToApply>false</tooltipShowHediffsToApply>
			<tooltipShowMentalStatesToApply>false</tooltipShowMentalStatesToApply>
        <hasStandardCommand>true</hasStandardCommand>
		<abilityDef>TM_TechnoTurret</abilityDef>
		<isViolent>true</isViolent>
		<AlwaysHits>true</AlwaysHits>
        <defaultProjectile>Projectile_TechnoTurret</defaultProjectile>
        <warmupTime>2</warmupTime>
        <SecondsToRecharge>600</SecondsToRecharge>
        <range>18</range>
        <isPrimary>false</isPrimary>
   	    <AbilityTargetCategory>TargetLocation</AbilityTargetCategory>
		<targetParams>
		  <canTargetPawns>false</canTargetPawns>
		  <canTargetBuildings>false</canTargetBuildings>
		  <canTargetSelf>false</canTargetSelf>
		  <canTargetLocations>true</canTargetLocations>
		</targetParams>
    </MainVerb>
  </TorannMagic.TMAbilityDef>
  
  <!-- Techno Weapon -->
  
  <ThingDef ParentName="BaseBullet">
	<thingClass>TorannMagic.Projectile_ES_Fire</thingClass>
    <defName>Bullet_ES_Fire</defName>
    <label>elemental shot - fire</label>
    <graphicData>
      <texPath>Spells/firebolt</texPath>
      <graphicClass>Graphic_Single</graphicClass>
	  <drawSize>(1, 1.4)</drawSize>
    </graphicData>
    <projectile>
      <damageDef>Burn</damageDef>
      <damageAmountBase>15</damageAmountBase>
      <stoppingPower>1.5</stoppingPower>
      <speed>80</speed>
	  <explosionRadius>1.1</explosionRadius>
	  <preExplosionSpawnChance>1</preExplosionSpawnChance>
	  <armorPenetrationBase>.9</armorPenetrationBase>
    </projectile>
  </ThingDef>
  
    <ThingDef ParentName="BaseBullet">
    <defName>Bullet_ES_Ice</defName>
    <label>elemental shot - ice</label>
    <graphicData>
      <texPath>Spells/iceshot</texPath>
      <graphicClass>Graphic_Single</graphicClass>
	  <drawSize>(1.3, 1.5)</drawSize>
    </graphicData>
    <projectile>
      <damageDef>Snowball</damageDef>
      <damageAmountBase>12</damageAmountBase>
      <stoppingPower>.8</stoppingPower>
      <speed>60</speed>
    </projectile>
  </ThingDef>
  
    <ThingDef ParentName="BaseBullet">
    <defName>Bullet_ES_Lit</defName>
    <label>elemental shot - lightning</label>
    <graphicData>
      <texPath>Spells/shotlit</texPath>
      <graphicClass>Graphic_Single</graphicClass>
	  <drawSize>(1.2, 1.6)</drawSize>
    </graphicData>
    <projectile>
      <damageDef>Stun</damageDef>
      <damageAmountBase>20</damageAmountBase>
      <stoppingPower>2</stoppingPower>
      <speed>110</speed>
    </projectile>
  </ThingDef>
  
 <TorannMagic.TMAbilityDef ParentName="BaseMagicAbility">
    <defName>TM_TechnoWeapon</defName>
    <label>Engineer Weapon</label>
    <uiIconPath>Items/weapons/technoweapon</uiIconPath>
    <description>The technomancer applies their knowledge of engineering and magic to create a modified version of an existing weapon.  This weapon is molded out of raw mana and physically anchored to the technomancer as an extension of their body.
Because of this, the weapon will disintegrate if separated from the technomancer.  This weapon will be automatically equipped by the technomancer once created.

Weapon specialists also have access to modified ammunition and nano stimulants for improved combat capabilities.

To create a techno weapon: target a weapon on the ground. Targeted weapon must be ranged, with an industrial or higher tech level, and use standard firing action.</description>
    <manaCost>0.50</manaCost>
		<learnChance>0</learnChance>
    <MainVerb Class="AbilityUser.VerbProperties_Ability">
        <verbClass>TorannMagic.Verb_TechnoWeapon</verbClass>
			<tooltipShowProjectileDamage>false</tooltipShowProjectileDamage>
			<tooltipShowExtraDamages>false</tooltipShowExtraDamages>
			<tooltipShowHediffsToApply>false</tooltipShowHediffsToApply>
			<tooltipShowMentalStatesToApply>false</tooltipShowMentalStatesToApply>
        <hasStandardCommand>true</hasStandardCommand>
		<abilityDef>TM_TechnoWeapon</abilityDef>
		<isViolent>true</isViolent>
        <defaultProjectile>Projectile_Blink</defaultProjectile>
        <warmupTime>5</warmupTime>
        <SecondsToRecharge>600</SecondsToRecharge>
        <range>10</range>
        <soundCast>Message_PositiveEvent</soundCast>
        <muzzleFlashScale>10</muzzleFlashScale>
        <isPrimary>false</isPrimary>
		<AbilityTargetCategory>TargetLocation</AbilityTargetCategory>
		<targetParams>
		  <canTargetPawns>false</canTargetPawns>
		  <canTargetBuildings>false</canTargetBuildings>
		  <canTargetSelf>false</canTargetSelf>
		  <canTargetLocations>true</canTargetLocations>
		</targetParams>
    </MainVerb>
  </TorannMagic.TMAbilityDef>
  
  <!-- Nano Stimulant -->
 <TorannMagic.TMAbilityDef ParentName="BaseMagicAbility">
    <defName>TM_NanoStimulant</defName>
    <label>Nano Stimulant</label>
    <uiIconPath>UI/nano_stim</uiIconPath>
    <description>An injection of nanites that temporarily enhances the combat capabilities of the user. This stimulant is specially synthesized by the technomancer for their own unique biological and genetic makeup. It isn't chemically addictive, but is harmful for any other pawn. 

The nanites are fueled by mana and energy within the body and will rapidly cause fatigue. 

When the nanites burn out, they will form platelets to cauterize and stop bleeding and even heal small wounds. Use of nano stimulants will accelerate any active disease or infection.</description>
    <manaCost>0.25</manaCost>
    <MainVerb Class="AbilityUser.VerbProperties_Ability">
        <verbClass>TorannMagic.Verb_NanoStimulant</verbClass>
			<tooltipShowProjectileDamage>false</tooltipShowProjectileDamage>
			<tooltipShowExtraDamages>false</tooltipShowExtraDamages>
			<tooltipShowHediffsToApply>false</tooltipShowHediffsToApply>
			<tooltipShowMentalStatesToApply>false</tooltipShowMentalStatesToApply>
        <hasStandardCommand>true</hasStandardCommand>
		<abilityDef>TM_NanoStimulant</abilityDef>
		<isViolent>false</isViolent>
        <defaultProjectile>Projectile_Blink</defaultProjectile>
        <warmupTime>.5</warmupTime>
        <SecondsToRecharge>300</SecondsToRecharge>
        <range>0</range>
        <soundCast>Message_PositiveEvent</soundCast>
        <muzzleFlashScale>1</muzzleFlashScale>
        <isPrimary>false</isPrimary>
   	    <AbilityTargetCategory>TargetSelf</AbilityTargetCategory>
		<targetParams>
		  <canTargetPawns>true</canTargetPawns>
		  <canTargetBuildings>false</canTargetBuildings>
		  <canTargetSelf>true</canTargetSelf>
		  <canTargetLocations>false</canTargetLocations>
		</targetParams>
    </MainVerb>
  </TorannMagic.TMAbilityDef>
  
  <!-- Techno Shield -->	
    <TorannMagic.TMAbilityDef ParentName="BaseMagicAbility">
        <defName>TM_TechnoShield</defName>
        <label>Kinetic Shield</label>
        <uiIconPath>UI/technoshield</uiIconPath>
        <description>Surrounds the target in a kinetic field that repels inbound projectiles. The kinetic shield is able to deflect projectiles depending on their kinetic energy, heavier projectiles are more difficult to deflect and will penetrate low powered shields. 
		
The amount of kinetic energy involved in a deflection is determined by the amount of damage that would be caused by the projectile.</description>
        <manaCost>0.25</manaCost>
		<efficiencyReductionPercent>.06</efficiencyReductionPercent>
		<learnItem>SpellOf_TechnoShield</learnItem>
		<learnChance>0.4</learnChance>
		<canCopy>true</canCopy>
		<MainVerb Class="AbilityUser.VerbProperties_Ability">
            <verbClass>TorannMagic.Verb_TechnoShield</verbClass>
				<tooltipShowProjectileDamage>true</tooltipShowProjectileDamage>
				<tooltipShowExtraDamages>false</tooltipShowExtraDamages>
				<tooltipShowHediffsToApply>false</tooltipShowHediffsToApply>
				<tooltipShowMentalStatesToApply>false</tooltipShowMentalStatesToApply>
            <hasStandardCommand>true</hasStandardCommand>
            <defaultProjectile>Projectile_Blink</defaultProjectile>
            <abilityDef>TM_TechnoShield</abilityDef>
            <warmupTime>1</warmupTime>
            <SecondsToRecharge>120</SecondsToRecharge>
            <range>30</range>
            <burstShotCount>1</burstShotCount>
            <soundCast>TM_Vibration</soundCast>
			<soundCastTail>TM_VibrationLow</soundCastTail>
            <muzzleFlashScale>1</muzzleFlashScale>
		    <AlwaysHits>true</AlwaysHits>
            <isPrimary>true</isPrimary>
			<isViolent>false</isViolent>
			<targetParams>
				<canTargetItems>false</canTargetItems>
                <canTargetPawns>true</canTargetPawns>
                <canTargetBuildings>false</canTargetBuildings>
                <canTargetSelf>true</canTargetSelf>
                <canTargetLocations>false</canTargetLocations>
            </targetParams>
        </MainVerb>
    </TorannMagic.TMAbilityDef>
	
	<!-- Sabotage -->	
	
  <ThingDef Class="AbilityUser.ProjectileDef_Ability" ParentName="BaseBullet">
   <thingClass>TorannMagic.Projectile_Sabotage</thingClass>
   <defName>Projectile_Sabotage</defName>
   <label>sabotage projectile</label>
   <graphicData>
		<texPath>Spells/invis</texPath>
		<graphicClass>Graphic_Single</graphicClass>
		<shaderType>TransparentPostLight</shaderType>
	</graphicData>
   <projectile>
	<flyOverhead>true</flyOverhead>
		<damageDef>Burn</damageDef>
		<damageAmountBase>0</damageAmountBase>
		<speed>999</speed>
		<explosionRadius>5</explosionRadius>
		<preExplosionSpawnChance>1</preExplosionSpawnChance>
   </projectile>
 </ThingDef>
 
    <TorannMagic.TMAbilityDef ParentName="BaseMagicAbility">
        <defName>TM_Sabotage</defName>
        <label>Sabotage</label>
        <uiIconPath>UI/sabotage</uiIconPath>
        <description>Sabotage overrides the targets mechanical failsafes, logic functions, and any other exploitable system within a small area. The effects of sabotage can range from reduced mechanical performance, temporary shutdown, self destruction, catastrophic failure and even loss of ability to determine friend from foe.

Can be applied to: batteries, power generators, turrets, robots, androids, and mechanoids.</description>
        <manaCost>0.35</manaCost>
		<efficiencyReductionPercent>.06</efficiencyReductionPercent>
		<learnItem>SpellOf_Sabotage</learnItem>
		<learnChance>.3</learnChance>
		<canCopy>true</canCopy>
		<MainVerb Class="AbilityUser.VerbProperties_Ability">
            <verbClass>TorannMagic.Verb_BLOS</verbClass>
				<tooltipShowProjectileDamage>true</tooltipShowProjectileDamage>
				<tooltipShowExtraDamages>false</tooltipShowExtraDamages>
				<tooltipShowHediffsToApply>false</tooltipShowHediffsToApply>
				<tooltipShowMentalStatesToApply>false</tooltipShowMentalStatesToApply>
            <hasStandardCommand>true</hasStandardCommand>
			<requiresLineOfSight>false</requiresLineOfSight>
            <defaultProjectile>Projectile_Sabotage</defaultProjectile>
            <abilityDef>TM_Sabotage</abilityDef>
            <warmupTime>2</warmupTime>
            <SecondsToRecharge>30</SecondsToRecharge>
            <range>45</range>
            <burstShotCount>1</burstShotCount>
            <soundCast>TM_Vibration</soundCast>
			<soundCastTail>TM_VibrationLow</soundCastTail>
            <muzzleFlashScale>1</muzzleFlashScale>
		    <AlwaysHits>true</AlwaysHits>
            <isPrimary>true</isPrimary>
			<isViolent>true</isViolent>
			<targetParams>
				<canTargetItems>false</canTargetItems>
                <canTargetPawns>true</canTargetPawns>
                <canTargetBuildings>false</canTargetBuildings>
                <canTargetSelf>false</canTargetSelf>
                <canTargetLocations>true</canTargetLocations>
            </targetParams>
        </MainVerb>
    </TorannMagic.TMAbilityDef>
	
	<!-- Overdrive -->	
 
    <TorannMagic.TMAbilityDef ParentName="BaseMagicAbility">
        <defName>TM_Overdrive</defName>
        <label>Overdrive</label>
        <uiIconPath>UI/overdrive</uiIconPath>
        <description>Overdrive the targeted mechanical, electrical, or AI system with fabricated nanites that pushes the system beyond its limits. Overdrive will cause damage to the system periodically.

Can be applied to: power generators, turrets, robots, androids, and mechanoids.</description>
        <manaCost>0.25</manaCost>
		<efficiencyReductionPercent>.08</efficiencyReductionPercent>
		<learnItem>SpellOf_Overdrive</learnItem>
		<learnChance>.3</learnChance>
		<canCopy>true</canCopy>
		<MainVerb Class="AbilityUser.VerbProperties_Ability">
            <verbClass>TorannMagic.Verb_Overdrive</verbClass>
				<tooltipShowProjectileDamage>true</tooltipShowProjectileDamage>
				<tooltipShowExtraDamages>false</tooltipShowExtraDamages>
				<tooltipShowHediffsToApply>false</tooltipShowHediffsToApply>
				<tooltipShowMentalStatesToApply>false</tooltipShowMentalStatesToApply>
            <hasStandardCommand>true</hasStandardCommand>
			<requiresLineOfSight>false</requiresLineOfSight>
            <defaultProjectile>Projectile_Blink</defaultProjectile>
            <abilityDef>TM_Overdrive</abilityDef>
            <warmupTime>2</warmupTime>
            <SecondsToRecharge>300</SecondsToRecharge> 
            <range>40</range>
            <burstShotCount>1</burstShotCount>
            <soundCast>TM_Vibration</soundCast>
			<soundCastTail>TM_VibrationLow</soundCastTail>
            <muzzleFlashScale>1</muzzleFlashScale>
		    <AlwaysHits>true</AlwaysHits>
            <isPrimary>true</isPrimary>
			<isViolent>false</isViolent>
			<targetParams>
				<canTargetItems>false</canTargetItems>
                <canTargetPawns>true</canTargetPawns>
                <canTargetBuildings>false</canTargetBuildings>
                <canTargetSelf>true</canTargetSelf>
                <canTargetLocations>true</canTargetLocations>
            </targetParams>
        </MainVerb>
    </TorannMagic.TMAbilityDef>
	
	<!-- OrbitalStrike -->	
	
  <ThingDef ParentName="BaseBullet" Class="AbilityUser.ProjectileDef_Ability">
   <defName>Projectile_OrbitalStrike</defName>
   <thingClass>TorannMagic.Projectile_OrbitalStrike</thingClass>
   <label>orbital strike</label>
   <graphicData>
		<texPath>Spells/invis</texPath>
		<graphicClass>Graphic_Single</graphicClass>
   </graphicData>
   <projectile>
		<flyOverhead>true</flyOverhead>
		<damageDef>Bomb</damageDef>
		<damageAmountBase>25</damageAmountBase>
		<speed>999</speed>
		<explosionRadius>3.3</explosionRadius>
		<postExplosionSpawnChance>1</postExplosionSpawnChance>
   </projectile>
 </ThingDef>
 
   <ThingDef ParentName="BaseBullet" Class="AbilityUser.ProjectileDef_Ability">
   <defName>Projectile_OrbitalStrike_I</defName>
   <thingClass>TorannMagic.Projectile_OrbitalStrike</thingClass>
   <label>orbital strike</label>
   <graphicData>
		<texPath>Spells/invis</texPath>
		<graphicClass>Graphic_Single</graphicClass>
   </graphicData>
   <projectile>
		<flyOverhead>true</flyOverhead>
		<damageDef>Bomb</damageDef>
		<damageAmountBase>25</damageAmountBase>
		<speed>999</speed>
		<explosionRadius>4.2</explosionRadius>
		<postExplosionSpawnChance>1</postExplosionSpawnChance>
   </projectile>
 </ThingDef>
 
   <ThingDef ParentName="BaseBullet" Class="AbilityUser.ProjectileDef_Ability">
   <defName>Projectile_OrbitalStrike_II</defName>
   <thingClass>TorannMagic.Projectile_OrbitalStrike</thingClass>
   <label>orbital strike</label>
   <graphicData>
		<texPath>Spells/invis</texPath>
		<graphicClass>Graphic_Single</graphicClass>
   </graphicData>
   <projectile>
		<flyOverhead>true</flyOverhead>
		<damageDef>Bomb</damageDef>
		<damageAmountBase>25</damageAmountBase>
		<speed>999</speed>
		<explosionRadius>5</explosionRadius>
		<postExplosionSpawnChance>1</postExplosionSpawnChance>
   </projectile>
 </ThingDef>
 
   <ThingDef ParentName="BaseBullet" Class="AbilityUser.ProjectileDef_Ability">
   <defName>Projectile_OrbitalStrike_III</defName>
   <thingClass>TorannMagic.Projectile_OrbitalStrike</thingClass>
   <label>orbital strike</label>
   <graphicData>
		<texPath>Spells/invis</texPath>
		<graphicClass>Graphic_Single</graphicClass>
   </graphicData>
   <projectile>
		<flyOverhead>true</flyOverhead>
		<damageDef>Bomb</damageDef>
		<damageAmountBase>25</damageAmountBase>
		<speed>999</speed>
		<explosionRadius>5.6</explosionRadius>
		<postExplosionSpawnChance>1</postExplosionSpawnChance>
   </projectile>
 </ThingDef>

    <TorannMagic.TMAbilityDef ParentName="BaseMagicAbility">
        <defName>TM_OrbitalStrike</defName>
        <label>Orbital Strike</label>
        <uiIconPath>UI/orbitalstrike</uiIconPath>
        <description>Hack into a network of orbital bombardment satellites and enter a target designation. By using random, arcane signatures to mask their activity, technomancers can continually manipulate advanced systems without being positively identified and locked out.
		
Range: 70
Warmup: 3s
Radius: 2.5</description>
        <manaCost>0.60</manaCost>
		<efficiencyReductionPercent>.05</efficiencyReductionPercent>
		<learnItem>SpellOf_OrbitalStrike</learnItem>
		<learnChance>.2</learnChance>
		<MainVerb Class="AbilityUser.VerbProperties_Ability">
            <verbClass>TorannMagic.Verb_SB</verbClass>
				<tooltipShowProjectileDamage>false</tooltipShowProjectileDamage>
				<tooltipShowExtraDamages>false</tooltipShowExtraDamages>
				<tooltipShowHediffsToApply>false</tooltipShowHediffsToApply>
				<tooltipShowMentalStatesToApply>false</tooltipShowMentalStatesToApply>
            <hasStandardCommand>true</hasStandardCommand>
            <defaultProjectile>Projectile_OrbitalStrike</defaultProjectile>
            <abilityDef>TM_OrbitalStrike</abilityDef>
            <warmupTime>2.5</warmupTime>
            <SecondsToRecharge>120</SecondsToRecharge>
            <range>70</range>
            <burstShotCount>1</burstShotCount>
            <soundCast>TM_Vibration</soundCast>
			<soundCastTail>TM_VibrationLow</soundCastTail>
            <muzzleFlashScale>4</muzzleFlashScale>
		    <AlwaysHits>true</AlwaysHits>
            <isPrimary>true</isPrimary>
			<isViolent>true</isViolent>
			<targetParams>
				<canTargetItems>true</canTargetItems>
                <canTargetPawns>true</canTargetPawns>
                <canTargetBuildings>true</canTargetBuildings>
                <canTargetSelf>true</canTargetSelf>
                <canTargetLocations>true</canTargetLocations>
            </targetParams>
        </MainVerb>
    </TorannMagic.TMAbilityDef>
	
	<TorannMagic.TMAbilityDef ParentName="BaseMagicAbility">
        <defName>TM_OrbitalStrike_I</defName>
        <label>Orbital Strike I</label>
        <uiIconPath>UI/orbitalstrike</uiIconPath>
        <description>Hack into a network of orbital bombardment satellites and enter a target designation. By using random, arcane signatures to mask their activity, technomancers can continually manipulate advanced systems without being positively identified and locked out.
		
Range: 80
Warmup: 2.1s
Radius: 4.2</description>
        <manaCost>0.60</manaCost>
		<efficiencyReductionPercent>.05</efficiencyReductionPercent>
		<shouldInitialize>false</shouldInitialize>
		<MainVerb Class="AbilityUser.VerbProperties_Ability">
            <verbClass>TorannMagic.Verb_SB</verbClass>
				<tooltipShowProjectileDamage>false</tooltipShowProjectileDamage>
				<tooltipShowExtraDamages>false</tooltipShowExtraDamages>
				<tooltipShowHediffsToApply>false</tooltipShowHediffsToApply>
				<tooltipShowMentalStatesToApply>false</tooltipShowMentalStatesToApply>
            <hasStandardCommand>true</hasStandardCommand>
            <defaultProjectile>Projectile_OrbitalStrike_I</defaultProjectile>
            <abilityDef>TM_OrbitalStrike_I</abilityDef>
            <warmupTime>2.1</warmupTime>
            <SecondsToRecharge>110</SecondsToRecharge>
            <range>80</range>
            <burstShotCount>1</burstShotCount>
            <soundCast>TM_Vibration</soundCast>
			<soundCastTail>TM_VibrationLow</soundCastTail>
            <muzzleFlashScale>4</muzzleFlashScale>
		    <AlwaysHits>true</AlwaysHits>
            <isPrimary>true</isPrimary>
			<isViolent>true</isViolent>
			<targetParams>
				<canTargetItems>true</canTargetItems>
                <canTargetPawns>true</canTargetPawns>
                <canTargetBuildings>true</canTargetBuildings>
                <canTargetSelf>true</canTargetSelf>
                <canTargetLocations>true</canTargetLocations>
            </targetParams>
        </MainVerb>
    </TorannMagic.TMAbilityDef>
	
	<TorannMagic.TMAbilityDef ParentName="BaseMagicAbility">
        <defName>TM_OrbitalStrike_II</defName>
        <label>Orbital Strike II</label>
        <uiIconPath>UI/orbitalstrike</uiIconPath>
        <description>Hack into a network of orbital bombardment satellites and enter a target designation. By using random, arcane signatures to mask their activity, technomancers can continually manipulate advanced systems without being positively identified and locked out.
		
Range: 90
Warmup: 1.8s
Radius: 5.0</description>
        <manaCost>0.6</manaCost>
		<efficiencyReductionPercent>.05</efficiencyReductionPercent>
		<shouldInitialize>false</shouldInitialize>
		<MainVerb Class="AbilityUser.VerbProperties_Ability">
            <verbClass>TorannMagic.Verb_SB</verbClass>
				<tooltipShowProjectileDamage>false</tooltipShowProjectileDamage>
				<tooltipShowExtraDamages>false</tooltipShowExtraDamages>
				<tooltipShowHediffsToApply>false</tooltipShowHediffsToApply>
				<tooltipShowMentalStatesToApply>false</tooltipShowMentalStatesToApply>
            <hasStandardCommand>true</hasStandardCommand>
            <defaultProjectile>Projectile_OrbitalStrike_II</defaultProjectile>
            <abilityDef>TM_OrbitalStrike_II</abilityDef>
            <warmupTime>1.8</warmupTime>
            <SecondsToRecharge>100</SecondsToRecharge>
            <range>90</range>
            <burstShotCount>1</burstShotCount>
            <soundCast>TM_Vibration</soundCast>
			<soundCastTail>TM_VibrationLow</soundCastTail>
            <muzzleFlashScale>4</muzzleFlashScale>
		    <AlwaysHits>true</AlwaysHits>
            <isPrimary>true</isPrimary>
			<isViolent>true</isViolent>
			<targetParams>
				<canTargetItems>true</canTargetItems>
                <canTargetPawns>true</canTargetPawns>
                <canTargetBuildings>true</canTargetBuildings>
                <canTargetSelf>true</canTargetSelf>
                <canTargetLocations>true</canTargetLocations>
            </targetParams>
        </MainVerb>
    </TorannMagic.TMAbilityDef>
	
	<TorannMagic.TMAbilityDef ParentName="BaseMagicAbility">
        <defName>TM_OrbitalStrike_III</defName>
        <label>Orbital Strike III</label>
        <uiIconPath>UI/orbitalstrike</uiIconPath>
        <description>Hack into a network of orbital bombardment satellites and enter a target designation. By using random, arcane signatures to mask their activity, technomancers can continually manipulate advanced systems without being positively identified and locked out.
		
Range: 100
Warmup: 1.6s
Radius: 5.6</description>
        <manaCost>0.60</manaCost>
		<efficiencyReductionPercent>.05</efficiencyReductionPercent>
		<shouldInitialize>false</shouldInitialize>
		<MainVerb Class="AbilityUser.VerbProperties_Ability">
            <verbClass>TorannMagic.Verb_SB</verbClass>
				<tooltipShowProjectileDamage>false</tooltipShowProjectileDamage>
				<tooltipShowExtraDamages>false</tooltipShowExtraDamages>
				<tooltipShowHediffsToApply>false</tooltipShowHediffsToApply>
				<tooltipShowMentalStatesToApply>false</tooltipShowMentalStatesToApply>
            <hasStandardCommand>true</hasStandardCommand>
            <defaultProjectile>Projectile_OrbitalStrike_III</defaultProjectile>
            <abilityDef>TM_OrbitalStrike_III</abilityDef>
            <warmupTime>1.6</warmupTime>
            <SecondsToRecharge>90</SecondsToRecharge>
            <range>100</range>
            <burstShotCount>1</burstShotCount>
            <soundCast>TM_Vibration</soundCast>
			<soundCastTail>TM_VibrationLow</soundCastTail>
            <muzzleFlashScale>4</muzzleFlashScale>
		    <AlwaysHits>true</AlwaysHits>
            <isPrimary>true</isPrimary>
			<isViolent>true</isViolent>
			<targetParams>
				<canTargetItems>true</canTargetItems>
                <canTargetPawns>true</canTargetPawns>
                <canTargetBuildings>true</canTargetBuildings>
                <canTargetSelf>true</canTargetSelf>
                <canTargetLocations>true</canTargetLocations>
            </targetParams>
        </MainVerb>
    </TorannMagic.TMAbilityDef>
	
  
  <ThingDef Name="TM_TW_Base" ParentName="BaseGunWithQuality">
    <defName>TM_TechnoWeapon_Base0</defName>
	<label>techno weapon</label>
    <description>A weapon modified by a technomancer</description>    
    <graphicData>
	  <texPath>Items/weapons/technoweapon1</texPath>
      <graphicClass>Graphic_Single</graphicClass>
    </graphicData>
    <soundInteract>Interact_ChargeRifle</soundInteract>
	<ignoreConfigErrors>true</ignoreConfigErrors>
    <statBases>
	  <WorkToMake>400</WorkToMake>
      <Mass>1</Mass>
    </statBases>
	<destroyOnDrop>true</destroyOnDrop>
	<menuHidden>true</menuHidden>
	<tradeability>None</tradeability>
    <verbs>
      <li>
        <verbClass>Verb_Shoot</verbClass>
        <hasStandardCommand>true</hasStandardCommand>
		<defaultProjectile>Bullet_ChargeRifle</defaultProjectile>
        <soundCastTail>GunTail_Light</soundCastTail>
        <muzzleFlashScale>10</muzzleFlashScale>
      </li>
    </verbs>
    <tools>
      <li>
        <label>weapon smash</label>
        <capacities>
          <li>Blunt</li>
        </capacities>
        <power>9</power>
        <cooldownTime>2</cooldownTime>
      </li>
    </tools>
  </ThingDef>
  
  <ThingDef ParentName="TM_TW_Base">
    <defName>TM_TechnoWeapon_Base1</defName>
  </ThingDef>
  
    <ThingDef ParentName="TM_TW_Base">
    <defName>TM_TechnoWeapon_Base2</defName>
  </ThingDef>
  
    <ThingDef ParentName="TM_TW_Base">
    <defName>TM_TechnoWeapon_Base3</defName>
  </ThingDef>
  
    <ThingDef ParentName="TM_TW_Base">
    <defName>TM_TechnoWeapon_Base4</defName>
  </ThingDef>
  
    <ThingDef ParentName="TM_TW_Base">
    <defName>TM_TechnoWeapon_Base5</defName>
  </ThingDef>
  
  <ThingDef ParentName="TM_TW_Base">
    <defName>TM_TechnoWeapon_Base6</defName>
  </ThingDef>
  
  <ThingDef ParentName="TM_TW_Base">
    <defName>TM_TechnoWeapon_Base7</defName>
  </ThingDef>
  
  <ThingDef ParentName="TM_TW_Base">
    <defName>TM_TechnoWeapon_Base8</defName>
  </ThingDef>
  
  <ThingDef ParentName="TM_TW_Base">
    <defName>TM_TechnoWeapon_Base9</defName>
  </ThingDef>
 
</Defs>