<?xml version="1.0" encoding="utf-8" ?>
<Defs>
  
  <ThingDef Name="TM_SkyfallerBase" Abstract="True">
    <category>Ethereal</category>
    <thingClass>Skyfaller</thingClass>
    <useHitPoints>false</useHitPoints>
    <drawOffscreen>true</drawOffscreen>
    <tickerType>Normal</tickerType>
    <altitudeLayer>Skyfaller</altitudeLayer>
    <drawerType>RealtimeOnly</drawerType>
    <skyfaller />
  </ThingDef>
  
  <ThingDef ParentName="TM_SkyfallerBase">
    <defName>TM_LightPodLeaving</defName>
    <label>light beam (leaving)</label>
    <thingClass>TorannMagic.WorldTransport.TM_DropPodLeaving</thingClass>
    <graphicData>
      <texPath>Other/light_pod</texPath>
      <graphicClass>Graphic_Single</graphicClass>
      <shaderType>CutoutFlying</shaderType>
      <drawSize>.5</drawSize>
    </graphicData>
    <skyfaller>
      <movementType>ConstantSpeed</movementType>
      <reversed>true</reversed>
      <shadow>Things/Skyfaller/SkyfallerShadowDropPod</shadow>
      <shadowSize>(0, 0)</shadowSize>
      <anticipationSound>DropPod_Leaving</anticipationSound>
      <anticipationSoundTicks>-1</anticipationSoundTicks>
	  <speed>3</speed>
	  <angleCurve>
		  <points>
			  <li>(-1, -1)</li>
		  </points>
	  </angleCurve>
      <ticksToImpactRange>
		<min>0</min>
		<max>5</max>
	  </ticksToImpactRange>
    </skyfaller>
  </ThingDef>
  
  <ThingDef ParentName="TM_SkyfallerBase">
    <defName>TM_LightPodIncoming</defName>
    <label>light beam (incoming)</label>
    <thingClass>TorannMagic.WorldTransport.TM_DropPodIncoming</thingClass>
    <graphicData>
      <texPath>Other/light_pod</texPath>
      <graphicClass>Graphic_Single</graphicClass>
      <shaderType>CutoutFlying</shaderType>
      <drawSize>.5</drawSize>
    </graphicData>
    <skyfaller>
      <movementType>ConstantSpeed</movementType>
      <shadow>Things/Skyfaller/SkyfallerShadowDropPod</shadow>
      <shadowSize>(0, 0)</shadowSize>
      <anticipationSound>DropPod_Fall</anticipationSound>
      <anticipationSoundTicks>20</anticipationSoundTicks>
      <motesPerCell>0</motesPerCell>
	  <speed>2</speed>
	  <angleCurve>
		  <points>
			  <li>(-1, -1)</li>
		  </points>
	  </angleCurve>
	  <ticksToImpactRange>
		<min>42</min>
		<max>45</max>
	  </ticksToImpactRange>
    </skyfaller>
  </ThingDef>
  
  <ThingDef>
    <defName>TM_ActiveLightPod</defName>
    <label>light pod</label>
    <category>Item</category>
    <thingClass>TorannMagic.WorldTransport.TM_ActiveDropPod</thingClass>
    <scatterableOnMapGen>false</scatterableOnMapGen>
    <tickerType>Normal</tickerType>
    <graphicData>
      <texPath>Other/light_pod</texPath>
      <graphicClass>Graphic_Single</graphicClass>
      <drawSize>1.9</drawSize>
      <shadowData>
        <volume>(0, 0, 0)</volume>
      </shadowData>
    </graphicData>
    <altitudeLayer>Building</altitudeLayer>
    <blockWind>true</blockWind>
    <useHitPoints>true</useHitPoints>
    <statBases>
      <MaxHitPoints>500</MaxHitPoints>
      <Flammability>0</Flammability>
    </statBases>
    <selectable>false</selectable>
  </ThingDef>
  
  <ThingDef ParentName="TM_SkyfallerBase">
    <defName>TM_Firestorm_Large</defName>
    <label>firestorm (large)</label>
	<!-- <thingClass>DropPodLeaving</thingClass> -->
    <size>(3, 3)</size>
    <graphicData>
      <texPath>Spells/meteor_fireball</texPath>
      <graphicClass>Graphic_Single</graphicClass>
      <shaderType>Transparent</shaderType>
      <drawSize>(2, 2)</drawSize>
    </graphicData>
    <skyfaller>
      <shadowSize>(2, 2)</shadowSize>
      <explosionRadius>3.3</explosionRadius>
      <explosionDamage>TM_Firestorm_Large</explosionDamage>
	  <explosionDamageFactor>1</explosionDamageFactor>
      <rotateGraphicTowardsDirection>true</rotateGraphicTowardsDirection>
      <speed>.6</speed>
	  <movementType>Accelerate</movementType>
	  <cameraShake>2</cameraShake>
    </skyfaller>
  </ThingDef>
  
    <ThingDef ParentName="TM_SkyfallerBase">
    <defName>TM_Firestorm_Small</defName>
    <label>firestorm (small)</label>
	<!-- <thingClass>DropPodLeaving</thingClass> -->
    <size>(2, 2)</size>
    <graphicData>
      <texPath>Spells/meteor2_glowing</texPath>
      <graphicClass>Graphic_Single</graphicClass>
      <shaderType>Transparent</shaderType>
      <drawSize>(1, 2)</drawSize>
    </graphicData>
    <skyfaller>
	  <!-- <shadow>Things/Skyfaller/SkyfallerShadowRectangle</shadow> -->
      <shadowSize>(1, 1)</shadowSize>
      <explosionRadius>2</explosionRadius>
      <explosionDamage>TM_Firestorm_Small</explosionDamage>
	  <explosionDamageFactor>1</explosionDamageFactor>
      <rotateGraphicTowardsDirection>true</rotateGraphicTowardsDirection>
      <speed>1</speed>
	  <movementType>Accelerate</movementType>
	  <cameraShake>1</cameraShake>
      <!-- <metalShrapnelCountRange><min>3</min><max>10</max></metalShrapnelCountRange>
      <rubbleShrapnelCountRange><min>300</min><max>400</max></rubbleShrapnelCountRange>
	  <reversed>false</reversed>
	  <anticipationSound>DropPodLeaving</anticipationSound>
      <anticipationSoundTicks>-10</anticipationSoundTicks>
      <ticksToImpactRange><min>-40</min><max>-15</max></ticksToImpactRange> -->
    </skyfaller>
  </ThingDef>
  
  <ThingDef ParentName="TM_SkyfallerBase">
    <defName>TM_Firestorm_Tiny</defName>
    <label>firestorm (tiny)</label>
	<!-- <thingClass>DropPodLeaving</thingClass> -->
    <size>(1, 1)</size>
    <graphicData>
      <texPath>Spells/meteor1_glowing</texPath>
      <graphicClass>Graphic_Single</graphicClass>
      <shaderType>Transparent</shaderType>
      <drawSize>(1, 1)</drawSize>
    </graphicData>
    <skyfaller>
      <shadowSize>(.4, .4)</shadowSize>
      <explosionRadius>1</explosionRadius>
      <explosionDamage>TM_Firestorm_Tiny</explosionDamage>
	  <explosionDamageFactor>1</explosionDamageFactor>
      <rotateGraphicTowardsDirection>true</rotateGraphicTowardsDirection>
      <speed>1.2</speed>
	  <movementType>Accelerate</movementType>
	  <cameraShake>0</cameraShake>
    </skyfaller>
  </ThingDef>
  
  <ThingDef ParentName="TM_SkyfallerBase">
    <defName>TM_Blizzard_Tiny</defName>
    <label>blizzard(tiny)</label>
	<!-- <thingClass>DropPodLeaving</thingClass> -->
    <size>(1, 1)</size>
    <graphicData>
      <texPath>Spells/Icebolt_r</texPath>
      <graphicClass>Graphic_Single</graphicClass>
      <shaderType>Transparent</shaderType>
      <drawSize>(1, 1)</drawSize>
    </graphicData>
    <skyfaller>
      <shadowSize>(.4, .4)</shadowSize>
      <explosionRadius>.4</explosionRadius>
      <explosionDamage>TM_Blizzard_Small</explosionDamage>
	  <explosionDamageFactor>1</explosionDamageFactor>
      <rotateGraphicTowardsDirection>true</rotateGraphicTowardsDirection>
      <speed>.8</speed>
	  <!-- <movementType>Accelerate</movementType> -->
	  <cameraShake>0</cameraShake>
    </skyfaller>
  </ThingDef>
  
  <ThingDef ParentName="TM_SkyfallerBase">
    <defName>TM_Blizzard_Small</defName>
    <label>blizzard(small)</label>
	<!-- <thingClass>DropPodLeaving</thingClass> -->
    <size>(2, 2)</size>
    <graphicData>
      <texPath>Spells/Icebolt_r</texPath>
      <graphicClass>Graphic_Single</graphicClass>
      <shaderType>Transparent</shaderType>
      <drawSize>(2, 2)</drawSize>
    </graphicData>
    <skyfaller>
      <shadowSize>(1, 1)</shadowSize>
      <explosionRadius>2</explosionRadius>
      <explosionDamage>TM_Blizzard_Small</explosionDamage>
	  <explosionDamageFactor>1</explosionDamageFactor>
      <rotateGraphicTowardsDirection>true</rotateGraphicTowardsDirection>
      <speed>.6</speed>
	  <!-- <movementType>Accelerate</movementType> -->
	  <cameraShake>0</cameraShake>
    </skyfaller>
  </ThingDef>
  
  <ThingDef ParentName="TM_SkyfallerBase">
    <defName>TM_Blizzard_Large</defName>
    <label>Blizzard (large)</label>
	<!-- <thingClass>DropPodLeaving</thingClass> -->
    <size>(3, 3)</size>
    <graphicData>
      <texPath>Spells/Blizzard_snow</texPath>
      <graphicClass>Graphic_Single</graphicClass>
      <shaderType>Transparent</shaderType>
      <drawSize>(5, 4)</drawSize>
    </graphicData>
    <skyfaller>
      <shadowSize>(2, 2)</shadowSize>
      <explosionRadius>4</explosionRadius>
      <explosionDamage>TM_Blizzard_Large</explosionDamage>
	  <explosionDamageFactor>1</explosionDamageFactor>
      <rotateGraphicTowardsDirection>true</rotateGraphicTowardsDirection>
      <speed>.4</speed>
	  <!-- <movementType>Accelerate</movementType> -->
	  <cameraShake>1</cameraShake>
    </skyfaller>
  </ThingDef>
  
    <ThingDef ParentName="TM_SkyfallerBase">
    <defName>TM_ArrowStorm</defName>
    <label>arrow storm</label>
	<!-- <thingClass>DropPodLeaving</thingClass> -->
    <size>(0, 0)</size>
    <graphicData>
      <texPath>Things/Projectile/Arrow_Small</texPath>
      <graphicClass>Graphic_Single</graphicClass>
      <shaderType>Transparent</shaderType>
      <drawSize>(1, 1)</drawSize>
    </graphicData>
    <skyfaller>
      <shadowSize>(.05, .05)</shadowSize>
      <explosionRadius>.2</explosionRadius>
      <explosionDamage>TM_Arrow</explosionDamage>
	  <explosionDamageFactor>1</explosionDamageFactor>
      <rotateGraphicTowardsDirection>true</rotateGraphicTowardsDirection>
      <speed>3.5</speed>
	  <movementType>ConstantSpeed</movementType>
	  <cameraShake>0</cameraShake>
    </skyfaller>
  </ThingDef>
  
  
  <ThingDef ParentName="TM_SkyfallerBase">
    <defName>TM_ScornLeaving</defName>
    <label>scorn leaving</label>
	<size>(5, 5)</size>
    <graphicData>
      <texPath>Other/succubus_scorn</texPath>
      <graphicClass>Graphic_Single</graphicClass>
      <shaderType>CutoutFlying</shaderType>
      <drawSize>(4, 4)</drawSize>
    </graphicData>
    <skyfaller>
      <movementType>Decelerate</movementType>
      <reversed>true</reversed>
      <shadow>Things/Skyfaller/SkyfallerShadowDropPod</shadow>
      <shadowSize>(1.5, 1.5)</shadowSize>
      <anticipationSound>DropPod_Leaving</anticipationSound>
      <anticipationSoundTicks>-10</anticipationSoundTicks>
      <ticksToImpactRange><min>-10</min><max>-5</max></ticksToImpactRange>
	  <rotateGraphicTowardsDirection>true</rotateGraphicTowardsDirection>
    </skyfaller>
  </ThingDef>
  
  <ThingDef ParentName="TM_SkyfallerBase">
    <defName>TM_ScornIncoming</defName>
    <label>scorn incoming</label>
    <size>(5, 5)</size>
    <graphicData>
      <texPath>Other/succubus_scorn_back</texPath>
      <graphicClass>Graphic_Single</graphicClass>
      <shaderType>Transparent</shaderType>
      <drawSize>(4, 4)</drawSize>
    </graphicData>
    <skyfaller>
      <shadowSize>(1.5, 1.5)</shadowSize>
      <rotateGraphicTowardsDirection>true</rotateGraphicTowardsDirection>
      <speed>.8</speed>
	  <movementType>ConstantSpeed</movementType>
	  <cameraShake>1</cameraShake>
    </skyfaller>
  </ThingDef>
  
  <ThingDef ParentName="SkyfallerBase">
    <defName>TM_Meteorite</defName>
    <label>meteorite</label>
    <size>(2, 2)</size>
    <graphicData>
      <texPath>Things/Skyfaller/Meteorite</texPath>
      <graphicClass>Graphic_Single</graphicClass>
      <shaderType>Transparent</shaderType>
      <drawSize>(10, 10)</drawSize>
    </graphicData>
    <skyfaller>
      <shadowSize>(3, 3)</shadowSize>
      <explosionRadius>3</explosionRadius>
      <explosionDamage>Bomb</explosionDamage>
      <rotateGraphicTowardsDirection>true</rotateGraphicTowardsDirection>
      <speed>.6</speed>
    </skyfaller>
  </ThingDef>
  
  <ThingDef ParentName="SkyfallerBase">
    <defName>TM_Meteorite_I</defName>
    <label>meteorite</label>
    <size>(2, 2)</size>
    <graphicData>
      <texPath>Things/Skyfaller/Meteorite</texPath>
      <graphicClass>Graphic_Single</graphicClass>
      <shaderType>Transparent</shaderType>
      <drawSize>(12, 12)</drawSize>
    </graphicData>
    <skyfaller>
      <shadowSize>(4, 4)</shadowSize>
      <explosionRadius>4</explosionRadius>
      <explosionDamage>Bomb</explosionDamage>
      <rotateGraphicTowardsDirection>true</rotateGraphicTowardsDirection>
      <speed>.7</speed>
    </skyfaller>
  </ThingDef>
  
  <ThingDef ParentName="SkyfallerBase">
    <defName>TM_Meteorite_II</defName>
    <label>meteorite</label>
    <size>(2, 2)</size>
    <graphicData>
      <texPath>Things/Skyfaller/Meteorite</texPath>
      <graphicClass>Graphic_Single</graphicClass>
      <shaderType>Transparent</shaderType>
      <drawSize>(14, 14)</drawSize>
    </graphicData>
    <skyfaller>
      <shadowSize>(5, 5)</shadowSize>
      <explosionRadius>5</explosionRadius>
      <explosionDamage>Bomb</explosionDamage>
      <rotateGraphicTowardsDirection>true</rotateGraphicTowardsDirection>
      <speed>.8</speed>
    </skyfaller>
  </ThingDef>
  
  <ThingDef ParentName="SkyfallerBase">
    <defName>TM_Meteorite_III</defName>
    <label>meteorite</label>
    <size>(2, 2)</size>
    <graphicData>
      <texPath>Things/Skyfaller/Meteorite</texPath>
      <graphicClass>Graphic_Single</graphicClass>
      <shaderType>Transparent</shaderType>
      <drawSize>(16, 16)</drawSize>
    </graphicData>
    <skyfaller>
      <shadowSize>(6, 6)</shadowSize>
      <explosionRadius>6</explosionRadius>
      <explosionDamage>Bomb</explosionDamage>
      <rotateGraphicTowardsDirection>true</rotateGraphicTowardsDirection>
      <speed>.9</speed>
    </skyfaller>
  </ThingDef>


</Defs>