<?xml version="1.0" encoding="utf-8" ?>


<Defs>

  <ThinkTreeDef>
    <defName>TM_Elemental_AI</defName>
    <thinkRoot Class="ThinkNode_Priority">
      <subNodes>
        <li Class="ThinkNode_Subtree">
          <treeDef>Downed</treeDef>
        </li>
        
        <li Class="ThinkNode_Subtree">
          <treeDef>LordDuty</treeDef>
        </li>
		
		        <!-- Colony Creature -->
        <li Class="ThinkNode_ConditionalOfPlayerFaction">
          <subNodes>
            
            <li Class="JobGiver_SeekAllowedArea" />
            <li Class="JobGiver_SeekSafeTemperature" />
            
		  </subNodes>
        </li>
        
		
		<!-- Do a queued job if possible -->

        <li Class="ThinkNode_Tagger">
          <tagToGive>Idle</tagToGive>
          <subNodes>
            <li Class="JobGiver_WanderAnywhere">
              <maxDanger>Deadly</maxDanger>
            </li>
          </subNodes>
        </li>
          
        <li Class="JobGiver_IdleError"/>
      </subNodes>
    </thinkRoot>
  </ThinkTreeDef>
  
  	<ThinkTreeDef>
		<defName>TM_Elemental_AI_Constant</defName>
		<thinkRoot Class="ThinkNode_Priority">
			<subNodes>
				<li Class="ThinkNode_ConditionalCanDoConstantThinkTreeJobNow">
					<subNodes>
                        <!-- Fight enemies -->
						<li Class="JobGiver_AIFightEnemies" />
					</subNodes>
				</li>
			</subNodes>
		</thinkRoot>
	</ThinkTreeDef>
	
  <ThinkTreeDef>
    <defName>TM_Minion_AI</defName>
    <thinkRoot Class="ThinkNode_Priority">
      <subNodes>
        <li Class="ThinkNode_Subtree">
          <treeDef>Downed</treeDef>
        </li>
        
        <li Class="ThinkNode_Subtree">
          <treeDef>LordDuty</treeDef>
        </li>

		<li Class="JobGiver_RescueNearby">
		  <radius>30</radius>
		</li>
		

		<li Class="ThinkNode_Tagger">
			<tagToGive>Misc</tagToGive>
			<subNodes>
				<li Class="JobGiver_Haul" />
				<li Class="TorannMagic.JobGiver_AIClean" />
			</subNodes>
		</li>

        <li Class="ThinkNode_Tagger">
          <tagToGive>Idle</tagToGive>
          <subNodes>
            <li Class="JobGiver_WanderAnywhere">
              <maxDanger>Deadly</maxDanger>
            </li>
          </subNodes>
        </li>		
		
		<li Class="ThinkNode_Subtree">
          <treeDef>SatisfyBasicNeeds</treeDef>
        </li>	

        <li Class="JobGiver_IdleError"/>
      </subNodes>
    </thinkRoot>
  </ThinkTreeDef>
  
  	<ThinkTreeDef>
		<defName>TM_Minion_AI_Constant</defName>
		<thinkRoot Class="ThinkNode_Priority">
			<subNodes>
				<li Class="ThinkNode_ConditionalCanDoConstantThinkTreeJobNow">
					<subNodes>
						<li Class="JobGiver_AIFightEnemies" />												
						<!-- <li Class="JobGiver_AIDefendSelf" /> -->
					</subNodes>
				
				</li>

			</subNodes>
		</thinkRoot>
	</ThinkTreeDef>
  
</Defs>