<?xml version="1.0" encoding="utf-8" ?>
<Defs>  

    <!-- demon special attack manuevers -->
	
  <ToolCapacityDef>
    <defName>TM_ClawSweep</defName>
    <label>claw rake</label>
  </ToolCapacityDef>
  
  <ManeuverDef>
    <defName>ClawSweepMD</defName>
    <requiredCapacity>TM_ClawSweep</requiredCapacity>
    <verb>
      <verbClass>TorannMagic.Verb_ClawSweep</verbClass>
      <meleeDamageDef>Cut</meleeDamageDef>
    </verb>
    <logEntryDef>MeleeAttack</logEntryDef>
    <combatLogRulesHit>Maneuver_Scratch_MeleeHit</combatLogRulesHit>
    <combatLogRulesDeflect>Maneuver_Scratch_MeleeDeflect</combatLogRulesDeflect>
    <combatLogRulesMiss>Maneuver_Scratch_MeleeMiss</combatLogRulesMiss>
    <combatLogRulesDodge>Maneuver_Scratch_MeleeDodge</combatLogRulesDodge>
  </ManeuverDef>
  

  <ThingDef Name="TM_Base_Demon" Abstract="True">
    <thingClass>TorannMagic.TMPawnSummoned</thingClass>
<!-- 	<thingClass>AbilityUser.PawnSummoned</thingClass> -->
    <category>Pawn</category>
    <selectable>true</selectable>
    <tickerType>Normal</tickerType>
    <altitudeLayer>Pawn</altitudeLayer>
    <useHitPoints>false</useHitPoints>
    <hasTooltip>true</hasTooltip>
    <soundImpactDefault>BulletImpact_Metal</soundImpactDefault>
	<tradeability>None</tradeability>
    <statBases>
      <Mass>200</Mass>
      <PsychicSensitivity>1</PsychicSensitivity>
      <Flammability>0</Flammability>
      <ComfyTemperatureMin>-200</ComfyTemperatureMin>
      <ComfyTemperatureMax>200</ComfyTemperatureMax>
	  <MeatAmount>0</MeatAmount>
	  <MarketValue>0</MarketValue>	  
    </statBases>
	<inspectorTabs>
      <li>ITab_Pawn_Health</li>
	  <li>ITab_Pawn_Needs</li>
      <li>ITab_Pawn_Character</li>
	  <li>ITab_Pawn_Log</li>
    </inspectorTabs>
    <race>
      <body>TM_Demon</body>
	  <deathActionWorkerClass>TorannMagic.Demon_DeathWorker</deathActionWorkerClass>
      <needsRest>false</needsRest>
      <hasGenders>false</hasGenders>
      <predator>true</predator>
      <foodType>OmnivoreAnimal</foodType>
      <baseHungerRate>0.01</baseHungerRate>	  
	  <manhunterOnDamageChance>1</manhunterOnDamageChance>
<!-- 	  <intelligence>ToolUser</intelligence> -->
	  <trainability>None</trainability>
      <thinkTreeConstant>TM_Elemental_AI_Constant</thinkTreeConstant>
      <thinkTreeMain>TM_Elemental_AI</thinkTreeMain>
      <meatLabel>demon flesh</meatLabel>
      <baseBodySize>2</baseBodySize>
	  <herdMigrationAllowed>false</herdMigrationAllowed>
	  <wildness>10</wildness>	  
	  <packAnimal>false</packAnimal>
	  <herdAnimal>false</herdAnimal>
    </race>
    <comps>
      <li>
        <compClass>CompAttachBase</compClass>
      </li>
	  <li Class="TorannMagic.CompProperties_AIController">
		<alwaysManhunter>false</alwaysManhunter>
		<maxRangeForCloseThreat>5</maxRangeForCloseThreat>
		<maxRangeForFarThreat>55</maxRangeForFarThreat>
		<chargeCooldownTicks>1100</chargeCooldownTicks>
		<rangedCooldownTicks>500</rangedCooldownTicks>
		<rangedBurstCount>3</rangedBurstCount>
		<rangedTicksBetweenBursts>8</rangedTicksBetweenBursts>
		<aoeCooldownTicks>450</aoeCooldownTicks>
		<knockbackCooldownTicks>800</knockbackCooldownTicks>
		<tauntCooldownTicks>600</tauntCooldownTicks>
		<tauntChance>.9</tauntChance>
	  </li>
    </comps>
    <drawGUIOverlay>false</drawGUIOverlay>
  </ThingDef>
  
  <ThingDef ParentName="TM_Base_Demon" Name="TM_Demon">
    <defName>TM_DemonR</defName>
    <label>Demon</label>
    <description>Released from the pits of hell, this demon will unleash its unfettered malice upon any and all beings in its path. There is no reasoning or subjugating the demon; destroy it or be destroyed.</description>
    <statBases>
	  <Mass>300</Mass>
      <MoveSpeed>6.66</MoveSpeed>
      <ArmorRating_Blunt>0.84</ArmorRating_Blunt>
      <ArmorRating_Sharp>1.03</ArmorRating_Sharp>
      <ArmorRating_Heat>1.21</ArmorRating_Heat>      
    </statBases>
	<tools>
      <li>
        <label>left claw</label>
        <capacities>
          <li>TM_ClawSweep</li>
        </capacities>
        <power>18</power>
        <cooldownTime>1.1</cooldownTime>
        <linkedBodyPartsGroup>Demon_LeftArm</linkedBodyPartsGroup>
      </li>
	  <li>
        <label>right claw</label>
        <capacities>
          <li>TM_ClawSweep</li>
        </capacities>
        <power>23</power>
        <cooldownTime>1.3</cooldownTime>
        <linkedBodyPartsGroup>Demon_RightArm</linkedBodyPartsGroup>
      </li>
	  <li>
        <label>hoof</label>
        <capacities>
          <li>Blunt</li>
        </capacities>
        <power>32</power>
        <cooldownTime>2</cooldownTime>
        <linkedBodyPartsGroup>Demon_Legs</linkedBodyPartsGroup>
      </li>
	</tools>
    <race>
	  <baseHealthScale>22.0</baseHealthScale>	
      <lifeExpectancy>200</lifeExpectancy>
		<lifeStageAges>
        <li>
          <def>TM_Demon_Lifestage</def>
          <minAge>80</minAge>
		  <soundCall>TM_DemonCall</soundCall>
          <soundAngry>TM_DemonAngry</soundAngry>
          <soundWounded>TM_DemonPain</soundWounded>
          <soundDeath>TM_DemonDeath</soundDeath>
        </li>
      </lifeStageAges>
      <soundMeleeHitPawn>TM_DemonAngry</soundMeleeHitPawn>
      <soundMeleeHitBuilding>TM_DemonAngry</soundMeleeHitBuilding>
      <soundMeleeMiss>TM_DemonCall</soundMeleeMiss>      
    </race>
	<butcherProducts>
      <RawMagicyte>120</RawMagicyte>
    </butcherProducts>
  </ThingDef>
 
  <PawnKindDef>
    <defName>TM_Demon</defName>
    <label>demon</label>
    <race>TM_DemonR</race>
    <combatPower>3000</combatPower>
    <defaultFactionType>TM_SummonedFaction</defaultFactionType>
	<ecoSystemWeight>0</ecoSystemWeight>
	<canArriveManhunter>false</canArriveManhunter>
    <lifeStages>
	  <li>
	    <label>demon</label>
        <labelPlural>demons</labelPlural>
        <bodyGraphicData>
          <texPath>PawnKind/demon</texPath>
          <graphicClass>Graphic_Multi</graphicClass>
		  <shaderType>TransparentPostLight</shaderType>
          <drawSize>4</drawSize>
		  <color>(108, 94, 88)</color>
          <shadowData>
            <volume>(0.8, 0.6, 0.6)</volume>
            <offset>(0,0,-0.3)</offset>
          </shadowData>
        </bodyGraphicData>
      </li>
	</lifeStages>
  </PawnKindDef>

</Defs>
