﻿<?xml version="1.0" encoding="utf-8" ?>
<Defs>

  <!-- affecting opinion -->
  
  <ThoughtDef>
    <defName>TM_Undead</defName>
    <thoughtClass>Thought_SituationalSocial</thoughtClass>
    <workerClass>TorannMagic.Thoughts.ThoughtWorker_TM_Undead</workerClass>
    <validWhileDespawned>true</validWhileDespawned>
    <stages>
      <li>
        <label>undead</label>
        <baseOpinionOffset>-40</baseOpinionOffset>
      </li>
    </stages>
  </ThoughtDef>
  
    <ThoughtDef>
    <defName>TM_Necromancer</defName>
    <thoughtClass>Thought_SituationalSocial</thoughtClass>
    <workerClass>TorannMagic.Thoughts.ThoughtWorker_TM_Necromancer</workerClass>
    <validWhileDespawned>true</validWhileDespawned>
    <stages>
      <li>
        <label>necromancer</label>
        <baseOpinionOffset>-15</baseOpinionOffset>
      </li>
    </stages>
  </ThoughtDef>
  
  <ThoughtDef>
    <defName>TM_Lich</defName>
    <thoughtClass>Thought_SituationalSocial</thoughtClass>
    <workerClass>TorannMagic.Thoughts.ThoughtWorker_Lich</workerClass>
    <validWhileDespawned>true</validWhileDespawned>
    <stages>
      <li>
        <label>lich</label>
        <baseOpinionOffset>-35</baseOpinionOffset>
      </li>
    </stages>
  </ThoughtDef>
  
  <ThoughtDef>
    <defName>TM_HolierThanThou</defName>
    <thoughtClass>Thought_SituationalSocial</thoughtClass>
    <workerClass>TorannMagic.Thoughts.ThoughtWorker_TM_HolierThanThou</workerClass>
    <validWhileDespawned>true</validWhileDespawned>
    <stages>
      <li>
        <label>Self-righteous mage</label>
        <baseOpinionOffset>-15</baseOpinionOffset>
      </li>
    </stages>
  </ThoughtDef>
  
 <ThoughtDef>
    <defName>TM_FemaleOpinionOfSuccubus</defName>
    <thoughtClass>Thought_SituationalSocial</thoughtClass>
    <workerClass>TorannMagic.Thoughts.ThoughtWorker_TM_FemaleOpinionOfSuccubus</workerClass>
    <validWhileDespawned>true</validWhileDespawned>
    <stages>
      <li>
        <label>Envious of succubus</label>
		<description>Everyone pays attention to her because of her looks, doesn't anything else matter?</description>
        <baseOpinionOffset>-25</baseOpinionOffset>
      </li>
	  <li>
        <label>Unnatural beauty</label>
		<description>She has an air of attraction that I'll never have... and I hate her for it.</description>
        <baseOpinionOffset>-40</baseOpinionOffset>
      </li>
    </stages>
  </ThoughtDef>
  
   <ThoughtDef>
    <defName>TM_MaleOpinionOfSuccubus</defName>
    <thoughtClass>Thought_SituationalSocial</thoughtClass>
    <workerClass>TorannMagic.Thoughts.ThoughtWorker_TM_MaleOpinionOfSuccubus</workerClass>
    <validWhileDespawned>true</validWhileDespawned>
    <stages>
	  <li>
        <label>Illusion of beauty</label>
		<description>Experience in the arts of combat reveal the lie in her form and movement, but sometimes it's easier to just accept the deception</description>
        <baseOpinionOffset>12</baseOpinionOffset>
      </li>
	  <li>
        <label>Devilishly attractive</label>
		<description>I can tell she uses demonic powers to make herself more attractive, but that knowledge does little to diminish the effect</description>
        <baseOpinionOffset>16</baseOpinionOffset>
      </li>
      <li>
        <label>Alluring</label>
		<description>There's something about her that is undeniably and overwhelmingly attractive</description>
        <baseOpinionOffset>40</baseOpinionOffset>
      </li>
    </stages>
  </ThoughtDef>
  
  <ThoughtDef>
	<defName>Thought_EnchantedAura</defName>
	<thoughtClass>Thought_SituationalSocial</thoughtClass>
	<validWhileDespawned>false</validWhileDespawned>
	<workerClass>TorannMagic.Thoughts.ThoughtWorker_TM_EnchantedAura</workerClass>
	<stages>
		<li>
			<label>charming</label>
			<description>Has a charming presence.</description>
			<baseOpinionOffset>5</baseOpinionOffset>
		</li>
		<li>
			<label>enchanting</label>
			<description>Has an enchanting aura.</description>
			<baseOpinionOffset>10</baseOpinionOffset>
		</li>
		<li>
			<label>powerful allure</label>
			<description>Has a powerful allure.</description>
			<baseOpinionOffset>15</baseOpinionOffset>
		</li>
		<li>
			<label>positively glamorous</label>
			<description>Is positively glamorous.</description>
			<baseOpinionOffset>20</baseOpinionOffset>
		</li>
	</stages>
  </ThoughtDef>
  
  <ThoughtDef>
	<defName>Thought_EnchantedBody</defName>
	<thoughtClass>Thought_SituationalSocial</thoughtClass>
	<validWhileDespawned>false</validWhileDespawned>
	<workerClass>TorannMagic.Thoughts.ThoughtWorker_TM_EnchantedBody</workerClass>
	<stages>
		<li>
			<label>third arm</label>
			<description>Has a third arm... it's uncomfortable to look at and unnatural.</description>
			<baseOpinionOffset>-6</baseOpinionOffset>
		</li>
		<li>
			<label>four arms</label>
			<description>I don't care if those extra arms are magical, it's freakish.</description>
			<baseOpinionOffset>-8</baseOpinionOffset>
		</li>
		<li>
			<label>strange growth</label>
			<description>It goes beyond reason to simply start sprouting extra body parts; it seems like that third eye is always staring at me.</description>
			<baseOpinionOffset>-12</baseOpinionOffset>
		</li>
		<li>
			<label>mutant</label>
			<description>What's next, another head? This has gone too far.</description>
			<baseOpinionOffset>-15</baseOpinionOffset>
		</li>
		<li>
			<label>admiring transhumanist</label>
			<description>To be able to morph yourself into whatever you wish - what an amazing ability!</description>
			<baseOpinionOffset>10</baseOpinionOffset>
		</li>
		<li>
			<label>hateful body purist</label>
			<description>What a freak, I think -it- is gross.</description>
			<baseOpinionOffset>-30</baseOpinionOffset>
		</li>
	</stages>
  </ThoughtDef>
  
  <!-- affecting mood -->
  
  <ThoughtDef>
		<defName>Thought_ObservedUndead</defName>
		<workerClass>TorannMagic.Thoughts.ThoughtWorker_TM_ObservedUndead</workerClass>
		<nullifyingTraits>
			<li>Psychopath</li>
			<li>Bloodlust</li>
			<li>Necromancer</li>
			<li>Undead</li>
			<li>Lich</li>
		</nullifyingTraits>
		<stages>
			<li>
				<label>observed undead</label>
				<description>I hate being next to the undead. I can't help but think... will that happen to me when I die?</description>
				<baseMoodEffect>-8</baseMoodEffect>
			</li>
		</stages>
	</ThoughtDef>	
  
</Defs>
