<?xml version="1.0" encoding="utf-8"?>
<Defs>  

  
    
  <WorldObjectDef>
    <defName>ArcaneAdventure</defName>
    <worldObjectClass>Site</worldObjectClass>
    <expandingIcon>true</expandingIcon>
    <expandingIconPriority>70</expandingIconPriority>
    <comps>
      <li Class="WorldObjectCompProperties_Timeout" />
      <li Class="WorldObjectCompProperties_ItemStashContents" />
    </comps>
  </WorldObjectDef>
  
  <WorldObjectDef>
    <defName>TM_TravelingTransportLightBeam</defName>
    <label>transport beam</label>
    <description>Transport pods in flight.</description>
    <worldObjectClass>TorannMagic.WorldTransport.TM_TravelingTransportPods</worldObjectClass>
    <texture>Other/light_pod</texture>
    <useDynamicDrawer>true</useDynamicDrawer>
    <expandingIcon>true</expandingIcon>
    <expandingIconTexture>Other/light_pod</expandingIconTexture>
    <expandingIconPriority>60</expandingIconPriority>
    <expandMore>true</expandMore>
    <allowCaravanIncidentsWhichGenerateMap>true</allowCaravanIncidentsWhichGenerateMap>
  </WorldObjectDef>
  
</Defs>