<?xml version="1.0" encoding="utf-8" ?>
<Defs>
	<HugsLib.UpdateFeatureDef Abstract="true" Name="UpdateFeatureBase">
		<modNameReadable>A RimWorld Of Magic</modNameReadable>
		<modIdentifier>ARimWorldOfMagic</modIdentifier>
		<linkUrl>https://ludeon.com/forums/index.php?topic=37161.0</linkUrl>
	</HugsLib.UpdateFeatureDef>
		<HugsLib.UpdateFeatureDef ParentName="UpdateFeatureBase">
		<defName>ARimWorldOfMagic_2_5_1</defName>
		<assemblyVersion>2.5.1</assemblyVersion>
		<content>Update 2.5.1

New Class:
Brightmage - combines energy from light and mana to great effect.
Abilities:
 o Light Lance - focused beam of light that burns everything in its path
 o Sunfire - burning slashes of light cut across the target area
 o Burst of Light - blinds and disorients targets in an area
 o Light Skip - ride waves of light for near-instant movement
 o Refraction - creates a wall of light that modifies the properties of projectiles as they pass through
 o Spirit of Light - summons a friendly spirit that protects and assists the caster

--See mod discord announcements for all the update details! - https://discord.gg/ksksHj --
		</content>
	</HugsLib.UpdateFeatureDef>	
	<HugsLib.UpdateFeatureDef ParentName="UpdateFeatureBase">
		<defName>ARimWorldOfMagic_2_5_0</defName>
		<assemblyVersion>2.5.0</assemblyVersion>
		<content>Update 2.5.0

New Class:
 o Shadow - half-breed demons with an affinity for shadow magic and a talent for combat that makes them perfect assassins.
 
New Mod Options:
 o Players can now adjust how common fighters and mages are for each faction type.
 
Tweaks:
 o Improved performance.

--See mod discord announcements for all the update details! - https://discord.gg/ksksHj --
		</content>
	</HugsLib.UpdateFeatureDef>		

</Defs>