﻿<?xml version="1.0" encoding="utf-8" ?>
<Defs>

  <QuestScriptDef>
    <defName>TM_OpportunitySite_ArcaneBandits</defName>
    <rootSelectionWeight>0.6</rootSelectionWeight>
    <rootMinPoints>400</rootMinPoints>
    <autoAccept>true</autoAccept>
    <canGiveRoyalFavor>false</canGiveRoyalFavor>
    <questNameRules>
      <rulesStrings>
        <li>questName->[asker_nameDef]'s Arcane Bandits</li>
        <li>questName->Arcane Bandit Camp of [enemyFaction_pawnsPlural]</li>
        <li>questName->The Arcane Bandit Camp</li>
        <li>questName->The Arcane Raider Camp</li>
        <li>questName->Destroy the Arcane Bandits</li>
        <li>questName->Helping [asker_nameDef] Protect Magical Artifacts</li>
      </rulesStrings>
    </questNameRules>
    <questDescriptionRules>
      <rulesStrings>
        <li>questDescription->[asker_nameFull], [asker_faction_leaderTitle] of [asker_faction_name], has sent us a message. Apparently, [siteFaction_pawnsPlural] have set up a nearby outpost and are threatening to attack the village unless the [asker_faction_name] village turns over their artifacts. The camp is controlled by [siteFaction_name].
\n[asker_nameDef] is asking us to eliminate these vile hooligans, which means destroying them or chasing them from their outpost. [asker_label] says that [sitePart0_description].
\nIf we succeed [asker_label] will send us some of the artifacts; [allRewardsDescriptions]</li>
      </rulesStrings>
    </questDescriptionRules>
    <root Class="QuestNode_Sequence">
      <nodes>
        <li Class="QuestNode_SubScript">
          <def>Util_RandomizePointsChallengeRating</def>
        </li>
        <li Class="QuestNode_SubScript">
          <def>Util_AdjustPointsForDistantFight</def>
        </li>
        <li Class="QuestNode_GetMap" />

        <li Class="QuestNode_GetPawn">
          <storeAs>asker</storeAs>
          <mustBeFactionLeader>true</mustBeFactionLeader>
          <allowPermanentEnemyFaction>false</allowPermanentEnemyFaction>
        </li>

        <li Class="QuestNode_GetSiteTile">
          <storeAs>siteTile</storeAs>
          <preferCloserTiles>true</preferCloserTiles>
        </li>

        <li Class="QuestNode_GetSitePartDefsByTagsAndFaction">
          <storeAs>sitePartDefs</storeAs>
          <storeFactionAs>siteFaction</storeFactionAs>
          <sitePartsTags>
            <li><tag>BanditCamp</tag></li>
          </sitePartsTags>
          <mustBeHostileToFactionOf>$asker</mustBeHostileToFactionOf>
        </li>

        <li Class="QuestNode_GetDefaultSitePartsParams">
          <tile>$siteTile</tile>
          <faction>$siteFaction</faction>
          <sitePartDefs>$sitePartDefs</sitePartDefs>
          <storeSitePartsParamsAs>sitePartsParams</storeSitePartsParamsAs>
        </li>
        
        <li Class="QuestNode_GetSiteThreatPoints">
          <storeAs>sitePoints</storeAs>
          <sitePartsParams>$sitePartsParams</sitePartsParams>
        </li>
        <li Class="QuestNode_SubScript">
          <def>Util_GetDefaultRewardValueFromPoints</def>
          <parms>
            <!-- Use the actual threat points generated (some site parts define a minimum threshold) -->
            <points>$sitePoints</points>
          </parms>
        </li>

        <li Class="QuestNode_SubScript">
          <def>Util_GenerateSite</def>
        </li>
        
        <li Class="QuestNode_SpawnWorldObjects">
          <worldObjects>$site</worldObjects>
        </li>

        <li Class="QuestNode_WorldObjectTimeout">
          <worldObject>$site</worldObject>
          <isQuestTimeout>true</isQuestTimeout>
          <delayTicks>$(randInt(8,20)*60000)</delayTicks>
          <inSignalDisable>site.MapGenerated</inSignalDisable>
          <node Class="QuestNode_Sequence">
            <nodes>
              <li Class="QuestNode_Letter">
                <label>Quest expired: [resolvedQuestName]</label>
                <text>The arcane bandits successfully pilfered the arcane artifacts from [asker_faction_name]. [asker_label] is displeased with you.</text>
              </li>
              <li Class="QuestNode_End">
                <outcome>Fail</outcome>
				<goodwillChangeAmount>-20</goodwillChangeAmount>
              </li>
            </nodes>
          </node>
        </li>

        <!-- If we enter and leave, the map is destroyed. Fail the quest. -->
        <li Class="QuestNode_Signal">
          <inSignal>site.Destroyed</inSignal>
          <node Class="QuestNode_Sequence">
            <nodes>
              <li Class="QuestNode_Letter">
                <label>Quest failed: [resolvedQuestName]</label>
                <text>After your botched assault, the arcane bandits immediately attacked and stole several artifacts. [asker_label] is disappointed in you.</text>
              </li>
              <li Class="QuestNode_End">
                <outcome>Fail</outcome>
				<goodwillChangeAmount>-10</goodwillChangeAmount>
              </li>
            </nodes>
          </node>
        </li>

        <li Class="QuestNode_Signal">
          <inSignal>site.AllEnemiesDefeated</inSignal>
          <node Class="QuestNode_GiveRewards">
            <parms>
              <allowGoodwill>false</allowGoodwill>
              <allowRoyalFavor>false</allowRoyalFavor>
			  <thingRewardRequired>true</thingRewardRequired>
			  <thingRewardItemsOnly>true</thingRewardItemsOnly>
              <chosenPawnSignal>TM_ArcaneRewards</chosenPawnSignal>
            </parms>
            <customLetterLabel>Payment arrived</customLetterLabel>
            <customLetterText>You have defeated the arcane bandits!\n\nThe payment from [asker_faction_name] has arrived.</customLetterText>
<!--             <nodeIfChosenPawnSignalUsed Class="QuestNode_Letter">
              <letterDef>ChoosePawn</letterDef>
              <label>[asker_faction_royalFavorLabel]</label>
              <text>These colonists participated in the victory for the quest [resolvedQuestName]. [asker_definite] wants to know who should receive the [royalFavorReward_amount] [asker_faction_royalFavorLabel] favor for this service.</text>
              <useColonistsOnMap>$site</useColonistsOnMap>
              <chosenPawnSignal>ChosenPawnForReward</chosenPawnSignal>
            </nodeIfChosenPawnSignalUsed> -->
          </node>
        </li>
        <li Class="QuestNode_End">
          <inSignal>site.AllEnemiesDefeated</inSignal>
          <outcome>Success</outcome>
        </li>
      </nodes>
    </root>
  </QuestScriptDef>
</Defs>