<?xml version="1.0" encoding="utf-8" ?>

 
<Defs>

	<TraitDef>
		<defName>TM_OKWithDeath</defName>
		<ignoreConfigErrors>true</ignoreConfigErrors>
		<commonality>.1</commonality>	
		<degreeDatas>	
		  <li>
			<label>Unaffected by death</label>
			<description>[PAWN_nameDef] has accepted that death is another part of life and doesn't get upset when learning about a dead ally or seeing one of the undead.</description>
			<degree>0</degree>
		  </li>
		</degreeDatas>	
		<conflictingTraits>
		  <li>Kind</li>
		</conflictingTraits>
	</TraitDef>
	
	<TraitDef>
		<defName>Undead</defName>
		<ignoreConfigErrors>true</ignoreConfigErrors>
		<commonality>0</commonality>	
		<disabledWorkTags> 
			<li>Caring</li>
			<li>Social</li>
			<li>Animals</li>
			<li>Artistic</li>
			<li>Intellectual</li>
		</disabledWorkTags>
		<degreeDatas>	
		  <li>
			<label>Undead</label>
			<description>[PAWN_nameDef] has been reanimated as an undead.</description>
			<degree>0</degree>
			<statOffsets>
				<MoveSpeed>-2</MoveSpeed>
				<ComfyTemperatureMin>-200</ComfyTemperatureMin>
				<ComfyTemperatureMax>50</ComfyTemperatureMax>
				<ToxicSensitivity>-1</ToxicSensitivity>
				<ImmunityGainSpeed>49</ImmunityGainSpeed>
				<PainShockThreshold>0.90</PainShockThreshold>
				<NegotiationAbility>-0.7</NegotiationAbility>
				<WorkSpeedGlobal>-0.50</WorkSpeedGlobal>
			</statOffsets>
		  </li>
		</degreeDatas>	
		<conflictingTraits>
		  <li>PhysicalProdigy</li>
		  <li>InnerFire</li>
		  <li>HeartOfFrost</li>
		  <li>Arcanist</li>
		  <li>StormBorn</li>
		  <li>Summoner</li>
		  <li>Gifted</li>
	      <li>Paladin</li>
		  <li>Gladiator</li>
		  <li>Druid</li>
		  <li>TM_Sniper</li>
		  <li>Necromancer</li>
		  <li>Priest</li>
		  <li>Bladedancer</li>
		  <li>Lich</li>
		  <li>Ranger</li>
		  <li>Faceless</li>
		  <li>Succubus</li>
		  <li>Warlock</li>
		  <li>TM_Psionic</li>
		  <li>Geomancer</li>
		  <li>Technomancer</li>
		  <li>DeathKnight</li>
		  <li>Enchanter</li>		  
		  <li>BloodMage</li>
		  <li>Chronomancer</li>
		  <li>TM_Monk</li>
		  <li>TM_Wanderer</li>
		  <li>TM_Wayfarer</li>
		  <li>ChaosMage</li>
		  <li>TM_SuperSoldier</li>
		  <li>TM_Commander</li>
		</conflictingTraits>
	</TraitDef>

    <TraitDef>
        <defName>Gifted</defName>
        <ignoreConfigErrors>true</ignoreConfigErrors>
		<commonality>0</commonality>
        <degreeDatas>
            <li>
                <label>magically gifted</label>
                <description>[PAWN_nameDef] has a magical gift. [PAWN_pronoun] can harness this gift to become a mage by studying the mysterious secrets within an arcane script.</description>
						<degree>2</degree>
                <statOffsets>
                    <MoveSpeed>.10</MoveSpeed>
                    <MedicalTendSpeed>.1</MedicalTendSpeed>
                    <ImmunityGainSpeed>.1</ImmunityGainSpeed>
					<PsychicSensitivity>0.20</PsychicSensitivity>
					<GlobalLearningFactor>.10</GlobalLearningFactor>
                </statOffsets>
            </li>
        </degreeDatas>
		<conflictingTraits>
		  <li>HeartOfFrost</li>
		  <li>Arcanist</li>
		  <li>StormBorn</li>
		  <li>InnerFire</li>
		  <li>Paladin</li>
		  <li>PhysicalProdigy</li>
		  <li>Summoner</li>
		  <li>Gladiator</li>
		  <li>TM_Sniper</li>
		  <li>Druid</li>
		  <li>Bladedancer</li>
		  <li>Necromancer</li>
		  <li>Priest</li>
		  <li>Ranger</li>
		  <li>Lich</li>
		  <li>TM_Bard</li>
		  <li>Faceless</li>
		  <li>TM_Psionic</li>
		  <li>Succubus</li>
		  <li>Warlock</li>
		  <li>Geomancer</li>
		  <li>Technomancer</li>
		  <li>DeathKnight</li>
		  <li>Enchanter</li>		  
		  <li>BloodMage</li>
		  <li>Chronomancer</li>
		  <li>TM_Monk</li>
		  <li>TM_Wanderer</li>
		  <li>TM_Wayfarer</li>
		  <li>ChaosMage</li>
		  <li>TM_SuperSoldier</li>
		  <li>TM_Commander</li>
		</conflictingTraits>
    </TraitDef>
	
	<TraitDef>
		<defName>TM_Wanderer</defName>
		<ignoreConfigErrors>true</ignoreConfigErrors>
		<commonality>0</commonality>
		<degreeDatas>	
		  <li>
			<label>Wanderer</label>
			<description>[PAWN_nameDef] is a wanderer; an outcast, half-breed mage class frequently dubbed a hedge-mage. [PAWN_possessive] carefree personality has kept [PAWN_possessive] from developing class abilities. Instead, [PAWN_pronoun] has learned to improve on a vast number of utility abilities that allow [PAWN_objective] to adapt to any situation.
		
Wanderers prefer the open road and gain a mood boost for being in a caravan. Caravans with a wanderer will ignore the movement penalties of any world tile. However, their wanderlust will cause them to suffer a mood penalty for remaining at a colony for too long.</description>
			<degree>4</degree>
				<statOffsets>
                    <MoveSpeed>.20</MoveSpeed>
					<WorkSpeedGlobal>-0.10</WorkSpeedGlobal>
                    <ImmunityGainSpeed>.2</ImmunityGainSpeed>
					<PsychicSensitivity>0.10</PsychicSensitivity>
					<MentalBreakThreshold>-0.03</MentalBreakThreshold>
					<ComfyTemperatureMax>+3</ComfyTemperatureMax>
					<ComfyTemperatureMin>+3</ComfyTemperatureMin>
                </statOffsets>
		  </li>
		</degreeDatas>
		<conflictingTraits>
		  <li>HeartOfFrost</li>
		  <li>Arcanist</li>
		  <li>StormBorn</li>
		  <li>Summoner</li>
			<li>Gifted</li>
			<li>Paladin</li>
			<li>PhysicalProdigy</li>
		  <li>Gladiator</li>
		  <li>TM_Sniper</li>
		  <li>Druid</li>
		  <li>Bladedancer</li>
		  <li>Necromancer</li>
		  <li>Priest</li>
		  <li>Ranger</li>
		  <li>Lich</li>
		  <li>TM_Bard</li>
		  <li>Faceless</li>
		  <li>Succubus</li>
		  <li>Warlock</li>
		  <li>TM_Psionic</li>
		  <li>Geomancer</li>
		  <li>Technomancer</li>
		  <li>DeathKnight</li>
		  <li>Enchanter</li>		  
		  <li>BloodMage</li>
		  <li>Chronomancer</li>
		  <li>TM_Monk</li>
		  <li>InnerFire</li>
		  <li>TM_Wayfarer</li>
		  <li>ChaosMage</li>
		  <li>TM_SuperSoldier</li>
		  <li>TM_Commander</li>
		</conflictingTraits>	
	</TraitDef> 
	
	<TraitDef>
		<defName>InnerFire</defName>
		<ignoreConfigErrors>true</ignoreConfigErrors>
		<commonality>0</commonality>
		<degreeDatas>	
		  <li>
			<label>Fire mage</label>
			<description>[PAWN_nameDef] is attuned with the elements of fire.</description>
			<degree>4</degree>
				<statOffsets>
                    <MoveSpeed>.20</MoveSpeed>
					<WorkSpeedGlobal>0.10</WorkSpeedGlobal>
                    <ImmunityGainSpeed>.4</ImmunityGainSpeed>
					<PsychicSensitivity>0.20</PsychicSensitivity>
					<MentalBreakThreshold>0.06</MentalBreakThreshold>
					<ShootingAccuracyPawn>-5</ShootingAccuracyPawn>
					<ComfyTemperatureMax>+15</ComfyTemperatureMax>
					<ComfyTemperatureMin>+7</ComfyTemperatureMin>
                </statOffsets>
		  </li>
		</degreeDatas>
		<conflictingTraits>
		  <li>HeartOfFrost</li>
		  <li>Arcanist</li>
		  <li>StormBorn</li>
		  <li>Summoner</li>
			<li>Gifted</li>
			<li>Paladin</li>
			<li>PhysicalProdigy</li>
		  <li>Gladiator</li>
		  <li>TM_Sniper</li>
		  <li>Druid</li>
		  <li>Bladedancer</li>
		  <li>Necromancer</li>
		  <li>Priest</li>
		  <li>Ranger</li>
		  <li>Lich</li>
		  <li>TM_Bard</li>
		  <li>Faceless</li>
		  <li>Succubus</li>
		  <li>Warlock</li>
		  <li>TM_Psionic</li>
		  <li>Geomancer</li>
		  <li>Technomancer</li>
		  <li>DeathKnight</li>
		  <li>Enchanter</li>		  
		  <li>BloodMage</li>
		  <li>Chronomancer</li>
		  <li>TM_Monk</li>
		  <li>TM_Wanderer</li>
		  <li>TM_Wayfarer</li>
		  <li>ChaosMage</li>
		  <li>TM_SuperSoldier</li>
		  <li>TM_Commander</li>
		</conflictingTraits>	
	</TraitDef> 
	
	<TraitDef>
		<defName>HeartOfFrost</defName>
		<ignoreConfigErrors>true</ignoreConfigErrors>
		<commonality>0</commonality>
		<degreeDatas>	
		  <li>
			<label>Ice mage</label>
			<description>[PAWN_nameDef] is attuned with the elements of water.</description>
			<degree>4</degree>
				<statOffsets>
					<MentalBreakThreshold>-0.10</MentalBreakThreshold>
					<ResearchSpeed>0.20</ResearchSpeed>
					<GlobalLearningFactor>0.10</GlobalLearningFactor>
					<WorkSpeedGlobal>-0.10</WorkSpeedGlobal>					
					<SocialImpact>-0.20</SocialImpact>
					<ComfyTemperatureMax>-7</ComfyTemperatureMax>
					<ComfyTemperatureMin>-15</ComfyTemperatureMin>
                </statOffsets>
		  </li>
		</degreeDatas>
		<conflictingTraits>
		  <li>InnerFire</li>
		  <li>Arcanist</li>
		  <li>StormBorn</li>
		  <li>Summoner</li>
			<li>Gifted</li>
			<li>Paladin</li>
			<li>PhysicalProdigy</li>
		  <li>Gladiator</li>
		  <li>TM_Sniper</li>
		  <li>Druid</li>
		  <li>Bladedancer</li>
		  <li>Necromancer</li>
		  <li>Priest</li>
		  <li>Ranger</li>
		  <li>Lich</li>
		  <li>TM_Bard</li>
		  <li>Faceless</li>
		  <li>Succubus</li>
		  <li>Warlock</li>
		  <li>TM_Psionic</li>
		  <li>Geomancer</li>
		  <li>Technomancer</li>
		  <li>DeathKnight</li>
		  <li>Enchanter</li>		  
		  <li>BloodMage</li>
		  <li>Chronomancer</li>
		  <li>TM_Monk</li>
		  <li>TM_Wanderer</li>
		  <li>TM_Wayfarer</li>
		  <li>ChaosMage</li>
		  <li>TM_SuperSoldier</li>
		  <li>TM_Commander</li>
		</conflictingTraits>	
	</TraitDef> 
	
	<TraitDef>
		<defName>StormBorn</defName>
		<ignoreConfigErrors>true</ignoreConfigErrors>
		<commonality>0</commonality>
		<degreeDatas>	
		  <li>
			<label>Lightning mage</label>
			<description>[PAWN_nameDef] is attuned with the elements of lightning.</description>
				<degree>4</degree>
				<statOffsets>
					<MoveSpeed>.20</MoveSpeed>
					<WorkSpeedGlobal>0.10</WorkSpeedGlobal>
					<MeleeDodgeChance>2</MeleeDodgeChance>
					<MiningSpeed>-.4</MiningSpeed>
					<MiningYield>-.2</MiningYield>
                </statOffsets>
		  </li>
		</degreeDatas>
		<conflictingTraits>
		  <li>InnerFire</li>
		  <li>Arcanist</li>
		  <li>HeartOfFrost</li>
		  <li>Summoner</li>
			<li>Gifted</li>
			<li>Paladin</li>
			<li>PhysicalProdigy</li>
		  <li>Gladiator</li>
		  <li>TM_Sniper</li>
		  <li>Druid</li>
		  <li>Bladedancer</li>
		  <li>Necromancer</li>
		  <li>Priest</li>
		  <li>Ranger</li>
		  <li>Lich</li>
		  <li>TM_Bard</li>
		  <li>Faceless</li>
		  <li>Succubus</li>
		  <li>Warlock</li>
		  <li>TM_Psionic</li>
		  <li>Geomancer</li>
		  <li>Technomancer</li>
		  <li>DeathKnight</li>
		  <li>Enchanter</li>		  
		  <li>BloodMage</li>
		  <li>Chronomancer</li>
		  <li>TM_Monk</li>
		  <li>TM_Wanderer</li>
		  <li>TM_Wayfarer</li>
		  <li>ChaosMage</li>
		  <li>TM_SuperSoldier</li>
		  <li>TM_Commander</li>
		</conflictingTraits>	
	</TraitDef> 
	
	<TraitDef>
		<defName>Arcanist</defName>
		<ignoreConfigErrors>true</ignoreConfigErrors>
		<commonality>0</commonality>
		<degreeDatas>	
		  <li>
			<label>Arcane mage</label>
			<description>[PAWN_nameDef] is attuned with arcane forces, interacting directly with raw arcane power to move matter and energy at will.</description>
			<degree>4</degree>
			<statOffsets>
				<ResearchSpeed>0.10</ResearchSpeed>
				<GlobalLearningFactor>.20</GlobalLearningFactor>
				<MentalBreakThreshold>0.03</MentalBreakThreshold>
				<SocialImpact>.10</SocialImpact>
				<NegotiationAbility>.10</NegotiationAbility>
				<TradePriceImprovement>.10</TradePriceImprovement>
				<PsychicSensitivity>1.0</PsychicSensitivity>
				<TameAnimalChance>-0.20</TameAnimalChance>
				<TrainAnimalChance>-0.20</TrainAnimalChance>
			</statOffsets>
		  </li>
		</degreeDatas>
		<conflictingTraits>
		  <li>InnerFire</li>
		  <li>HeartOfFrost</li>
		  <li>StormBorn</li>
		  <li>Summoner</li>
			<li>Gifted</li>
			<li>Paladin</li>
			<li>PhysicalProdigy</li>
		  <li>Gladiator</li>
		  <li>TM_Sniper</li>	
			<li>Druid</li>		
			<li>Bladedancer</li>
		<li>Necromancer</li>	
		<li>Priest</li>	
		<li>Ranger</li>	
		<li>Lich</li>	
		<li>TM_Bard</li>
		<li>Faceless</li>
		<li>Succubus</li>
		  <li>Warlock</li>
		  <li>DeathKnight</li>
		<li>TM_Psionic</li>
		<li>Geomancer</li>
		<li>Technomancer</li>
		<li>Enchanter</li>		  
		  <li>BloodMage</li>
		  <li>Chronomancer</li>
		  <li>TM_Monk</li>
		  <li>TM_Wanderer</li>
		  <li>TM_Wayfarer</li>
		  <li>ChaosMage</li>
		  <li>TM_SuperSoldier</li>
		  <li>TM_Commander</li>
		</conflictingTraits>	
	</TraitDef>
	
	<TraitDef>
		<defName>Druid</defName>
		<ignoreConfigErrors>true</ignoreConfigErrors>
		<commonality>0</commonality>
		<degreeDatas>	
		  <li>
			<label>Druid</label>
			<description>[PAWN_nameDef] is attuned with the forces of nature.</description>
			<degree>4</degree>
			<statOffsets>
				<ImmunityGainSpeed>0.15</ImmunityGainSpeed>
				<ToxicSensitivity>-0.20</ToxicSensitivity>
				<PlantWorkSpeed>.25</PlantWorkSpeed>
				<PlantHarvestYield>.25</PlantHarvestYield>
				<SocialImpact>-.10</SocialImpact>
				<NegotiationAbility>-.10</NegotiationAbility>
				<TradePriceImprovement>-.10</TradePriceImprovement>
				<AnimalGatherYield>.20</AnimalGatherYield>
			</statOffsets>
		  </li>
		</degreeDatas>
		<conflictingTraits>
		  <li>InnerFire</li>
		  <li>HeartOfFrost</li>
		  <li>StormBorn</li>
		  <li>Arcanist</li>
		  <li>Summoner</li>
			<li>Gifted</li>
			<li>Paladin</li>
			<li>PhysicalProdigy</li>
		  <li>Gladiator</li>
		  <li>TM_Sniper</li>
		  <li>Bladedancer</li>
		  <li>Necromancer</li>
		  <li>Priest</li>
		  <li>Ranger</li>
		  <li>Lich</li>
		  <li>TM_Bard</li>
		  <li>Faceless</li>
		  <li>Succubus</li>
		  <li>Warlock</li>
		  <li>TM_Psionic</li>
		  <li>Geomancer</li>
		  <li>DeathKnight</li>
		  <li>Technomancer</li>
		  <li>Enchanter</li>		  
		  <li>BloodMage</li>
		  <li>Chronomancer</li>
		  <li>TM_Monk</li>
		  <li>TM_Wanderer</li>
		  <li>TM_Wayfarer</li>
		  <li>ChaosMage</li>
		  <li>TM_SuperSoldier</li>
		  <li>TM_Commander</li>
		</conflictingTraits>	
	</TraitDef>
	
	<TraitDef>
		<defName>Paladin</defName>
		<ignoreConfigErrors>true</ignoreConfigErrors>
		<commonality>0</commonality>
		<degreeDatas>	
		  <li>
			<label>Paladin</label>
			<description>[PAWN_nameDef] has been bestowed with divine might and has sworn to uphold justice wherever [PAWN_pronoun] stands.</description>
			<degree>4</degree>
			<statOffsets>
				<MoveSpeed>.10</MoveSpeed>
				<ImmunityGainSpeed>.2</ImmunityGainSpeed>
				<MentalBreakThreshold>-0.02</MentalBreakThreshold>
				<PainShockThreshold>0.10</PainShockThreshold>
				<PsychicSensitivity>-.2</PsychicSensitivity>
				<GlobalLearningFactor>-.15</GlobalLearningFactor>
			</statOffsets>
		  </li>
		</degreeDatas>
		<conflictingTraits>
		  <li>InnerFire</li>
		  <li>HeartOfFrost</li>
		  <li>StormBorn</li>
		  <li>Arcanist</li>
		  <li>Summoner</li>
		  <li>Gifted</li>
		  <li>PhysicalProdigy</li>
		  <li>Gladiator</li>
		  <li>TM_Sniper</li>
		  <li>Druid</li>
		  <li>Bladedancer</li>
		  <li>Necromancer</li>
		  <li>Priest</li>
		  <li>Ranger</li>
		  <li>Lich</li>
		  <li>TM_Bard</li>
		  <li>Faceless</li>
		  <li>Succubus</li>
		  <li>Warlock</li>
		  <li>TM_Psionic</li>
		  <li>DeathKnight</li>
		  <li>Geomancer</li>
		  <li>Technomancer</li>
		  <li>Enchanter</li>		  
		  <li>BloodMage</li>
		  <li>TM_Monk</li>
		  <li>Chronomancer</li>
		  <li>TM_Wanderer</li>
		  <li>TM_Wayfarer</li>
		  <li>ChaosMage</li>
		  <li>TM_SuperSoldier</li>
		  <li>TM_Commander</li>
		</conflictingTraits>	
	</TraitDef>

	<TraitDef>
		<defName>Summoner</defName>
		<ignoreConfigErrors>true</ignoreConfigErrors>
		<commonality>0</commonality>
		<degreeDatas>	
		  <li>
			<label>Summoner</label>
			<description>[PAWN_nameDef] is able to summon beings and materialize objects from other planes of existence.</description>
			<degree>4</degree>
			<statOffsets>
				<MoveSpeed>.10</MoveSpeed>
				<ToxicSensitivity>0.10</ToxicSensitivity>
				<ComfyTemperatureMin>-8</ComfyTemperatureMin>
				<ComfyTemperatureMax>+8</ComfyTemperatureMax>
				<SocialImpact>.10</SocialImpact>
			</statOffsets>
		  </li>
		</degreeDatas>
		<conflictingTraits>
		  <li>InnerFire</li>
		  <li>HeartOfFrost</li>
		  <li>StormBorn</li>
		  <li>Arcanist</li>
		  <li>Gifted</li>
		  <li>PhysicalProdigy</li>
		  <li>Paladin</li>
		  <li>Gladiator</li>
		  <li>TM_Sniper</li>
		  <li>Druid</li>
		  <li>Bladedancer</li>
		  <li>Necromancer</li>
		  <li>Priest</li>
		  <li>Ranger</li>
		  <li>Lich</li>
		  <li>TM_Bard</li>
		  <li>Faceless</li>
		  <li>Succubus</li>
		  <li>Warlock</li>
		  <li>TM_Psionic</li>
		  <li>Geomancer</li>
		  <li>DeathKnight</li>
		  <li>Technomancer</li>
		  <li>Enchanter</li>		  
		  <li>BloodMage</li>
		  <li>Chronomancer</li>
		  <li>TM_Monk</li>
		  <li>TM_Wanderer</li>
		  <li>TM_Wayfarer</li>
		  <li>ChaosMage</li>
		  <li>TM_SuperSoldier</li>
		  <li>TM_Commander</li>
		</conflictingTraits>	
	</TraitDef> 	
	
	<TraitDef>
		<defName>Necromancer</defName>
		<ignoreConfigErrors>true</ignoreConfigErrors>
		<commonality>0</commonality>
		<degreeDatas>	
		  <li>
			<label>Necromancer</label>
			<description>[PAWN_nameDef] is attuned with the forces of death.</description>
			<degree>4</degree>
			<statOffsets>
				<MoveSpeed>-0.3</MoveSpeed>
				<ComfyTemperatureMin>-20</ComfyTemperatureMin>
				<ImmunityGainSpeed>.4</ImmunityGainSpeed>
				<ToxicSensitivity>-0.40</ToxicSensitivity>
				<MentalBreakThreshold>-0.1</MentalBreakThreshold>
				<GlobalLearningFactor>0.40</GlobalLearningFactor>
				<TradePriceImprovement>-0.5</TradePriceImprovement>
				<NegotiationAbility>-.25</NegotiationAbility>
			</statOffsets>
		  </li>
		</degreeDatas>
		<conflictingTraits>
		  <li>InnerFire</li>
		  <li>HeartOfFrost</li>
		  <li>StormBorn</li>
		  <li>Arcanist</li>
		  <li>Summoner</li>
			<li>Gifted</li>
			<li>Paladin</li>
			<li>PhysicalProdigy</li>
		  <li>Gladiator</li>
		  <li>TM_Sniper</li>
		  <li>Bladedancer</li>
		  <li>Druid</li>
		  <li>Priest</li>
		  <li>Ranger</li>
		  <li>Lich</li>
		  <li>TM_Bard</li>
		  <li>Faceless</li>
		  <li>Succubus</li>
		  <li>Warlock</li>
		  <li>TM_Psionic</li>
		  <li>Geomancer</li>
		  <li>Technomancer</li>
		  <li>DeathKnight</li>
		  <li>Enchanter</li>		  
		  <li>BloodMage</li>
		  <li>Chronomancer</li>
		  <li>TM_Monk</li>
		  <li>TM_Wanderer</li>
		  <li>TM_Wayfarer</li>
		  <li>ChaosMage</li>
		  <li>TM_SuperSoldier</li>
		  <li>TM_Commander</li>
		</conflictingTraits>	
	</TraitDef>
	
	<TraitDef>
		<defName>Lich</defName>
		<ignoreConfigErrors>true</ignoreConfigErrors>
		<commonality>0</commonality>
		<disabledWorkTags> 
			<li>Caring</li>
			<li>Social</li>
			<li>Animals</li>
			<li>Artistic</li>
		    <li>ManualDumb</li>
<!-- 			<li>ManualSkilled</li> -->
			<li>Firefighting</li>
		</disabledWorkTags>
		<degreeDatas>	
		  <li>
			<label>Lich</label>
			<description>[PAWN_nameDef] has transformed into a lich, forsaking life in exchange for an power and an immortal existence, choosing to employ undead for menial tasks.</description>
			<degree>4</degree>
			<statOffsets>
				<MoveSpeed>-2</MoveSpeed>
				<ComfyTemperatureMin>-40</ComfyTemperatureMin>
				<ImmunityGainSpeed>1</ImmunityGainSpeed>
				<ToxicSensitivity>-1</ToxicSensitivity>
				<MentalBreakThreshold>-0.2</MentalBreakThreshold>
				<GlobalLearningFactor>-0.4</GlobalLearningFactor>
				<TradePriceImprovement>-0.5</TradePriceImprovement>
				<NegotiationAbility>-.5</NegotiationAbility>
				<WorkSpeedGlobal>-.75</WorkSpeedGlobal>
			</statOffsets>
			<skillGains>
			  <li>
				<key>Intellectual</key>
				<value>2</value>
			  </li>
			</skillGains>
			<theOnlyAllowedMentalBreaks>
				<li>SadisticRage</li>
				<li>CorpseObsession</li>
				<li>MurderousRage</li>
				<li>Slaughterer</li>
			</theOnlyAllowedMentalBreaks>
			<disallowedMentalStates>
				<li>WanderConfused</li>
				<li>PanicFlee</li>
				<li>Manhunter</li>
				<li>ManhunterPermanent</li>
			</disallowedMentalStates>
		  </li>
		</degreeDatas>
		<conflictingTraits>
		  <li>InnerFire</li>
		  <li>HeartOfFrost</li>
		  <li>StormBorn</li>
		  <li>Arcanist</li>
		  <li>Summoner</li>
			<li>Gifted</li>
			<li>Paladin</li>
			<li>PhysicalProdigy</li>
		  <li>Gladiator</li>
		  <li>TM_Sniper</li>
		  <li>Bladedancer</li>
		  <li>Druid</li>
		  <li>Priest</li>
		  <li>Ranger</li>
		  <li>Necromancer</li>
		  <li>TM_Bard</li>
		  <li>Faceless</li>
		  <li>Succubus</li>
		  <li>Warlock</li>
		  <li>TM_Psionic</li>
		  <li>Geomancer</li>
		  <li>Technomancer</li>
		  <li>DeathKnight</li>
		  <li>Enchanter</li>		  
		  <li>BloodMage</li>
		  <li>Chronomancer</li>
		  <li>TM_Monk</li>
		  <li>TM_Wanderer</li>
		  <li>TM_Wayfarer</li>
		  <li>ChaosMage</li>
		  <li>TM_SuperSoldier</li>
		  <li>TM_Commander</li>
		</conflictingTraits>	
	</TraitDef>
	
	<TraitDef>
		<defName>Priest</defName>
		<ignoreConfigErrors>true</ignoreConfigErrors>
		<commonality>0</commonality>
		<disabledWorkTags>
		  <li>Violent</li>
		</disabledWorkTags>
		<degreeDatas>	
		  <li>
			<label>Priest</label>
			<description>[PAWN_nameDef] is attuned with the forces of life and healing and has taken a vow against harming others.</description>
			<degree>4</degree>
			<statOffsets>
				<MoveSpeed>0.15</MoveSpeed>
				<ImmunityGainSpeed>0.2</ImmunityGainSpeed>
				<MedicalSurgerySuccessChance>0.25</MedicalSurgerySuccessChance>
				<MedicalTendQuality>0.25</MedicalTendQuality>
				<MedicalOperationSpeed>0.25</MedicalOperationSpeed>
				<MedicalTendSpeed>0.25</MedicalTendSpeed>
				<PainShockThreshold>-.10</PainShockThreshold>
			</statOffsets>
			<skillGains>
				<li>
					<key>Medicine</key>
					<value>2</value>
				</li>
			</skillGains>
		  </li>
		</degreeDatas>
		<conflictingTraits>
		  <li>InnerFire</li>
		  <li>HeartOfFrost</li>
		  <li>StormBorn</li>
		  <li>Arcanist</li>
		  <li>Summoner</li>
			<li>Gifted</li>
			<li>Paladin</li>
			<li>PhysicalProdigy</li>
		  <li>Gladiator</li>
		  <li>TM_Sniper</li>
		  <li>Bladedancer</li>
		  <li>Druid</li>
		  <li>Necromancer</li>
		  <li>Psychopath</li>
		  <li>Bloodlust</li>
		  <li>Ranger</li>
		  <li>Lich</li>
		  <li>TM_Bard</li>
		  <li>Faceless</li>
		  <li>Succubus</li>
		  <li>Warlock</li>
		  <li>TM_Psionic</li>
		  <li>Geomancer</li>
		  <li>Technomancer</li>
		  <li>DeathKnight</li>
		  <li>Enchanter</li>		  
		  <li>BloodMage</li>
		  <li>Chronomancer</li>
		  <li>TM_Monk</li>
		  <li>TM_Wanderer</li>
		  <li>TM_Wayfarer</li>
		  <li>ChaosMage</li>
		  <li>TM_SuperSoldier</li>
		  <li>TM_Commander</li>
		</conflictingTraits>	
	</TraitDef>
	

	<TraitDef>
		<defName>TM_Bard</defName>
		<ignoreConfigErrors>true</ignoreConfigErrors>
		<commonality>0</commonality>	
		<disabledWorkTags>
		  <li>ManualDumb</li>
		</disabledWorkTags>		
		<degreeDatas>	
		  <li>
			<label>Entertainer</label>
			<commonality>0.1</commonality>
			<description>[PAWN_nameDef] is a natural entertainer, able to lighten the mood and lift the spirits of everyone around [PAWN_objective].</description>
			<degree>0</degree>
				<statOffsets>
					<SocialImpact>0.10</SocialImpact>
					<NegotiationAbility>0.20</NegotiationAbility>
					<TradePriceImprovement>0.10</TradePriceImprovement>
                    <PainShockThreshold>-0.10</PainShockThreshold>
					<CarryingCapacity>-10</CarryingCapacity>
					<WorkSpeedGlobal>-0.10</WorkSpeedGlobal>					
                </statOffsets>
		  </li>
		  <li>
			<label>Performer</label>
			<commonality>0</commonality>
			<description>[PAWN_nameDef] is a performer; expanding on natural talent, [PAWN_pronoun] has begun to take an conscious role to improve the mood of other colonists.</description>
			<degree>1</degree>
				<statOffsets>
					<SocialImpact>0.20</SocialImpact>
					<NegotiationAbility>0.30</NegotiationAbility>
					<TradePriceImprovement>0.15</TradePriceImprovement>
                    <PainShockThreshold>-0.12</PainShockThreshold>
					<CarryingCapacity>-15</CarryingCapacity>
					<WorkSpeedGlobal>-0.12</WorkSpeedGlobal>
                </statOffsets>
		  </li>
		  <li>
			<label>Minstrel</label>
			<commonality>0</commonality>
			<description>Everyone loves being around [PAWN_nameDef]. [PAWN_pronoun] has talent, wit and skill in many forms of entertainment and is able to make a personal connection with almost everyone.</description>
			<degree>2</degree>
				<statOffsets>
					<SocialImpact>0.30</SocialImpact>
					<NegotiationAbility>0.35</NegotiationAbility>
					<TradePriceImprovement>0.20</TradePriceImprovement>
                    <PainShockThreshold>-0.14</PainShockThreshold>
					<CarryingCapacity>-18</CarryingCapacity>
					<WorkSpeedGlobal>-0.14</WorkSpeedGlobal>
                </statOffsets>
		  </li>
		  <li>
			<label>Bard</label>
			<commonality>0</commonality>
			<description>[PAWN_nameDef] is a master entertainer. Sharp wit, deft hands, and dry humor are [PAWN_possessive] weapons, and [PAWN_pronoun] is a master of all [PAWN_possessive] weapons.</description>
			<degree>3</degree>
				<statOffsets>
					<SocialImpact>0.35</SocialImpact>
					<NegotiationAbility>0.40</NegotiationAbility>
					<TradePriceImprovement>0.25</TradePriceImprovement>
                    <PainShockThreshold>-0.15</PainShockThreshold>
					<CarryingCapacity>-20</CarryingCapacity>
					<WorkSpeedGlobal>-0.15</WorkSpeedGlobal>
                </statOffsets>
		  </li>
		</degreeDatas>
		<conflictingTraits>
		  <li>PhysicalProdigy</li>
		  <li>InnerFire</li>
		  <li>HeartOfFrost</li>
		  <li>Arcanist</li>
		  <li>StormBorn</li>
		  <li>Summoner</li>
		  <li>Gifted</li>
	      <li>Paladin</li>
		  <li>Gladiator</li>
		  <li>Druid</li>
		  <li>TM_Sniper</li>
		  <li>Necromancer</li>
		  <li>Priest</li>
		  <li>Bladedancer</li>
		  <li>Lich</li>
		  <li>Ranger</li>
		  <li>Faceless</li>
		  <li>Succubus</li>
		  <li>Warlock</li>
		  <li>TM_Psionic</li>
		  <li>Geomancer</li>
		  <li>Technomancer</li>
		  <li>DeathKnight</li>
		  <li>Enchanter</li>		  
		  <li>BloodMage</li>
		  <li>Chronomancer</li>
		  <li>TM_Monk</li>
		  <li>TM_Wanderer</li>
		  <li>TM_Wayfarer</li>
		  <li>ChaosMage</li>
		  <li>TM_SuperSoldier</li>
		  <li>TM_Commander</li>
		</conflictingTraits>	
	</TraitDef>
	
	<TraitDef>
		<defName>Succubus</defName>
		<ignoreConfigErrors>true</ignoreConfigErrors>
		<commonality>0</commonality>
		<degreeDatas>	
		  <li>
			<label>Succubus</label>
			<description>[PAWN_nameDef] has a strange genetic strain that grants her enhanced physical attributes. She is also extremely attractive with an exotic facial structure that captures the eye. A succubus is more likely to exploit her physical advantages and have others do her work for her. [PAWN_possessive] succubus charm has its disadvantages and can cause some to become jealous and even despise [PAWN_objective].</description>
			<degree>4</degree>
				<statOffsets>
                    <MoveSpeed>.20</MoveSpeed>
					<WorkSpeedGlobal>-0.2</WorkSpeedGlobal>
                    <ImmunityGainSpeed>.15</ImmunityGainSpeed>
					<TradePriceImprovement>0.10</TradePriceImprovement>
					<NegotiationAbility>0.20</NegotiationAbility>
					<CarryingCapacity>-20</CarryingCapacity>
					<GlobalLearningFactor>-0.20</GlobalLearningFactor>
					<MeleeDodgeChance>5</MeleeDodgeChance>
					<ResearchSpeed>-.20</ResearchSpeed>
					<AimingDelayFactor>-0.10</AimingDelayFactor>
					<MeleeHitChance>5</MeleeHitChance>
					<ComfyTemperatureMax>+25</ComfyTemperatureMax>
					<ComfyTemperatureMin>-5</ComfyTemperatureMin>
                </statOffsets>
		  </li>
		</degreeDatas>
		<conflictingTraits>
		  <li>PhysicalProdigy</li>
		  <li>InnerFire</li>
		  <li>HeartOfFrost</li>
		  <li>Arcanist</li>
		  <li>StormBorn</li>
		  <li>Summoner</li>
		  <li>Gifted</li>
	      <li>Paladin</li>
		  <li>TM_Sniper</li>
		  <li>Druid</li>
		  <li>Bladedancer</li>
		  <li>Gladiator</li>
		  <li>Necromancer</li>
		  <li>Priest</li>
		  <li>Ranger</li>
		  <li>Lich</li>
		  <li>TM_Bard</li>
		  <li>Faceless</li>
		  <li>Warlock</li>
		  <li>TM_Psionic</li>
		  <li>Geomancer</li>
		  <li>Technomancer</li>
		  <li>DeathKnight</li>
		  <li>Enchanter</li>		  
		  <li>BloodMage</li>
		  <li>Chronomancer</li>
		  <li>TM_Monk</li>
		  <li>TM_Wanderer</li>
		  <li>TM_Wayfarer</li>
		  <li>ChaosMage</li>
		  <li>TM_SuperSoldier</li>
		  <li>TM_Commander</li>
		</conflictingTraits>	
	</TraitDef>
	
	<TraitDef>
		<defName>Warlock</defName>
		<ignoreConfigErrors>true</ignoreConfigErrors>
		<commonality>0</commonality>
		<degreeDatas>	
		  <li>
			<label>Warlock</label>
			<description>[PAWN_nameDef] is a Warlock - able to manifest physical and demonic forces using his unique access to arcane power. The warlock shares the same genetic mixture as a succubus, but as a male, [PAWN_pronoun] is affected with mental enhancements that include clairvoyance and telekineses. The warlock can occasionally affect the outcome of a social interaction using their mental capabilities, regardless of how the interaction actually occurred.</description>
			<degree>4</degree>
				<statOffsets>
                    <MoveSpeed>-.10</MoveSpeed>
					<WorkSpeedGlobal>-0.2</WorkSpeedGlobal>
                    <ImmunityGainSpeed>-0.08</ImmunityGainSpeed>
					<SocialImpact>0.20</SocialImpact>
					<CarryingCapacity>-20</CarryingCapacity>
					<GlobalLearningFactor>+0.25</GlobalLearningFactor>
					<MeleeDodgeChance>-5</MeleeDodgeChance>
					<ResearchSpeed>+.25</ResearchSpeed>
					<MeleeHitChance>-5</MeleeHitChance>
					<PainShockThreshold>-0.15</PainShockThreshold>
					<PsychicSensitivity>0.40</PsychicSensitivity>
					<ComfyTemperatureMax>+10</ComfyTemperatureMax>
					<ComfyTemperatureMin>-10</ComfyTemperatureMin>
                </statOffsets>
		  </li>
		</degreeDatas>
		<conflictingTraits>
		  <li>PhysicalProdigy</li>
		  <li>InnerFire</li>
		  <li>HeartOfFrost</li>
		  <li>Arcanist</li>
		  <li>StormBorn</li>
		  <li>Summoner</li>
		  <li>Gifted</li>
	      <li>Paladin</li>
		  <li>TM_Sniper</li>
		  <li>Druid</li>
		  <li>Bladedancer</li>
		  <li>Gladiator</li>
		  <li>Necromancer</li>
		  <li>Priest</li>
		  <li>Ranger</li>
		  <li>Lich</li>
		  <li>TM_Bard</li>
		  <li>Faceless</li>
		  <li>Succubus</li>
		  <li>TM_Psionic</li>
		  <li>Geomancer</li>
		  <li>Technomancer</li>
		  <li>DeathKnight</li>
		  <li>Enchanter</li>		  
		  <li>BloodMage</li>
		  <li>Chronomancer</li>
		  <li>TM_Monk</li>
		  <li>TM_Wanderer</li>
		  <li>TM_Wayfarer</li>
		  <li>ChaosMage</li>
		  <li>TM_SuperSoldier</li>
		  <li>TM_Commander</li>
		</conflictingTraits>	
	</TraitDef>
	
	<TraitDef>
		<defName>Geomancer</defName>
		<ignoreConfigErrors>true</ignoreConfigErrors>
		<commonality>0</commonality>
		<degreeDatas>	
		  <li>
			<label>Geomancer</label>
			<description>[PAWN_nameDef] is attuned with the earth and natural order, drawing power from the physical realm and intertwining it with arcane energy. [PAWN_pronoun] is capable of reinforcing physical elements, and bending them, as [PAWN_pronoun] needs.</description>
			<degree>4</degree>
			<statOffsets>
				<MoveSpeed>-.10</MoveSpeed>
				<ToxicSensitivity>-0.30</ToxicSensitivity>
				<ComfyTemperatureMin>-12</ComfyTemperatureMin>
				<ComfyTemperatureMax>+12</ComfyTemperatureMax>
				<MeleeDodgeChance>-5</MeleeDodgeChance>
				<MiningSpeed>.25</MiningSpeed>
				<MiningYield>.25</MiningYield>
				<CarryingCapacity>+20</CarryingCapacity>
				<WorkSpeedGlobal>-0.20</WorkSpeedGlobal>
				<MentalBreakThreshold>-0.15</MentalBreakThreshold>
				<GlobalLearningFactor>-0.2</GlobalLearningFactor>
			</statOffsets>
		  </li>
		</degreeDatas>
		<conflictingTraits>
		  <li>InnerFire</li>
		  <li>HeartOfFrost</li>
		  <li>StormBorn</li>
		  <li>Arcanist</li>
		  <li>Gifted</li>
		  <li>PhysicalProdigy</li>
		  <li>Paladin</li>
		  <li>Gladiator</li>
		  <li>TM_Sniper</li>
		  <li>Summoner</li>
		  <li>Druid</li>
		  <li>Bladedancer</li>
		  <li>Necromancer</li>
		  <li>Priest</li>
		  <li>Ranger</li>
		  <li>Lich</li>
		  <li>TM_Bard</li>
		  <li>Faceless</li>
		  <li>Succubus</li>
		  <li>Warlock</li>
		  <li>TM_Psionic</li>
		  <li>Technomancer</li>
		  <li>DeathKnight</li>
		  <li>Enchanter</li>		  
		  <li>BloodMage</li>
		  <li>Chronomancer</li>
		  <li>TM_Monk</li>
		  <li>TM_Wanderer</li>
		  <li>TM_Wayfarer</li>
		  <li>ChaosMage</li>
		  <li>TM_SuperSoldier</li>
		  <li>TM_Commander</li>
		</conflictingTraits>	
	</TraitDef>
	
	<TraitDef>
		<defName>Technomancer</defName>
		<ignoreConfigErrors>true</ignoreConfigErrors>
		<commonality>0</commonality>
		<degreeDatas>	
		  <li>
			<label>Technomancer</label>
			<description>[PAWN_nameDef] has learned to see magic and science as two parts of the same force and is able to use arcane power to interface directly with components of technology. [PAWN_pronoun] is capable of manipulating objects with advanced mechanics, electronics, or computing it to achieve [PAWN_possessive] goals, but has difficulty interacting with biological systems.</description>
			<degree>4</degree>
			<statOffsets>
				<SocialImpact>-0.30</SocialImpact>
				<NegotiationAbility>-0.20</NegotiationAbility>
				<TradePriceImprovement>-0.20</TradePriceImprovement>
				<TameAnimalChance>-0.20</TameAnimalChance>
				<TrainAnimalChance>-0.20</TrainAnimalChance>
				<PlantWorkSpeed>-.2</PlantWorkSpeed>
				<PlantHarvestYield>-.2</PlantHarvestYield>
				<WorkSpeedGlobal>0.20</WorkSpeedGlobal>
				<GlobalLearningFactor>0.20</GlobalLearningFactor>
				<ImmunityGainSpeed>-.06</ImmunityGainSpeed>
				<ResearchSpeed>0.25</ResearchSpeed>
				<PsychicSensitivity>0.20</PsychicSensitivity>
				<ShootingAccuracyPawn>5</ShootingAccuracyPawn>
			</statOffsets>
		  </li>
		</degreeDatas>
		<conflictingTraits>
		  <li>InnerFire</li>
		  <li>HeartOfFrost</li>
		  <li>StormBorn</li>
		  <li>Arcanist</li>
		  <li>Gifted</li>
		  <li>PhysicalProdigy</li>
		  <li>Paladin</li>
		  <li>Gladiator</li>
		  <li>TM_Sniper</li>
		  <li>Summoner</li>
		  <li>Druid</li>
		  <li>Bladedancer</li>
		  <li>Necromancer</li>
		  <li>Priest</li>
		  <li>Ranger</li>
		  <li>Lich</li>
		  <li>TM_Bard</li>
		  <li>Faceless</li>
		  <li>Succubus</li>
		  <li>Warlock</li>
		  <li>TM_Psionic</li>
		  <li>Geomancer</li>
		  <li>DeathKnight</li>
		  <li>Enchanter</li>		  
		  <li>BloodMage</li>
		  <li>Chronomancer</li>
		  <li>TM_Monk</li>
		  <li>TM_Wanderer</li>
		  <li>TM_Wayfarer</li>
		  <li>ChaosMage</li>
		  <li>TM_SuperSoldier</li>
		  <li>TM_Commander</li>
		</conflictingTraits>	
	</TraitDef>
	
	<TraitDef>
		<defName>BloodMage</defName>
		<ignoreConfigErrors>true</ignoreConfigErrors>
		<commonality>0</commonality>
		<degreeDatas>	
		  <li>
			<label>Blood Mage</label>
			<description>[PAWN_nameDef] is a blood mage and has consigned to the dark art of manipulating the life blood of living things as a means of increasing [PAWN_possessive] power.\n\nAs a blood mage, [PAWN_nameDef] has learned to control the life force within and command it to [PAWN_possessive] will. [PAWN_possessive] connection to life makes it easier to associate with other living things, but doesn't appreciate effort without immediate results.</description>
			<degree>4</degree>
			<statOffsets>
				<SocialImpact>0.20</SocialImpact>
				<NegotiationAbility>0.15</NegotiationAbility>
				<TradePriceImprovement>0.10</TradePriceImprovement>
				<TameAnimalChance>0.15</TameAnimalChance>
				<TrainAnimalChance>0.10</TrainAnimalChance>
				<GlobalLearningFactor>-0.20</GlobalLearningFactor>	
				<ResearchSpeed>-0.30</ResearchSpeed>
				<ImmunityGainSpeed>0.10</ImmunityGainSpeed>
			</statOffsets>
		  </li>
		</degreeDatas>
		<conflictingTraits>
		  <li>InnerFire</li>
		  <li>HeartOfFrost</li>
		  <li>StormBorn</li>
		  <li>Arcanist</li>
		  <li>Gifted</li>
		  <li>PhysicalProdigy</li>
		  <li>Paladin</li>
		  <li>Gladiator</li>
		  <li>TM_Sniper</li>
		  <li>Summoner</li>
		  <li>Druid</li>
		  <li>Bladedancer</li>
		  <li>Necromancer</li>
		  <li>Priest</li>
		  <li>Ranger</li>
		  <li>Lich</li>
		  <li>TM_Bard</li>
		  <li>Faceless</li>
		  <li>Succubus</li>
		  <li>Warlock</li>
		  <li>TM_Psionic</li>
		  <li>Geomancer</li>
		  <li>Technomancer</li>
		  <li>Enchanter</li>
		  <li>DeathKnight</li>
		  <li>Chronomancer</li>
		  <li>TM_Monk</li>
		  <li>TM_Wanderer</li>
		  <li>TM_Wayfarer</li>
		  <li>ChaosMage</li>
		  <li>TM_SuperSoldier</li>
		  <li>TM_Commander</li>
		</conflictingTraits>	
	</TraitDef>
	
	<TraitDef>
		<defName>Enchanter</defName>
		<ignoreConfigErrors>true</ignoreConfigErrors>
		<commonality>0</commonality>
		<degreeDatas>	
		  <li>
			<label>Enchanter</label>
			<description>[PAWN_nameDef] is an enchanter, attuned to the composition of matter and materials. [PAWN_pronoun] can manipulate matter to [PAWN_possessive] will, frequently in unnatural ways, and [PAWN_possessive] powers of transmutation can be permanent when sufficient effort is applied.</description>
			<degree>4</degree>
			<statOffsets>
				<TameAnimalChance>-0.15</TameAnimalChance>
				<TrainAnimalChance>-0.15</TrainAnimalChance>
				<GlobalLearningFactor>0.10</GlobalLearningFactor>	
				<WorkSpeedGlobal>0.10</WorkSpeedGlobal>
				<ComfyTemperatureMin>+3</ComfyTemperatureMin>
				<ComfyTemperatureMax>-3</ComfyTemperatureMax>
				<ToxicSensitivity>.10</ToxicSensitivity>
				<ImmunityGainSpeed>-.03</ImmunityGainSpeed>
				<PainShockThreshold>-.10</PainShockThreshold>
			</statOffsets>
		  </li>
		</degreeDatas>
		<conflictingTraits>
		  <li>InnerFire</li>
		  <li>HeartOfFrost</li>
		  <li>StormBorn</li>
		  <li>Arcanist</li>
		  <li>Gifted</li>
		  <li>PhysicalProdigy</li>
		  <li>Paladin</li>
		  <li>Gladiator</li>
		  <li>TM_Sniper</li>
		  <li>Summoner</li>
		  <li>Druid</li>
		  <li>Bladedancer</li>
		  <li>Necromancer</li>
		  <li>Priest</li>
		  <li>Ranger</li>
		  <li>Lich</li>
		  <li>TM_Bard</li>
		  <li>Faceless</li>
		  <li>Succubus</li>
		  <li>Warlock</li>
		  <li>TM_Psionic</li>
		  <li>Geomancer</li>
		  <li>Technomancer</li>
		  <li>BloodMage</li>
		  <li>DeathKnight</li>
		  <li>Chronomancer</li>
		  <li>TM_Monk</li>
		  <li>TM_Wanderer</li>
		  <li>TM_Wayfarer</li>
		  <li>ChaosMage</li>
		  <li>TM_SuperSoldier</li>
		  <li>TM_Commander</li>
		</conflictingTraits>	
	</TraitDef>
	
	<TraitDef>
		<defName>Chronomancer</defName>
		<ignoreConfigErrors>true</ignoreConfigErrors>
		<commonality>0</commonality>
		<degreeDatas>	
		  <li>
			<label>Chronomancer</label>
			<description>[PAWN_nameDef] is a chronomancer. Through arcane sight, [PAWN_pronoun] is able to view reality as it once was and as it could be, and can manipulate objects between those realities.</description>
			<degree>4</degree>
			<statOffsets>
				<GlobalLearningFactor>0.25</GlobalLearningFactor>
				<ResearchSpeed>0.40</ResearchSpeed>				
				<WorkSpeedGlobal>-0.20</WorkSpeedGlobal>
				<PainShockThreshold>-0.10</PainShockThreshold>
				<PsychicSensitivity>0.10</PsychicSensitivity>
			</statOffsets>
		  </li>
		</degreeDatas>
		<conflictingTraits>
		  <li>InnerFire</li>
		  <li>HeartOfFrost</li>
		  <li>StormBorn</li>
		  <li>Arcanist</li>
		  <li>Gifted</li>
		  <li>PhysicalProdigy</li>
		  <li>Paladin</li>
		  <li>Gladiator</li>
		  <li>TM_Sniper</li>
		  <li>Summoner</li>
		  <li>Druid</li>
		  <li>Bladedancer</li>
		  <li>Necromancer</li>
		  <li>Priest</li>
		  <li>Ranger</li>
		  <li>Lich</li>
		  <li>TM_Bard</li>
		  <li>Faceless</li>
		  <li>Succubus</li>
		  <li>Warlock</li>
		  <li>TM_Psionic</li>
		  <li>Geomancer</li>
		  <li>Technomancer</li>
		  <li>BloodMage</li>
		  <li>DeathKnight</li>
		  <li>Enchanter</li>
		  <li>TM_Monk</li>
		  <li>TM_Wanderer</li>
		  <li>TM_Wayfarer</li>
		  <li>ChaosMage</li>
		  <li>TM_SuperSoldier</li>
		  <li>TM_Commander</li>
		</conflictingTraits>	
	</TraitDef>
	
	<TraitDef>
		<defName>ChaosMage</defName>
		<ignoreConfigErrors>true</ignoreConfigErrors>
		<commonality>0</commonality>
		<degreeDatas>	
		  <li>
			<label>Chaos Mage</label>
			<description>[PAWN_nameDef] has rejected all predefined magic paths and refuses to attribute objective reality in [PAWN_possessive] search for power; there are no truths, all magic is permitted. This tradition has enabled [PAWN_nameDef] to learn any type of magic, although [PAWN_pronoun] will never master any.</description>
			<degree>4</degree>
			<statOffsets>
				<GlobalLearningFactor>0.25</GlobalLearningFactor>
				<ResearchSpeed>-0.20</ResearchSpeed>				
				<WorkSpeedGlobal>-0.10</WorkSpeedGlobal>
				<PsychicSensitivity>0.5</PsychicSensitivity>
				<ImmunityGainSpeed>-.05</ImmunityGainSpeed>
			</statOffsets>
		  </li>
		</degreeDatas>
		<conflictingTraits>
		  <li>InnerFire</li>
		  <li>HeartOfFrost</li>
		  <li>StormBorn</li>
		  <li>Arcanist</li>
		  <li>Gifted</li>
		  <li>PhysicalProdigy</li>
		  <li>Paladin</li>
		  <li>Gladiator</li>
		  <li>TM_Sniper</li>
		  <li>Summoner</li>
		  <li>Druid</li>
		  <li>Bladedancer</li>
		  <li>Necromancer</li>
		  <li>Priest</li>
		  <li>Ranger</li>
		  <li>Lich</li>
		  <li>TM_Bard</li>
		  <li>Faceless</li>
		  <li>Succubus</li>
		  <li>Warlock</li>
		  <li>TM_Psionic</li>
		  <li>Geomancer</li>
		  <li>Technomancer</li>
		  <li>BloodMage</li>
		  <li>DeathKnight</li>
		  <li>Enchanter</li>
		  <li>TM_Monk</li>
		  <li>TM_Wanderer</li>
		  <li>TM_Wayfarer</li>
		  <li>Chronomancer</li>
		  <li>TM_SuperSoldier</li>
		  <li>TM_Commander</li>
		</conflictingTraits>	
	</TraitDef>
	
	<TraitDef>
        <defName>PhysicalProdigy</defName>
        <ignoreConfigErrors>true</ignoreConfigErrors>
		<commonality>0</commonality>
        <degreeDatas>
            <li>
                <label>physically adept</label>
                <description>[PAWN_nameDef] is physically adept and has potential to learn special combat forms.</description>
						<degree>2</degree>
                <statOffsets>
                    <MoveSpeed>.20</MoveSpeed>
					<WorkSpeedGlobal>0.20</WorkSpeedGlobal>
                    <ImmunityGainSpeed>.2</ImmunityGainSpeed>
					<PsychicSensitivity>-0.2</PsychicSensitivity>
					<GlobalLearningFactor>-.20</GlobalLearningFactor>
                </statOffsets>
            </li>
        </degreeDatas>
		<conflictingTraits>
		  <li>Gladiator</li>
		  <li>InnerFire</li>
		  <li>HeartOfFrost</li>
		  <li>Summoner</li>
		  <li>Arcanist</li>
		  <li>StormBorn</li>
		  <li>Gifted</li>
	      <li>Paladin</li>
		  <li>TM_Sniper</li>
		  <li>Druid</li>
		  <li>Bladedancer</li>
		  <li>Necromancer</li>
		  <li>Priest</li>
		  <li>Ranger</li>
		  <li>Lich</li>
		  <li>TM_Bard</li>
		  <li>Faceless</li>
		  <li>Succubus</li>
		  <li>Warlock</li>
		  <li>TM_Psionic</li>
		  <li>Geomancer</li>
		  <li>Technomancer</li>
		  <li>DeathKnight</li>
		  <li>Enchanter</li>		  
		  <li>BloodMage</li>
		  <li>Chronomancer</li>
		  <li>TM_Monk</li>
		  <li>TM_Wanderer</li>
		  <li>TM_Wayfarer</li>
		  <li>ChaosMage</li>
		  <li>TM_SuperSoldier</li>
		  <li>TM_Commander</li>
		</conflictingTraits>
    </TraitDef>
	
	<TraitDef>
		<defName>TM_Wayfarer</defName>
		<ignoreConfigErrors>true</ignoreConfigErrors>
		<commonality>0</commonality>
		<degreeDatas>	
		  <li>
			<label>Wayfarer</label>
			<description>[PAWN_nameDef] is a wayfarer; an self-disciplined fighter that excels at tricks and dirty fighting. [PAWN_possessive] carefree personality has kept [PAWN_objective] from developing class abilities. Instead, [PAWN_pronoun] has learned to improve a vast number of utility abilities that allow [PAWN_objective] to adapt to any situation.

Wayfarers prefer the open road and will gain a mood boost for being in a caravan, and any caravan with a wayfarer will travel 25% faster. However, wayfarers will suffer a mood penalty if they remain at colony for too long.</description>
			<degree>4</degree>
				<statOffsets>
                    <MoveSpeed>.20</MoveSpeed>
					<WorkSpeedGlobal>-0.10</WorkSpeedGlobal>
                    <ImmunityGainSpeed>.2</ImmunityGainSpeed>
					<PsychicSensitivity>-0.10</PsychicSensitivity>
					<MentalBreakThreshold>-0.03</MentalBreakThreshold>
					<ComfyTemperatureMax>+3</ComfyTemperatureMax>
					<ComfyTemperatureMin>+3</ComfyTemperatureMin>
                </statOffsets>
		  </li>
		</degreeDatas>
		<conflictingTraits>
		  <li>HeartOfFrost</li>
		  <li>Arcanist</li>
		  <li>StormBorn</li>
		  <li>Summoner</li>
			<li>Gifted</li>
			<li>Paladin</li>
			<li>PhysicalProdigy</li>
		  <li>Gladiator</li>
		  <li>TM_Sniper</li>
		  <li>Druid</li>
		  <li>Bladedancer</li>
		  <li>Necromancer</li>
		  <li>Priest</li>
		  <li>Ranger</li>
		  <li>Lich</li>
		  <li>TM_Bard</li>
		  <li>Faceless</li>
		  <li>Succubus</li>
		  <li>Warlock</li>
		  <li>TM_Psionic</li>
		  <li>Geomancer</li>
		  <li>Technomancer</li>
		  <li>DeathKnight</li>
		  <li>Enchanter</li>		  
		  <li>BloodMage</li>
		  <li>Chronomancer</li>
		  <li>TM_Monk</li>
		  <li>InnerFire</li>
		  <li>TM_Wanderer</li>
		  <li>ChaosMage</li>
		  <li>TM_SuperSoldier</li>
		  <li>TM_Commander</li>
		</conflictingTraits>	
	</TraitDef> 
	
	<TraitDef>
		<defName>Gladiator</defName>
		<ignoreConfigErrors>true</ignoreConfigErrors>
		<commonality>0</commonality>
		<degreeDatas>	
		  <li>
			<label>Gladiator</label>
			<description>[PAWN_nameDef] has learned how to train the Gladiator combat style.</description>
			<degree>4</degree>
				<statOffsets>
                    <MoveSpeed>.20</MoveSpeed>
					<WorkSpeedGlobal>0.20</WorkSpeedGlobal>
                    <ImmunityGainSpeed>.2</ImmunityGainSpeed>
					<PsychicSensitivity>-0.6</PsychicSensitivity>
					<MentalBreakThreshold>-0.03</MentalBreakThreshold>
					<GlobalLearningFactor>-.3</GlobalLearningFactor>
					<MeleeDodgeChance>4</MeleeDodgeChance>
					<MiningSpeed>0.2</MiningSpeed>
					<MiningYield>0.2</MiningYield>
					<PlantWorkSpeed>-.25</PlantWorkSpeed>
					<PlantHarvestYield>-.2</PlantHarvestYield>
					<ResearchSpeed>-.25</ResearchSpeed>
                </statOffsets>
		  </li>
		</degreeDatas>
		<conflictingTraits>
		  <li>PhysicalProdigy</li>
		  <li>InnerFire</li>
		  <li>HeartOfFrost</li>
		  <li>Arcanist</li>
		  <li>StormBorn</li>
		  <li>Summoner</li>
		  <li>Gifted</li>
	      <li>Paladin</li>
		  <li>TM_Sniper</li>
		  <li>Druid</li>
		  <li>Bladedancer</li>
		  <li>Necromancer</li>
		  <li>Priest</li>
		  <li>Ranger</li>
		  <li>Lich</li>
		  <li>TM_Bard</li>
		  <li>Faceless</li>
		  <li>Succubus</li>
		  <li>Warlock</li>
		  <li>TM_Psionic</li>
		  <li>Geomancer</li>
		  <li>Technomancer</li>
		  <li>DeathKnight</li>
		  <li>Enchanter</li>		  
		  <li>BloodMage</li>
		  <li>Chronomancer</li>
		  <li>TM_Monk</li>
		  <li>TM_Wanderer</li>
		  <li>TM_Wayfarer</li>
		  <li>ChaosMage</li>
		  <li>TM_SuperSoldier</li>
		  <li>TM_Commander</li>
		</conflictingTraits>	
	</TraitDef>
	
	<TraitDef>
		<defName>Ranger</defName>
		<ignoreConfigErrors>true</ignoreConfigErrors>
		<commonality>0</commonality>		
		<degreeDatas>	
		  <li>
			<label>Woodsman</label>
			<commonality>0.1</commonality>
			<description>[PAWN_nameDef] is a trained woodsman; preferring the silence and lethality of a bow and armed with field-craft and cunning, [PAWN_pronoun] is prepared to defend [PAWN_possessive] land from invaders.</description>
			<degree>0</degree>
				<statOffsets>
					<MoveSpeed>.15</MoveSpeed>
					<ImmunityGainSpeed>0.20</ImmunityGainSpeed>
					<ComfyTemperatureMax>+10</ComfyTemperatureMax>
					<ComfyTemperatureMin>-10</ComfyTemperatureMin>
                    <AimingDelayFactor>-0.15</AimingDelayFactor>
					<ToxicSensitivity>-.10</ToxicSensitivity>
					<ButcheryFleshSpeed>0.05</ButcheryFleshSpeed>
					<SmeltingSpeed>-0.10</SmeltingSpeed>
					<ConstructionSpeed>-.10</ConstructionSpeed>
					<TameAnimalChance>.10</TameAnimalChance>
					<TrainAnimalChance>.10</TrainAnimalChance>
                </statOffsets>
		  </li>
		  <li>
			<label>Hunter</label>
			<commonality>0</commonality>
			<description>[PAWN_nameDef] is a hunter; [PAWN_pronoun] employs field-craft, cunning, and skill with a bow to defend [PAWN_possessive] land from invaders.</description>
			<degree>1</degree>
				<statOffsets>
					<MoveSpeed>.2</MoveSpeed>
					<ImmunityGainSpeed>0.25</ImmunityGainSpeed>
					<ComfyTemperatureMax>+15</ComfyTemperatureMax>
					<ComfyTemperatureMin>-15</ComfyTemperatureMin>
                    <AimingDelayFactor>-0.20</AimingDelayFactor>
					<ToxicSensitivity>-.15</ToxicSensitivity>
					<ButcheryFleshSpeed>0.10</ButcheryFleshSpeed>
					<SmeltingSpeed>-0.15</SmeltingSpeed>
					<ConstructionSpeed>-.15</ConstructionSpeed>
					<TameAnimalChance>.12</TameAnimalChance>
					<TrainAnimalChance>.12</TrainAnimalChance>
                </statOffsets>
		  </li>
		  <li>
			<label>Scout</label>
			<commonality>0</commonality>
			<description>[PAWN_nameDef] is a scout; comfortable in the wilds, and relied upon to be the eyes and ears of a colony. [PAWN_pronoun] employs expertise in field-craft, cunning, and the bow to defend [PAWN_possessive] land from invaders.</description>
			<degree>2</degree>
				<statOffsets>
					<MoveSpeed>.25</MoveSpeed>
					<ImmunityGainSpeed>0.3</ImmunityGainSpeed>
					<ComfyTemperatureMax>+18</ComfyTemperatureMax>
					<ComfyTemperatureMin>-18</ComfyTemperatureMin>
                    <AimingDelayFactor>-0.30</AimingDelayFactor>
					<ToxicSensitivity>-.20</ToxicSensitivity>
					<ButcheryFleshSpeed>0.15</ButcheryFleshSpeed>
					<SmeltingSpeed>-0.18</SmeltingSpeed>
					<ConstructionSpeed>-.18</ConstructionSpeed>
					<TameAnimalChance>.14</TameAnimalChance>
					<TrainAnimalChance>.14</TrainAnimalChance>
                </statOffsets>
		  </li>
		  <li>
			<label>Ranger</label>
			<commonality>0</commonality>
			<description>[PAWN_nameDef] is a ranger; master of the wilds.  [PAWN_pronoun] is a master of [PAWN_possessive] craft and defender of [PAWN_possessive] land.</description>
			<degree>3</degree>
				<statOffsets>
					<MoveSpeed>.3</MoveSpeed>
					<ImmunityGainSpeed>0.35</ImmunityGainSpeed>
					<ComfyTemperatureMax>+20</ComfyTemperatureMax>
					<ComfyTemperatureMin>-20</ComfyTemperatureMin>
                    <AimingDelayFactor>-0.40</AimingDelayFactor>
					<ToxicSensitivity>-.25</ToxicSensitivity>
					<ButcheryFleshSpeed>0.20</ButcheryFleshSpeed>
					<SmeltingSpeed>-0.20</SmeltingSpeed>
					<ConstructionSpeed>-.20</ConstructionSpeed>
					<TameAnimalChance>.15</TameAnimalChance>
					<TrainAnimalChance>.15</TrainAnimalChance>
					
                </statOffsets>
		  </li>
		</degreeDatas>
		<conflictingTraits>
		  <li>PhysicalProdigy</li>
		  <li>InnerFire</li>
		  <li>HeartOfFrost</li>
		  <li>Arcanist</li>
		  <li>StormBorn</li>
		  <li>Summoner</li>
		  <li>Gifted</li>
	      <li>Paladin</li>
		  <li>Gladiator</li>
		  <li>Druid</li>
		  <li>TM_Sniper</li>
		  <li>Necromancer</li>
		  <li>Priest</li>
		  <li>Bladedancer</li>
		  <li>Lich</li>
		  <li>TM_Bard</li>
		  <li>Faceless</li>
		  <li>Succubus</li>
		  <li>Warlock</li>
		  <li>TM_Psionic</li>
		  <li>Geomancer</li>
		  <li>Technomancer</li>
		  <li>DeathKnight</li>
		  <li>Enchanter</li>		  
		  <li>BloodMage</li>
		  <li>Chronomancer</li>
		  <li>TM_Monk</li>
		  <li>TM_Wanderer</li>
		  <li>TM_Wayfarer</li>
		  <li>ChaosMage</li>
		  <li>TM_SuperSoldier</li>
		  <li>TM_Commander</li>
		</conflictingTraits>	
	</TraitDef>
	
	<TraitDef>
		<defName>TM_Sniper</defName>
		<ignoreConfigErrors>true</ignoreConfigErrors>
		<commonality>0</commonality>
		<degreeDatas>	
		  <li>
			<label>Sharpshooter</label>
			<commonality>0.1</commonality>
			<description>[PAWN_nameDef] has trained to become a sniper, skilled in the economy and accuracy of long range, small arms combat. Training to become a sniper has caused some colonists to be uncomfortable around [PAWN_objective], not that [PAWN_pronoun] cares.</description>
			<degree>0</degree>
				<statOffsets>
					<MoveSpeed>.10</MoveSpeed>
                    <AimingDelayFactor>-0.10</AimingDelayFactor>
					<ShootingAccuracyPawn>2</ShootingAccuracyPawn>
					<ResearchSpeed>-0.10</ResearchSpeed>
					<WorkSpeedGlobal>-.10</WorkSpeedGlobal>
					<TameAnimalChance>-.10</TameAnimalChance>
					<TrainAnimalChance>-.10</TrainAnimalChance>
                </statOffsets>
		  </li>
		  <li>
			<label>Sniper</label>
			<commonality>0.0</commonality>
			<description>[PAWN_nameDef] has trained to become a sniper, skilled in the economy and accuracy of long range, small arms combat. Becoming a sniper has caused [PAWN_objective] to become distanced from other colonists and somewhat unapproachable, not that [PAWN_pronoun] cares.</description>
			<degree>1</degree>
				<statOffsets>
					<MoveSpeed>.15</MoveSpeed>
                    <AimingDelayFactor>-0.15</AimingDelayFactor>
					<ShootingAccuracyPawn>4</ShootingAccuracyPawn>
					<ResearchSpeed>-0.13</ResearchSpeed>
					<WorkSpeedGlobal>-.13</WorkSpeedGlobal>
					<TameAnimalChance>-.13</TameAnimalChance>
					<TrainAnimalChance>-.13</TrainAnimalChance>
                </statOffsets>
		  </li>
		  <li>
			<label>Master Sniper</label>
			<commonality>0.0</commonality>
			<description>[PAWN_nameDef] is a master sniper, skilled in the economy and accuracy of long range, small arms combat. Being a sniper has made [PAWN_objective] avoid other colonists, not that they care.</description>
			<degree>2</degree>
				<statOffsets>
					<MoveSpeed>.20</MoveSpeed>
                    <AimingDelayFactor>-0.22</AimingDelayFactor>
					<ShootingAccuracyPawn>6</ShootingAccuracyPawn>
					<ResearchSpeed>-0.15</ResearchSpeed>
					<WorkSpeedGlobal>-.15</WorkSpeedGlobal>
					<TameAnimalChance>-.15</TameAnimalChance>
					<TrainAnimalChance>-.15</TrainAnimalChance>
                </statOffsets>
		  </li>
		  <li>
			<label>Legendary Sniper</label>
			<commonality>0.0</commonality>
			<description>[PAWN_nameDef] is a legendary sniper, skilled in the economy and accuracy of long range, small arms combat.  Other colonists avoid eye contact and whisper in corners about how dangerous [PAWN_pronoun] is and that suits [PAWN_objective] just fine.</description>
			<degree>3</degree>
				<statOffsets>
					<MoveSpeed>.25</MoveSpeed>
                    <AimingDelayFactor>-0.30</AimingDelayFactor>
					<ShootingAccuracyPawn>8</ShootingAccuracyPawn>
					<ResearchSpeed>-0.16</ResearchSpeed>
					<WorkSpeedGlobal>-.16</WorkSpeedGlobal>
					<TameAnimalChance>-.16</TameAnimalChance>
					<TrainAnimalChance>-.16</TrainAnimalChance>
                </statOffsets>
		  </li>
		</degreeDatas>
		<conflictingTraits>
		  <li>PhysicalProdigy</li>
		  <li>InnerFire</li>
		  <li>HeartOfFrost</li>
		  <li>Arcanist</li>
		  <li>StormBorn</li>
		  <li>Summoner</li>
		  <li>Gifted</li>
	      <li>Paladin</li>
		  <li>Gladiator</li>
		  <li>Druid</li>
		  <li>Bladedancer</li>
		  <li>Necromancer</li>
		  <li>Priest</li>
		  <li>Ranger</li>
		  <li>Lich</li>
		  <li>TM_Bard</li>
		  <li>Faceless</li>
		  <li>Succubus</li>
		  <li>Warlock</li>
		  <li>TM_Psionic</li>
		  <li>Geomancer</li>
		  <li>Technomancer</li>
		  <li>DeathKnight</li>
		  <li>Enchanter</li>		  
		  <li>BloodMage</li>
		  <li>Chronomancer</li>
		  <li>TM_Monk</li>
		  <li>TM_Wanderer</li>
		  <li>TM_Wayfarer</li>
		  <li>ChaosMage</li>
		  <li>TM_SuperSoldier</li>
		  <li>TM_Commander</li>
		</conflictingTraits>	
	</TraitDef>
	
	<TraitDef>
		<defName>Bladedancer</defName>
		<ignoreConfigErrors>true</ignoreConfigErrors>
		<commonality>0</commonality>		
		<degreeDatas>	
		  <li>
			<label>Bladesman</label>
			<commonality>0.1</commonality>
			<description>[PAWN_nameDef] is training to become a master of the blade and excels at fighting in melee combat.</description>
			<degree>0</degree>
				<statOffsets>
					<MoveSpeed>.15</MoveSpeed>
                    <MentalBreakThreshold>-0.03</MentalBreakThreshold>
					<MeleeHitChance>3</MeleeHitChance>
					<MeleeDodgeChance>5</MeleeDodgeChance>
					<ShootingAccuracyPawn>-20</ShootingAccuracyPawn>
					<WorkSpeedGlobal>-.10</WorkSpeedGlobal>
                </statOffsets>
		  </li>
		  <li>
			<label>Blademaster</label>
			<commonality>0</commonality>
			<description>[PAWN_nameDef] has trained to become a sword master, dangerously skilled in melee combat.</description>
			<degree>1</degree>
				<statOffsets>
					<MoveSpeed>.20</MoveSpeed>
                    <MentalBreakThreshold>-0.05</MentalBreakThreshold>
					<MeleeHitChance>6</MeleeHitChance>
					<MeleeDodgeChance>10</MeleeDodgeChance>
					<ShootingAccuracyPawn>-25</ShootingAccuracyPawn>
					<WorkSpeedGlobal>-.08</WorkSpeedGlobal>
                </statOffsets>
		  </li>
		  <li>
			<label>Bladedancer</label>
			<commonality>0</commonality>
			<description>[PAWN_nameDef] is a blade dancer, highly skilled in melee combat.  Watching [PAWN_objective] fight is like watching a dance, every action precise and flawless as it flows from one form into another.</description>
			<degree>2</degree>
				<statOffsets>
					<MoveSpeed>.30</MoveSpeed>
                    <MentalBreakThreshold>-0.08</MentalBreakThreshold>
					<MeleeHitChance>10</MeleeHitChance>
					<MeleeDodgeChance>15</MeleeDodgeChance>
					<PainShockThreshold>0.05</PainShockThreshold>
					<ShootingAccuracyPawn>-28</ShootingAccuracyPawn>
					<WorkSpeedGlobal>-.06</WorkSpeedGlobal>
                </statOffsets>
		  </li>
		  <li>
			<label>Legendary bladedancer</label>
			<commonality>0</commonality>
			<description>[PAWN_nameDef] has become a legend, [PAWN_possessive] skill in melee combat is is known across the world. [PAWN_possessive] skill in combat makes it look as if each movement, each strike, is merely a stitch in a tapestry that depicts [PAWN_possessive] victory.</description>
			<degree>3</degree>
				<statOffsets>
					<MoveSpeed>.40</MoveSpeed>
                    <MentalBreakThreshold>-0.10</MentalBreakThreshold>
					<MeleeHitChance>15</MeleeHitChance>
					<MeleeDodgeChance>20</MeleeDodgeChance>
					<PainShockThreshold>0.10</PainShockThreshold>
					<ShootingAccuracyPawn>-30</ShootingAccuracyPawn>
					<WorkSpeedGlobal>-.05</WorkSpeedGlobal>
                </statOffsets>
		  </li>
		</degreeDatas>
		<conflictingTraits>
		  <li>PhysicalProdigy</li>
		  <li>InnerFire</li>
		  <li>HeartOfFrost</li>
		  <li>Arcanist</li>
		  <li>StormBorn</li>
		  <li>Summoner</li>
		  <li>Gifted</li>
	      <li>Paladin</li>
		  <li>Gladiator</li>
		  <li>Druid</li>
		  <li>TM_Sniper</li>
		  <li>Necromancer</li>
		  <li>Priest</li>
		  <li>Ranger</li>
		  <li>Lich</li>
		  <li>TM_Bard</li>
		  <li>Faceless</li>
		  <li>Succubus</li>
		  <li>Warlock</li>
		  <li>TM_Psionic</li>
		  <li>Geomancer</li>
		  <li>Technomancer</li>
		  <li>DeathKnight</li>
		  <li>Enchanter</li>		  
		  <li>BloodMage</li>
		  <li>Chronomancer</li>
		  <li>TM_Monk</li>
		  <li>TM_Wanderer</li>
		  <li>TM_Wayfarer</li>
		  <li>ChaosMage</li>
		  <li>TM_SuperSoldier</li>
		  <li>TM_Commander</li>
		</conflictingTraits>	
	</TraitDef>
	
	<TraitDef>
		<defName>Faceless</defName>
		<ignoreConfigErrors>true</ignoreConfigErrors>
		<commonality>0</commonality>
		<degreeDatas>	
		  <li>
			<label>Faceless</label>
			<description>[PAWN_nameDef] is a master of disguise and imitation; able to manipulate and capture the muscle and mental actions of another and release it as their own.</description>
			<degree>4</degree>
				<statOffsets>
                    <MoveSpeed>.15</MoveSpeed>
					<WorkSpeedGlobal>0.1</WorkSpeedGlobal>
                    <ImmunityGainSpeed>.1</ImmunityGainSpeed>
					<PsychicSensitivity>0.5</PsychicSensitivity>
					<MentalBreakThreshold>0.1</MentalBreakThreshold>
					<GlobalLearningFactor>0.20</GlobalLearningFactor>
					<MeleeDodgeChance>4</MeleeDodgeChance>
					<MiningSpeed>-0.1</MiningSpeed>
					<PlantWorkSpeed>-.1</PlantWorkSpeed>
					<ResearchSpeed>-.4</ResearchSpeed>
                </statOffsets>
		  </li>
		</degreeDatas>
		<conflictingTraits>
		  <li>PhysicalProdigy</li>
		  <li>InnerFire</li>
		  <li>HeartOfFrost</li>
		  <li>Arcanist</li>
		  <li>StormBorn</li>
		  <li>Summoner</li>
		  <li>Gifted</li>
	      <li>Paladin</li>
		  <li>TM_Sniper</li>
		  <li>Druid</li>
		  <li>Bladedancer</li>
		  <li>Gladiator</li>
		  <li>Necromancer</li>
		  <li>Priest</li>
		  <li>Ranger</li>
		  <li>Lich</li>
		  <li>TM_Bard</li>
		  <li>Succubus</li>
		  <li>Warlock</li>
		  <li>TM_Psionic</li>
		  <li>Geomancer</li>
		  <li>Technomancer</li>
		  <li>DeathKnight</li>
		  <li>Enchanter</li>		  
		  <li>BloodMage</li>
		  <li>Chronomancer</li>
		  <li>TM_Monk</li>
		  <li>TM_Wanderer</li>
		  <li>TM_Wayfarer</li>
		  <li>ChaosMage</li>
		  <li>TM_SuperSoldier</li>
		  <li>TM_Commander</li>
		</conflictingTraits>	
	</TraitDef>
	
	<TraitDef>
		<defName>TM_Psionic</defName>
		<ignoreConfigErrors>true</ignoreConfigErrors>
		<commonality>0</commonality>
		<degreeDatas>	
		  <li>
			<label>Psionic</label>
			<description>[PAWN_nameDef] is a Psionic - able to manifest thought into raw energy. [PAWN_pronoun] is able to project psionic energy but finds it easier and more efficient to apply it as an extension and augmentation of [PAWN_possessive] body. For this reason, [PAWN_pronoun] prefers to be free of encumbering weapons.

[PAWN_nameDef] has become less social since developing psionic powers since [PAWN_objective] can perform any task on [PAWN_possessive] own and can do without the jealousy of others.

*The regeneration rate of psionic energy is based on psychic sensitivity - reducing sensitivity to 0 will prevent psionic energy from regenerating.</description>
			<degree>4</degree>
				<statOffsets>
					<SocialImpact>-0.25</SocialImpact>
					<NegotiationAbility>-0.20</NegotiationAbility>
					<TradePriceImprovement>-0.10</TradePriceImprovement>
					<CarryingCapacity>20</CarryingCapacity>
					<MeleeDodgeChance>10</MeleeDodgeChance>
					<MeleeHitChance>10</MeleeHitChance>
					<PainShockThreshold>0.20</PainShockThreshold>
					<PsychicSensitivity>0.20</PsychicSensitivity>
                </statOffsets>
		  </li>
		</degreeDatas>
		<conflictingTraits>
		  <li>PhysicalProdigy</li>
		  <li>InnerFire</li>
		  <li>HeartOfFrost</li>
		  <li>Arcanist</li>
		  <li>StormBorn</li>
		  <li>Summoner</li>
		  <li>Gifted</li>
	      <li>Paladin</li>
		  <li>TM_Sniper</li>
		  <li>Druid</li>
		  <li>Bladedancer</li>
		  <li>Gladiator</li>
		  <li>Necromancer</li>
		  <li>Priest</li>
		  <li>Ranger</li>
		  <li>Lich</li>
		  <li>TM_Bard</li>
		  <li>Faceless</li>
		  <li>Succubus</li>
		  <li>Warlock</li>
		  <li>Geomancer</li>
		  <li>Technomancer</li>
		  <li>DeathKnight</li>
		  <li>Enchanter</li>		  
		  <li>BloodMage</li>
		  <li>Chronomancer</li>
		  <li>TM_Monk</li>
		  <li>TM_Wanderer</li>
		  <li>TM_Wayfarer</li>
		  <li>ChaosMage</li>
		  <li>TM_SuperSoldier</li>
		  <li>TM_Commander</li>
		</conflictingTraits>	
	</TraitDef>
	
	<TraitDef>
		<defName>DeathKnight</defName>
		<ignoreConfigErrors>true</ignoreConfigErrors>
		<commonality>0</commonality>
		<degreeDatas>	
		  <li>
			<label>Death Knight</label>
			<description>[PAWN_nameDef] is a Death Knight - harbinger of doom and a representative of the ever approaching inevitability of death and decay. [PAWN_possessive] solemn attitude makes most pawns uneasy and even fewer approve of [PAWN_possessive] methods.</description>
			<degree>4</degree>
				<statOffsets>
					<SocialImpact>-0.25</SocialImpact>
					<NegotiationAbility>-0.25</NegotiationAbility>
					<CarryingCapacity>30</CarryingCapacity>
					<PainShockThreshold>+0.30</PainShockThreshold>
					<PsychicSensitivity>-.25</PsychicSensitivity>				
                </statOffsets>
		  </li>
		</degreeDatas>
		<conflictingTraits>
		  <li>PhysicalProdigy</li>
		  <li>InnerFire</li>
		  <li>HeartOfFrost</li>
		  <li>Arcanist</li>
		  <li>StormBorn</li>
		  <li>Summoner</li>
		  <li>Gifted</li>
	      <li>Paladin</li>
		  <li>TM_Sniper</li>
		  <li>Druid</li>
		  <li>Bladedancer</li>
		  <li>Gladiator</li>
		  <li>Necromancer</li>
		  <li>Priest</li>
		  <li>Ranger</li>
		  <li>Lich</li>
		  <li>TM_Bard</li>
		  <li>Faceless</li>
		  <li>Succubus</li>
		  <li>Warlock</li>
		  <li>Geomancer</li>
		  <li>Technomancer</li>
		  <li>TM_Psionic</li>
		  <li>Enchanter</li>		  
		  <li>BloodMage</li>
		  <li>Chronomancer</li>
		  <li>TM_Monk</li>
		  <li>TM_Wanderer</li>
		  <li>TM_Wayfarer</li>
		  <li>ChaosMage</li>
		  <li>TM_SuperSoldier</li>
		  <li>TM_Commander</li>
		</conflictingTraits>	
	</TraitDef>
	
	<TraitDef>
		<defName>TM_Monk</defName>
		<ignoreConfigErrors>true</ignoreConfigErrors>
		<commonality>0</commonality>
		<degreeDatas>	
		  <li>
			<label>Monk</label>
			<description>[PAWN_nameDef] is a Monk, dedicated to mastering Chi - the energy that connects all life in the universe. [PAWN_pronoun] harnesses Chi to create magical effects and exceed [PAWN_possessive] physical capabilities. [PAWN_nameDef] is also able to disrupt the Chi in others, affecting their command over spells and abilities.</description>
			<degree>4</degree>
				<statOffsets>
					<MeleeDodgeChance>5</MeleeDodgeChance>
					<MeleeHitChance>5</MeleeHitChance>
					<CarryingCapacity>20</CarryingCapacity>
					<PainShockThreshold>+0.10</PainShockThreshold>
					<SocialImpact>-0.25</SocialImpact>
					<NegotiationAbility>-0.25</NegotiationAbility>					
					<PsychicSensitivity>-.80</PsychicSensitivity>	
					<TradePriceImprovement>-0.20</TradePriceImprovement>									
                </statOffsets>
		  </li>
		</degreeDatas>
		<conflictingTraits>
		  <li>PhysicalProdigy</li>
		  <li>InnerFire</li>
		  <li>HeartOfFrost</li>
		  <li>Arcanist</li>
		  <li>StormBorn</li>
		  <li>Summoner</li>
		  <li>Gifted</li>
	      <li>Paladin</li>
		  <li>TM_Sniper</li>
		  <li>Druid</li>
		  <li>Bladedancer</li>
		  <li>Gladiator</li>
		  <li>Necromancer</li>
		  <li>Priest</li>
		  <li>Ranger</li>
		  <li>Lich</li>
		  <li>TM_Bard</li>
		  <li>Faceless</li>
		  <li>Succubus</li>
		  <li>Warlock</li>
		  <li>Geomancer</li>
		  <li>Technomancer</li>
		  <li>TM_Psionic</li>
		  <li>Enchanter</li>		  
		  <li>BloodMage</li>
		  <li>Chronomancer</li>
		  <li>DeathKnight</li>
		  <li>TM_Wanderer</li>
		  <li>TM_Wayfarer</li>
		  <li>ChaosMage</li>
		  <li>TM_SuperSoldier</li>
		  <li>TM_Commander</li>
		</conflictingTraits>	
	</TraitDef>
	
	<TraitDef>
		<defName>TM_Commander</defName>
		<ignoreConfigErrors>true</ignoreConfigErrors>
		<commonality>0</commonality>
		<disabledWorkTags>
		  <li>ManualDumb</li>
		</disabledWorkTags>	
		<degreeDatas>	
		  <li>
			<label>Commander</label>
			<description>As a Commander, [PAWN_nameDef] exhibits a charismatic personality and stalwart presence that make other pawns flock to [PAWN_possessive] lead. Commander's utilize the weight of their presence to naturally inspire nearby pawns, and when that's not enough, they can issue orders that drive their followers to victory. Because [PAWN_nameDef] is used to everyone doing [PAWN_possessive] bidding, [PAWN_pronoun] considers menial tasks beneath [PAWN_possessive] status, and is generally a lackluster worker.</description>
			<degree>4</degree>
				<statOffsets>
					<SocialImpact>+0.4</SocialImpact>
					<NegotiationAbility>+0.3</NegotiationAbility>	
					<CarryingCapacity>-20</CarryingCapacity>
					<WorkSpeedGlobal>-0.3</WorkSpeedGlobal>
					<ResearchSpeed>-0.4</ResearchSpeed>									
                </statOffsets>
		  </li>
		</degreeDatas>
		<conflictingTraits>
		  <li>PhysicalProdigy</li>
		  <li>InnerFire</li>
		  <li>HeartOfFrost</li>
		  <li>Arcanist</li>
		  <li>StormBorn</li>
		  <li>Summoner</li>
		  <li>Gifted</li>
	      <li>Paladin</li>
		  <li>TM_Sniper</li>
		  <li>Druid</li>
		  <li>Bladedancer</li>
		  <li>Gladiator</li>
		  <li>Necromancer</li>
		  <li>Priest</li>
		  <li>Ranger</li>
		  <li>Lich</li>
		  <li>TM_Bard</li>
		  <li>Faceless</li>
		  <li>Succubus</li>
		  <li>Warlock</li>
		  <li>Geomancer</li>
		  <li>Technomancer</li>
		  <li>TM_Psionic</li>
		  <li>Enchanter</li>		  
		  <li>BloodMage</li>
		  <li>Chronomancer</li>
		  <li>DeathKnight</li>
		  <li>TM_Wanderer</li>
		  <li>TM_Wayfarer</li>
		  <li>ChaosMage</li>
		  <li>TM_Monk</li>
		  <li>TM_SuperSoldier</li>
		</conflictingTraits>	
	</TraitDef>
	
	<TraitDef>
		<defName>TM_SuperSoldier</defName>
		<ignoreConfigErrors>true</ignoreConfigErrors>
		<commonality>0</commonality>
		<degreeDatas>	
		  <li>
			<label>Super Soldier</label>
			<description>[PAWN_nameDef] is a highly trained Soldier, specializing in pistol, shotgun, or rifle weapons. [PAWN_possessive] weapon specialization is augmented by a standard set of combat training. Super Soldiers are trained to be aggressive and consider violence the natural solution to any argument.</description>
			<degree>4</degree>
				<statOffsets>
					<ImmunityGainSpeed>.05</ImmunityGainSpeed>
					<MoveSpeed>.1</MoveSpeed>
					<CarryingCapacity>20</CarryingCapacity>
					<PainShockThreshold>+0.25</PainShockThreshold>
					<AimingDelayFactor>-0.15</AimingDelayFactor>
					<SocialImpact>-0.25</SocialImpact>				
					<PsychicSensitivity>-.25</PsychicSensitivity>
					<WorkSpeedGlobal>-0.1</WorkSpeedGlobal>
					<GlobalLearningFactor>-0.20</GlobalLearningFactor>
                </statOffsets>
		  </li>
		</degreeDatas>
		<conflictingTraits>
		  <li>PhysicalProdigy</li>
		  <li>InnerFire</li>
		  <li>HeartOfFrost</li>
		  <li>Arcanist</li>
		  <li>StormBorn</li>
		  <li>Summoner</li>
		  <li>Gifted</li>
	      <li>Paladin</li>
		  <li>TM_Sniper</li>
		  <li>Druid</li>
		  <li>Bladedancer</li>
		  <li>Gladiator</li>
		  <li>Necromancer</li>
		  <li>Priest</li>
		  <li>Ranger</li>
		  <li>Lich</li>
		  <li>TM_Bard</li>
		  <li>Faceless</li>
		  <li>Succubus</li>
		  <li>Warlock</li>
		  <li>Geomancer</li>
		  <li>Technomancer</li>
		  <li>TM_Psionic</li>
		  <li>Enchanter</li>		  
		  <li>BloodMage</li>
		  <li>Chronomancer</li>
		  <li>DeathKnight</li>
		  <li>TM_Wanderer</li>
		  <li>TM_Wayfarer</li>
		  <li>ChaosMage</li>
		  <li>TM_Monk</li>
		  <li>TM_Commander</li>
		</conflictingTraits>	
	</TraitDef>

</Defs>