<?xml version="1.0" encoding="utf-8" ?>
<Patch>
<!-- 	<Operation Class="PatchOperationAdd">
	  <xpath>*/ThingDef[defName = "Silver"]/statBases</xpath>
	  <value>
		<StuffPower_Armor_Harmony>0.2</StuffPower_Armor_Harmony>
	  </value>
	</Operation> 
	
	<Operation Class="PatchOperationAdd">
	  <xpath>*/ThingDef[defName = "Gold"]/statBases</xpath>
	  <value>
		<StuffPower_Armor_Harmony>0.1</StuffPower_Armor_Harmony>
	  </value>
	</Operation> 
	
	<Operation Class="PatchOperationAdd">
	  <xpath>*/ThingDef[defName = "Jade"]/statBases</xpath>
	  <value>
		<StuffPower_Armor_Harmony>1.5</StuffPower_Armor_Harmony>
	  </value>
	</Operation>
	
	<Operation Class="PatchOperationAdd">
	  <xpath>*/ThingDef[defName = "DevilstrandCloth"]/statBases</xpath>
	  <value>
		<StuffPower_Armor_Harmony>0.6</StuffPower_Armor_Harmony>
	  </value>
	</Operation> -->
	
	<Operation Class="PatchOperationAdd">
	  <xpath>*/StatDef[defName = "MarketValue"]/parts</xpath>
	  <value>
		<li Class="TorannMagic.StatPart_Undead"/>
	  </value>
	</Operation>
	
</Patch>