<?xml version="1.0" encoding="utf-8" ?>
<Defs>
	<BodyPartDef>
		<defName>Skeletal_Shoulder</defName>
		<label>shoulder</label>
		<hitPoints>30</hitPoints>
		<skinCovered>false</skinCovered>
		<solid>true</solid>
		<bleedRate>0</bleedRate>
		<tags>
			<li>ManipulationLimbSegment</li>
		</tags>
	</BodyPartDef>
	<BodyPartDef>
		<defName>Skeletal_Leg</defName>
		<label>leg</label>
		<hitPoints>30</hitPoints>
		<skinCovered>false</skinCovered>
		<solid>true</solid>
		<bleedRate>0</bleedRate>
		<tags>
			<li>MovingLimbCore</li>
		</tags>
	</BodyPartDef>
	<BodyPartDef>
		<defName>Skeletal_Foot</defName>
		<label>foot</label>
		<hitPoints>20</hitPoints>
		<skinCovered>false</skinCovered>
		<solid>true</solid>
		<bleedRate>0</bleedRate>
		<tags>
			<li>MovingLimbSegment</li>
		</tags>
	</BodyPartDef>
	<BodyPartDef>
		<defName>Skeletal_Neck</defName>
		<label>neck</label>
		<hitPoints>30</hitPoints>
		<skinCovered>false</skinCovered>
		<solid>true</solid>
		<bleedRate>0</bleedRate>
	</BodyPartDef>
	<BodyPartDef>
		<defName>Skeletal_Head</defName>
		<label>head</label>
		<hitPoints>30</hitPoints>
		<skinCovered>false</skinCovered>
		<solid>true</solid>
		<bleedRate>0</bleedRate>
	</BodyPartDef>
	<BodyPartDef>
		<defName>Skeletal_Jaw</defName>
		<label>jaw</label>
		<hitPoints>20</hitPoints>
		<skinCovered>false</skinCovered>
		<solid>true</solid>
		<bleedRate>0</bleedRate>
		<tags>
			<li>EatingSource</li>
		</tags>
	</BodyPartDef>
	<BodyPartDef>
		<defName>Skeletal_Arm</defName>
		<label>arm</label>
		<hitPoints>30</hitPoints>
		<skinCovered>false</skinCovered>
		<solid>true</solid>
		<bleedRate>0</bleedRate>
		<tags>
			<li>ManipulationLimbCore</li>
		</tags>
	</BodyPartDef>
	<BodyPartDef>
		<defName>Skeletal_Hand</defName>
		<label>hand</label>
		<hitPoints>20</hitPoints>
		<solid>true</solid>
		<skinCovered>false</skinCovered>
		<bleedRate>0</bleedRate>
		<tags>
			<li>ManipulationLimbSegment</li>
		</tags>
	</BodyPartDef>
	<BodyPartDef>
		<defName>Skeletal_Finger</defName>
		<label>finger</label>
		<hitPoints>8</hitPoints>
		<solid>true</solid>
		<pawnGeneratorCanAmputate>true</pawnGeneratorCanAmputate>
		<skinCovered>false</skinCovered>
		<bleedRate>0</bleedRate>
		<tags>
			<li>ManipulationLimbDigit</li>
		</tags>
	</BodyPartDef>
	<BodyPartDef>
		<defName>Skeletal_Toe</defName>
		<label>toe</label>
		<hitPoints>8</hitPoints>
		<solid>true</solid>
		<pawnGeneratorCanAmputate>true</pawnGeneratorCanAmputate>
		<skinCovered>false</skinCovered>
		<bleedRate>0</bleedRate>
		<tags>
			<li>MovingLimbDigit</li>
		</tags>
	</BodyPartDef>
	<BodyPartDef>
		<defName>Skeletal_Ribcage</defName>
		<label>ribcage</label>
		<hitPoints>40</hitPoints>
		<solid>true</solid>
		<pawnGeneratorCanAmputate>true</pawnGeneratorCanAmputate>
		<skinCovered>false</skinCovered>
		<bleedRate>0</bleedRate>
	</BodyPartDef>
	
</Defs>
