<?xml version="1.0" encoding="utf-8" ?>
<Defs>  
  

  <ThingDef Name="TM_Base_Elemental" Abstract="True">
    <thingClass>TorannMagic.TMPawnSummoned</thingClass>
<!-- 	<thingClass>AbilityUser.PawnSummoned</thingClass> -->
    <category>Pawn</category>
    <selectable>true</selectable>
    <tickerType>Normal</tickerType>
    <altitudeLayer>Pawn</altitudeLayer>
    <useHitPoints>false</useHitPoints>
    <hasTooltip>true</hasTooltip>
    <soundImpactDefault>BulletImpact_Ground</soundImpactDefault>
	<tradeability>None</tradeability>
    <statBases>
      <Mass>120</Mass>
      <PsychicSensitivity>0</PsychicSensitivity>
      <Flammability>1</Flammability>
      <ComfyTemperatureMin>-200</ComfyTemperatureMin>
      <ComfyTemperatureMax>200</ComfyTemperatureMax>
	  <MeatAmount>0</MeatAmount>
	  <MarketValue>0</MarketValue>
    </statBases>
	<inspectorTabs>
      <li>ITab_Pawn_Health</li>
	  <li>ITab_Pawn_Needs</li>
      <li>ITab_Pawn_Character</li>
	  <li>ITab_Pawn_Log</li>
    </inspectorTabs>
    <race>
	  <fleshType>TM_StoneFlesh</fleshType>
      <body>Elemental</body>
	  <deathActionWorkerClass>TorannMagic.Elemental_DeathWorker</deathActionWorkerClass>
      <needsRest>false</needsRest>
      <hasGenders>false</hasGenders>
	  <herdMigrationAllowed>false</herdMigrationAllowed>
      <predator>true</predator>
      <foodType>OmnivoreAnimal</foodType>
      <baseHungerRate>0.01</baseHungerRate>
	  <wildness>1</wildness>	  
	  <packAnimal>false</packAnimal>
	  <herdAnimal>false</herdAnimal>
<!-- 	  <intelligence>ToolUser</intelligence> -->
	  <trainability>None</trainability>
      <thinkTreeConstant>TM_Elemental_AI_Constant</thinkTreeConstant>
      <thinkTreeMain>TM_Elemental_AI</thinkTreeMain>
      <meatLabel>elemental dust</meatLabel>
      <baseBodySize>2</baseBodySize>
    </race>
    <comps>
      <li>
        <compClass>CompAttachBase</compClass>
      </li>
    </comps>
    <drawGUIOverlay>true</drawGUIOverlay>
  </ThingDef>
  
<!--   Earth Elemental -->

  <ThingDef ParentName="TM_Base_Elemental" Name="Lesser_Earth_Elemental">
    <defName>TM_LesserEarth_ElementalR</defName>
    <label>Lesser Earth Elemental</label>
	<filthLeaving>Filth_RubbleRock</filthLeaving>
    <description>The earth elemental is a lumbering, stubborn creature made of living stone.  Its hide appears to be made out of rock and crystal with patches of mud and soil where the joints should be.  This creature is the most steadfast of all elementals, able to weather a storm of blows.  While this is a lesser elemental, it still dwarfs most humanoids and possesses a remarkable ability to defend its master.</description>
    <statBases>
	  <Mass>180</Mass>
      <MoveSpeed>3.4</MoveSpeed>
      <ArmorRating_Blunt>0.3</ArmorRating_Blunt>
      <ArmorRating_Sharp>0.9</ArmorRating_Sharp>
      <ArmorRating_Heat>0.8</ArmorRating_Heat>      
    </statBases>
	<tools>
      <li>
        <label>left arm</label>
        <capacities>
          <li>Blunt</li>
        </capacities>
        <power>10</power>
        <cooldownTime>1.8</cooldownTime>
        <linkedBodyPartsGroup>Ele_LeftArm</linkedBodyPartsGroup>
      </li>
	  <li>
        <label>right arm</label>
        <capacities>
          <li>Blunt</li>
        </capacities>
        <power>16</power>
        <cooldownTime>2.2</cooldownTime>
        <linkedBodyPartsGroup>Ele_RightArm</linkedBodyPartsGroup>
      </li>
	  <li>
        <label>horn</label>
        <capacities>
          <li>Stab</li>
        </capacities>
        <power>22</power>
        <cooldownTime>2.8</cooldownTime>
        <linkedBodyPartsGroup>Ele_Horn</linkedBodyPartsGroup>
      </li>
	</tools>
    <race>
	  <baseHealthScale>1.6</baseHealthScale>	
      <lifeExpectancy>3000</lifeExpectancy>
		<lifeStageAges>
        <li>
          <def>TM_LesserElemental_Lifestage</def>
          <minAge>0</minAge>
		  <soundCall>Pawn_Thrumbo_Call</soundCall>
          <soundAngry>Pawn_Thrumbo_Angry</soundAngry>
          <soundWounded>Pawn_Thrumbo_Pain</soundWounded>
          <soundDeath>Pawn_Thrumbo_Death</soundDeath>
        </li>
      </lifeStageAges>
      <soundMeleeHitPawn>Pawn_Melee_BigBash_HitPawn</soundMeleeHitPawn>
      <soundMeleeHitBuilding>Pawn_Melee_BigBash_HitBuilding</soundMeleeHitBuilding>
      <soundMeleeMiss>Pawn_Melee_BigBash_Miss</soundMeleeMiss>      
    </race>
	<butcherProducts>
      <RawMagicyte>6</RawMagicyte>
    </butcherProducts>
  </ThingDef>
  
  <PawnKindDef>
    <defName>TM_LesserEarth_Elemental</defName>
    <label>lesser earth elemental</label>
    <race>TM_LesserEarth_ElementalR</race>
	<ecoSystemWeight>0</ecoSystemWeight>
	<canArriveManhunter>false</canArriveManhunter>
    <combatPower>800</combatPower>
<!-- 	<wildSpawn_spawnWild>false</wildSpawn_spawnWild> -->
    <defaultFactionType>TM_ElementalFaction</defaultFactionType>
    <lifeStages>
	  <li>
	    <label>lesser earth elemental</label>
        <labelPlural>earth elementals</labelPlural>
        <bodyGraphicData>
          <texPath>PawnKind/Elemental</texPath>
          <graphicClass>Graphic_Multi</graphicClass>
		  <shaderType>TransparentPostLight</shaderType>
          <drawSize>2</drawSize>
		  <color>(108, 94, 88)</color>
          <shadowData>
            <volume>(0.8, 0.6, 0.6)</volume>
            <offset>(0,0,-0.3)</offset>
          </shadowData>
        </bodyGraphicData>
      </li>
    </lifeStages>
  </PawnKindDef> 
	  

  <ThingDef ParentName="TM_Base_Elemental" Name="Earth_Elemental">
    <defName>TM_Earth_ElementalR</defName>
    <label>Earth Elemental</label>
	<filthLeaving>Filth_RubbleRock</filthLeaving>
    <description>The earth elemental is a lumbering, stubborn creature made of living stone.  Its hide appears to be made out of rock and crystal with patches of mud and soil where the joints should be.  This creature is the most steadfast of all elementals, able to weather a storm of blows.  This creature puts modern tanks to shame with its invincible skin.</description>
    <statBases>
	  <Mass>240</Mass>
      <MoveSpeed>3.4</MoveSpeed>
      <ArmorRating_Blunt>0.3</ArmorRating_Blunt>
      <ArmorRating_Sharp>0.9</ArmorRating_Sharp>
      <ArmorRating_Heat>0.8</ArmorRating_Heat>     
    </statBases>
	<tools>
      <li>
        <label>left arm</label>
        <capacities>
          <li>Blunt</li>
        </capacities>
        <power>14</power>
        <cooldownTime>1.8</cooldownTime>
        <linkedBodyPartsGroup>Ele_LeftArm</linkedBodyPartsGroup>
      </li>
	  <li>
        <label>right arm</label>
        <capacities>
          <li>Blunt</li>
        </capacities>
        <power>22</power>
        <cooldownTime>2.2</cooldownTime>
        <linkedBodyPartsGroup>Ele_RightArm</linkedBodyPartsGroup>
      </li>
	  <li>
        <label>horn</label>
        <capacities>
          <li>Stab</li>
        </capacities>
        <power>34</power>
        <cooldownTime>2.8</cooldownTime>
        <linkedBodyPartsGroup>Ele_Horn</linkedBodyPartsGroup>
      </li>
	</tools>
    <race>
	  <baseHealthScale>1.6</baseHealthScale>	
      <lifeExpectancy>15000</lifeExpectancy>
		<lifeStageAges>
        <li>
          <def>TM_Elemental_Lifestage</def>
          <minAge>3000</minAge>
		  <soundCall>Pawn_Thrumbo_Call</soundCall>
          <soundAngry>Pawn_Thrumbo_Angry</soundAngry>
          <soundWounded>Pawn_Thrumbo_Pain</soundWounded>
          <soundDeath>Pawn_Thrumbo_Death</soundDeath>
        </li>
      </lifeStageAges>
      <soundMeleeHitPawn>Pawn_Melee_BigBash_HitPawn</soundMeleeHitPawn>
      <soundMeleeHitBuilding>Pawn_Melee_BigBash_HitBuilding</soundMeleeHitBuilding>
      <soundMeleeMiss>Pawn_Melee_BigBash_Miss</soundMeleeMiss>      
    </race>
	<butcherProducts>
      <RawMagicyte>10</RawMagicyte>
    </butcherProducts>
  </ThingDef>

  <PawnKindDef>
    <defName>TM_Earth_Elemental</defName>
    <label>earth elemental</label>
    <race>TM_Earth_ElementalR</race>
    <combatPower>1200</combatPower>	
    <defaultFactionType>TM_ElementalFaction</defaultFactionType>
	<ecoSystemWeight>0</ecoSystemWeight>
	<canArriveManhunter>false</canArriveManhunter>
    <lifeStages>
	  <li>
	    <label>earth elemental</label>
        <labelPlural>earth elementals</labelPlural>
        <bodyGraphicData>
          <texPath>PawnKind/Elemental</texPath>
          <graphicClass>Graphic_Multi</graphicClass>
		  <shaderType>TransparentPostLight</shaderType>
          <drawSize>3.6</drawSize>
		  <color>(108, 94, 88)</color>
          <shadowData>
            <volume>(0.8, 0.6, 0.6)</volume>
            <offset>(0,0,-0.3)</offset>
          </shadowData>
        </bodyGraphicData>
      </li>
    </lifeStages>
  </PawnKindDef>
  
  <ThingDef ParentName="TM_Base_Elemental" Name="Greater_Earth_Elemental">
    <defName>TM_GreaterEarth_ElementalR</defName>
    <label>Greater Earth Elemental</label>
	<filthLeaving>Filth_RubbleRock</filthLeaving>
    <description>The earth elemental is a lumbering, stubborn monstrosity made of living stone.  Its hide appears to be made out of rock and crystal with patches of mud and soil where the joints should be. Its mouth is a cavern and there appear to be small trees or shrubs growing atop its back as if it is wearing a cloak of vegetation. This creature is the most steadfast of all elementals, able to weather a storm of blows, and this elemental is a master of its element.  The power of this creature will literally crush your foes, the only chance they have is to run.</description>
    <statBases>
	  <Mass>300</Mass>
      <MoveSpeed>3.4</MoveSpeed>
      <ArmorRating_Blunt>0.3</ArmorRating_Blunt>
      <ArmorRating_Sharp>0.9</ArmorRating_Sharp>
      <ArmorRating_Heat>0.8</ArmorRating_Heat>      
    </statBases>
	<tools>
      <li>
        <label>left arm</label>
        <capacities>
          <li>Blunt</li>
        </capacities>
        <power>18</power>
        <cooldownTime>1.8</cooldownTime>
        <linkedBodyPartsGroup>Ele_LeftArm</linkedBodyPartsGroup>
      </li>
	  <li>
        <label>right arm</label>
        <capacities>
          <li>Blunt</li>
        </capacities>
        <power>26</power>
        <cooldownTime>2.2</cooldownTime>
        <linkedBodyPartsGroup>Ele_RightArm</linkedBodyPartsGroup>
      </li>
	  <li>
        <label>horn</label>
        <capacities>
          <li>Stab</li>
        </capacities>
        <power>38</power>
        <cooldownTime>2.8</cooldownTime>
        <linkedBodyPartsGroup>Ele_Horn</linkedBodyPartsGroup>
      </li>
	</tools>
    <race>
	  <baseHealthScale>1.6</baseHealthScale>	
      <lifeExpectancy>18000</lifeExpectancy>
		<lifeStageAges>
        <li>
          <def>TM_GreaterElemental_Lifestage</def>
          <minAge>15000</minAge>
		  <soundCall>Pawn_Thrumbo_Call</soundCall>
          <soundAngry>Pawn_Thrumbo_Angry</soundAngry>
          <soundWounded>Pawn_Thrumbo_Pain</soundWounded>
          <soundDeath>Pawn_Thrumbo_Death</soundDeath>
        </li>
      </lifeStageAges>
      <soundMeleeHitPawn>Pawn_Melee_BigBash_HitPawn</soundMeleeHitPawn>
      <soundMeleeHitBuilding>Pawn_Melee_BigBash_HitBuilding</soundMeleeHitBuilding>
      <soundMeleeMiss>Pawn_Melee_BigBash_Miss</soundMeleeMiss>      
    </race>
	<butcherProducts>
      <RawMagicyte>16</RawMagicyte>
    </butcherProducts>
  </ThingDef>
 
  <PawnKindDef>
    <defName>TM_GreaterEarth_Elemental</defName>
    <label>greater earth elemental</label>
    <race>TM_GreaterEarth_ElementalR</race>
    <combatPower>1500</combatPower>
	<ecoSystemWeight>0</ecoSystemWeight>
	<canArriveManhunter>false</canArriveManhunter>
    <defaultFactionType>TM_ElementalFaction</defaultFactionType>
    <lifeStages>
	  <li>
	    <label>greater earth elemental</label>
        <labelPlural>greater earth elementals</labelPlural>
        <bodyGraphicData>
          <texPath>PawnKind/Elemental</texPath>
          <graphicClass>Graphic_Multi</graphicClass>
		  <shaderType>TransparentPostLight</shaderType>
          <drawSize>5</drawSize>
		  <color>(108, 94, 88)</color>
          <shadowData>
            <volume>(0.8, 0.6, 0.6)</volume>
            <offset>(0,0,-0.3)</offset>
          </shadowData>
        </bodyGraphicData>
      </li>
	</lifeStages>
  </PawnKindDef>
	
	<!--   Fire Elemental -->
	
	<ThingDef ParentName="TM_Base_Elemental" Name="Lesser_Fire_Elemental">
    <defName>TM_LesserFire_ElementalR</defName>
    <label>Lesser Fire Elemental</label>
	<filthLeaving>Filth_Ash</filthLeaving>
    <description>Fire elementals are vicious creatures of living flame.  They are quick and cruel in nature, specializing in destruction.  The fire elemental appears to be a mixture of oily and molten substances wreathed in flames and ash, its skin is almost fluid looking, as if it is constantly melting and reforming.  Lesser in nature, the glint in the eyes of this being are the only warning enemies will have before being consumed in its rage.</description>
    <statBases>
	  <Mass>150</Mass>
      <MoveSpeed>5</MoveSpeed>
      <ArmorRating_Blunt>.5</ArmorRating_Blunt>
      <ArmorRating_Sharp>.65</ArmorRating_Sharp>
      <ArmorRating_Heat>.95</ArmorRating_Heat>      
    </statBases>
	<tools>
      <li>
        <label>left arm</label>
        <capacities>
          <li>Blunt</li>
        </capacities>
        <power>5</power>
        <cooldownTime>1</cooldownTime>
        <linkedBodyPartsGroup>Ele_LeftArm</linkedBodyPartsGroup>
      </li>
	  <li>
        <label>right arm</label>
        <capacities>
          <li>Blunt</li>
        </capacities>
        <power>9</power>
        <cooldownTime>1.4</cooldownTime>
        <linkedBodyPartsGroup>Ele_RightArm</linkedBodyPartsGroup>
      </li>
	  <li>
        <label>horn</label>
        <capacities>
          <li>Stab</li>
        </capacities>
        <power>20</power>
        <cooldownTime>2.2</cooldownTime>
        <linkedBodyPartsGroup>Ele_Horn</linkedBodyPartsGroup>
      </li>
	</tools>
    <race>
	  <baseHealthScale>1</baseHealthScale>	
      <lifeExpectancy>3000</lifeExpectancy>
		<lifeStageAges>
        <li>
          <def>TM_LesserElemental_Lifestage</def>
          <minAge>0</minAge>
		  <soundCall>Pawn_Thrumbo_Call</soundCall>
          <soundAngry>Pawn_Thrumbo_Angry</soundAngry>
          <soundWounded>Pawn_Thrumbo_Pain</soundWounded>
          <soundDeath>Pawn_Thrumbo_Death</soundDeath>
        </li>
      </lifeStageAges>
      <soundMeleeHitPawn>Pawn_Melee_BigBash_HitPawn</soundMeleeHitPawn>
      <soundMeleeHitBuilding>Pawn_Melee_BigBash_HitBuilding</soundMeleeHitBuilding>
      <soundMeleeMiss>Pawn_Melee_BigBash_Miss</soundMeleeMiss>      
    </race>
	<butcherProducts>
      <RawMagicyte>6</RawMagicyte>
    </butcherProducts>
  </ThingDef>
  
  <PawnKindDef>
    <defName>TM_LesserFire_Elemental</defName>
    <label>lesser fire elemental</label>
    <race>TM_LesserFire_ElementalR</race>
    <combatPower>800</combatPower>
	<ecoSystemWeight>0</ecoSystemWeight>
	<canArriveManhunter>false</canArriveManhunter>
    <defaultFactionType>TM_ElementalFaction</defaultFactionType>
    <lifeStages>
	  <li>
	    <label>lesser fire elemental</label>
        <labelPlural>lesser fire elementals</labelPlural>
        <bodyGraphicData>
          <texPath>PawnKind/Elemental</texPath>
          <graphicClass>Graphic_Multi</graphicClass>
		  <shaderType>TransparentPostLight</shaderType>
          <drawSize>1.5</drawSize>
		  <color>(243,78,34)</color>
          <shadowData>
            <volume>(0.4, 0.3, 0.3)</volume>
            <offset>(0,0,-0.2)</offset>
          </shadowData>
        </bodyGraphicData>
      </li>
    </lifeStages>
  </PawnKindDef> 
	  

  <ThingDef ParentName="TM_Base_Elemental" Name="Fire_Elemental">
    <defName>TM_Fire_ElementalR</defName>
    <label>Fire Elemental</label>
	<filthLeaving>Filth_Ash</filthLeaving>
    <description>Fire elementals are vicious creatures of living flame.  They are quick and cruel in nature, specializing in destruction.  The fire elemental appears to be a mixture of oily and molten substances wreathed in flames and ash, its skin is almost fluid looking, as if it is constantly melting and reforming.  The creature bears what looks to be a wicked grin... enemies should be wary of playing with this fire.</description>
    <statBases>
	  <Mass>180</Mass>
      <MoveSpeed>5</MoveSpeed>
      <ArmorRating_Blunt>.5</ArmorRating_Blunt>
      <ArmorRating_Sharp>.65</ArmorRating_Sharp>
      <ArmorRating_Heat>.95</ArmorRating_Heat>       
    </statBases>
	<tools>
      <li>
        <label>left arm</label>
        <capacities>
          <li>Blunt</li>
        </capacities>
        <power>6</power>
        <cooldownTime>.9</cooldownTime>
        <linkedBodyPartsGroup>Ele_LeftArm</linkedBodyPartsGroup>
      </li>
	  <li>
        <label>right arm</label>
        <capacities>
          <li>Blunt</li>
        </capacities>
        <power>12</power>
        <cooldownTime>1.3</cooldownTime>
        <linkedBodyPartsGroup>Ele_RightArm</linkedBodyPartsGroup>
      </li>
	  <li>
        <label>horn</label>
        <capacities>
          <li>Stab</li>
        </capacities>
        <power>22</power>
        <cooldownTime>2</cooldownTime>
        <linkedBodyPartsGroup>Ele_Horn</linkedBodyPartsGroup>
      </li>
	</tools>
    <race>
	  <baseHealthScale>1</baseHealthScale>	
      <lifeExpectancy>15000</lifeExpectancy>
		<lifeStageAges>
        <li>
          <def>TM_Elemental_Lifestage</def>
          <minAge>3000</minAge>
		  <soundCall>Pawn_Thrumbo_Call</soundCall>
          <soundAngry>Pawn_Thrumbo_Angry</soundAngry>
          <soundWounded>Pawn_Thrumbo_Pain</soundWounded>
          <soundDeath>Pawn_Thrumbo_Death</soundDeath>
        </li>
      </lifeStageAges>
      <soundMeleeHitPawn>Pawn_Melee_BigBash_HitPawn</soundMeleeHitPawn>
      <soundMeleeHitBuilding>Pawn_Melee_BigBash_HitBuilding</soundMeleeHitBuilding>
      <soundMeleeMiss>Pawn_Melee_BigBash_Miss</soundMeleeMiss>      
    </race>
	<butcherProducts>
      <RawMagicyte>10</RawMagicyte>
    </butcherProducts>
  </ThingDef>

  <PawnKindDef>
    <defName>TM_Fire_Elemental</defName>
    <label>fire elemental</label>
    <race>TM_Fire_ElementalR</race>
    <combatPower>1200</combatPower>
	<ecoSystemWeight>0</ecoSystemWeight>
	<canArriveManhunter>false</canArriveManhunter>
    <defaultFactionType>TM_ElementalFaction</defaultFactionType>
    <lifeStages>
	  <li>
	    <label>fire elemental</label>
        <labelPlural>fire elementals</labelPlural>
        <bodyGraphicData>
          <texPath>PawnKind/Elemental</texPath>
          <graphicClass>Graphic_Multi</graphicClass>
		  <shaderType>TransparentPostLight</shaderType>
          <drawSize>3</drawSize>
		  <color>(243,78,34)</color>
          <shadowData>
            <volume>(0.4, 0.3, 0.3)</volume>
            <offset>(0,0,-0.2)</offset>
          </shadowData>
        </bodyGraphicData>
      </li>
    </lifeStages>
  </PawnKindDef>
  
  <ThingDef ParentName="TM_Base_Elemental" Name="Greater_Fire_Elemental">
    <defName>TM_GreaterFire_ElementalR</defName>
    <label>Greater Fire Elemental</label>
	<filthLeaving>Filth_Ash</filthLeaving>
    <description>Fire elementals are vicious creatures of living flame.  They are quick and cruel in nature, knowing only destruction.  The fire elemental appears to be a mixture of oily and molten substances wreathed in flames and ash.  Its skin is almost fluid looking, as if it is constantly melting and reforming.  Before you stands a prince of destruction, wearing a crown of flame upon its brow and its chest is adorned with plate of obsidian writhing in flames.  It stares at you with its single, glinting eye ready to unleash its malice.</description>
    <statBases>
	  <Mass>240</Mass>
      <MoveSpeed>5</MoveSpeed>
      <ArmorRating_Blunt>.5</ArmorRating_Blunt>
      <ArmorRating_Sharp>.65</ArmorRating_Sharp>
      <ArmorRating_Heat>.95</ArmorRating_Heat>      
    </statBases>
	<tools>
      <li>
        <label>left arm</label>
        <capacities>
          <li>Blunt</li>
        </capacities>
        <power>7</power>
        <cooldownTime>.9</cooldownTime>
        <linkedBodyPartsGroup>Ele_LeftArm</linkedBodyPartsGroup>
      </li>
	  <li>
        <label>right arm</label>
        <capacities>
          <li>Blunt</li>
        </capacities>
        <power>14</power>
        <cooldownTime>1.3</cooldownTime>
        <linkedBodyPartsGroup>Ele_RightArm</linkedBodyPartsGroup>
      </li>
	  <li>
        <label>horn</label>
        <capacities>
          <li>Stab</li>
        </capacities>
        <power>25</power>
        <cooldownTime>2</cooldownTime>
        <linkedBodyPartsGroup>Ele_Horn</linkedBodyPartsGroup>
      </li>
	</tools>
    <race>
	  <baseHealthScale>1</baseHealthScale>	
      <lifeExpectancy>18000</lifeExpectancy>
		<lifeStageAges>
        <li>
          <def>TM_GreaterElemental_Lifestage</def>
          <minAge>15000</minAge>
		  <soundCall>Pawn_Thrumbo_Call</soundCall>
          <soundAngry>Pawn_Thrumbo_Angry</soundAngry>
          <soundWounded>Pawn_Thrumbo_Pain</soundWounded>
          <soundDeath>Pawn_Thrumbo_Death</soundDeath>
        </li>
      </lifeStageAges>
      <soundMeleeHitPawn>Pawn_Melee_BigBash_HitPawn</soundMeleeHitPawn>
      <soundMeleeHitBuilding>Pawn_Melee_BigBash_HitBuilding</soundMeleeHitBuilding>
      <soundMeleeMiss>Pawn_Melee_BigBash_Miss</soundMeleeMiss>  
	</race>
	<butcherProducts>
      <RawMagicyte>16</RawMagicyte>
    </butcherProducts>
  </ThingDef>
 
  <PawnKindDef>
    <defName>TM_GreaterFire_Elemental</defName>
    <label>greater fire elemental</label>
    <race>TM_GreaterFire_ElementalR</race>
    <combatPower>1500</combatPower>
	<ecoSystemWeight>0</ecoSystemWeight>
	<canArriveManhunter>false</canArriveManhunter>
    <defaultFactionType>TM_ElementalFaction</defaultFactionType>
    <lifeStages>
	  <li>
	    <label>greater fire elemental</label>
        <labelPlural>greater fire elementals</labelPlural>
        <bodyGraphicData>
          <texPath>PawnKind/Elemental</texPath>
          <graphicClass>Graphic_Multi</graphicClass>
		  <shaderType>TransparentPostLight</shaderType>
          <drawSize>4</drawSize>
		  <color>(243,78,34)</color>
          <shadowData>
            <volume>(0.4, 0.3, 0.3)</volume>
            <offset>(0,0,-0.2)</offset>
          </shadowData>
        </bodyGraphicData>
      </li>
	</lifeStages>
  </PawnKindDef>  
  
	<!--   Water Elemental -->
	
	<ThingDef ParentName="TM_Base_Elemental" Name="Lesser_Water_Elemental">
    <defName>TM_LesserWater_ElementalR</defName>
    <label>Lesser Water Elemental</label>
	<filthLeaving>Filth_AmnioticFluid</filthLeaving>
    <description>Water elementals are creatures of living water.  They embody the spirit of unbound patience and solitude.  They appear as a swirling mass of water, sometimes seeming to take the shape of a creature or object with bits of flotsam occasionally surfacing.  They are always in motion and seem to glide or sway when moving.  The creature before you is a smaller form, but will relentlessly overcome even the strongest opponent.</description>
    <statBases>
	  <Mass>150</Mass>
      <MoveSpeed>5.6</MoveSpeed>
      <ArmorRating_Blunt>0.4</ArmorRating_Blunt>
      <ArmorRating_Sharp>0.85</ArmorRating_Sharp>
      <ArmorRating_Heat>0.2</ArmorRating_Heat>      
    </statBases>
	<tools>
      <li>
        <label>left arm</label>
        <capacities>
          <li>Blunt</li>
        </capacities>
        <power>5</power>
        <cooldownTime>1.3</cooldownTime>
        <linkedBodyPartsGroup>Ele_LeftArm</linkedBodyPartsGroup>
      </li>
	  <li>
        <label>right arm</label>
        <capacities>
          <li>Blunt</li>
        </capacities>
        <power>9</power>
        <cooldownTime>1.8</cooldownTime>
        <linkedBodyPartsGroup>Ele_RightArm</linkedBodyPartsGroup>
      </li>
	  <li>
        <label>horn</label>
        <capacities>
          <li>Stab</li>
        </capacities>
        <power>18</power>
        <cooldownTime>2.8</cooldownTime>
        <linkedBodyPartsGroup>Ele_Horn</linkedBodyPartsGroup>
      </li>
	</tools>
    <race>
	  <baseHealthScale>1.2</baseHealthScale>	
      <lifeExpectancy>3000</lifeExpectancy>
		<lifeStageAges>
        <li>
          <def>TM_LesserElemental_Lifestage</def>
          <minAge>0</minAge>
		  <soundCall>Pawn_Thrumbo_Call</soundCall>
          <soundAngry>Pawn_Thrumbo_Angry</soundAngry>
          <soundWounded>Pawn_Thrumbo_Pain</soundWounded>
          <soundDeath>Pawn_Thrumbo_Death</soundDeath>
        </li>
      </lifeStageAges>
      <soundMeleeHitPawn>Pawn_Melee_BigBash_HitPawn</soundMeleeHitPawn>
      <soundMeleeHitBuilding>Pawn_Melee_BigBash_HitBuilding</soundMeleeHitBuilding>
      <soundMeleeMiss>Pawn_Melee_BigBash_Miss</soundMeleeMiss>      
    </race>
	<butcherProducts>
      <RawMagicyte>6</RawMagicyte>
    </butcherProducts>
  </ThingDef>
  
  <PawnKindDef>
    <defName>TM_LesserWater_Elemental</defName>
    <label>lesser water elemental</label>
    <race>TM_LesserWater_ElementalR</race>
    <combatPower>800</combatPower>
	<ecoSystemWeight>0</ecoSystemWeight>
	<canArriveManhunter>false</canArriveManhunter>
    <defaultFactionType>TM_ElementalFaction</defaultFactionType>
    <lifeStages>
	  <li>
	    <label>lesser water elemental</label>
        <labelPlural>lesser water elementals</labelPlural>
        <bodyGraphicData>
          <texPath>PawnKind/Elemental</texPath>
          <graphicClass>Graphic_Multi</graphicClass>
		  <shaderType>TransparentPostLight</shaderType>
          <drawSize>1.6</drawSize>
          <color>(16, 64, 200)</color>
          <shadowData>
            <volume>(0.4, 0.3, 0.3)</volume>
            <offset>(0,0,-0.2)</offset>
          </shadowData>
        </bodyGraphicData>
      </li>
    </lifeStages>
  </PawnKindDef> 
	  

  <ThingDef ParentName="TM_Base_Elemental" Name="Water_Elemental">
    <defName>TM_Water_ElementalR</defName>
    <label>Water Elemental</label>
	<filthLeaving>Filth_AmnioticFluid</filthLeaving>
    <description>Water elementals are creatures of living water.  They embody the spirit of unbound patience and solitude.  They appear as a swirling mass of water, sometimes seeming to take the shape of a creature or object with bits of flotsam occasionally surfacing.  They are always in motion and seem to glide or sway when moving.  The elemental before you appears almost serene, but you sense a hidden danger lurking just below the surface.</description>
    <statBases>
	  <Mass>180</Mass>
      <MoveSpeed>5.6</MoveSpeed>
      <ArmorRating_Blunt>0.4</ArmorRating_Blunt>
      <ArmorRating_Sharp>0.85</ArmorRating_Sharp>
      <ArmorRating_Heat>0.2</ArmorRating_Heat>        
    </statBases>
	<tools>
      <li>
        <label>left arm</label>
        <capacities>
          <li>Blunt</li>
        </capacities>
        <power>6</power>
        <cooldownTime>1.2</cooldownTime>
        <linkedBodyPartsGroup>Ele_LeftArm</linkedBodyPartsGroup>
      </li>
	  <li>
        <label>right arm</label>
        <capacities>
          <li>Blunt</li>
        </capacities>
        <power>8</power>
        <cooldownTime>1.7</cooldownTime>
        <linkedBodyPartsGroup>Ele_RightArm</linkedBodyPartsGroup>
      </li>
	  <li>
        <label>horn</label>
        <capacities>
          <li>Stab</li>
        </capacities>
        <power>20</power>
        <cooldownTime>2.8</cooldownTime>
        <linkedBodyPartsGroup>Ele_Horn</linkedBodyPartsGroup>
      </li>
	</tools>
    <race>
	  <baseHealthScale>1.2</baseHealthScale>	
      <lifeExpectancy>15000</lifeExpectancy>
		<lifeStageAges>
        <li>
          <def>TM_Elemental_Lifestage</def>
          <minAge>3000</minAge>
		  <soundCall>Pawn_Thrumbo_Call</soundCall>
          <soundAngry>Pawn_Thrumbo_Angry</soundAngry>
          <soundWounded>Pawn_Thrumbo_Pain</soundWounded>
          <soundDeath>Pawn_Thrumbo_Death</soundDeath>
        </li>
      </lifeStageAges>
      <soundMeleeHitPawn>Pawn_Melee_BigBash_HitPawn</soundMeleeHitPawn>
      <soundMeleeHitBuilding>Pawn_Melee_BigBash_HitBuilding</soundMeleeHitBuilding>
      <soundMeleeMiss>Pawn_Melee_BigBash_Miss</soundMeleeMiss>      
    </race>
	<butcherProducts>
      <RawMagicyte>10</RawMagicyte>
    </butcherProducts>
  </ThingDef>

  <PawnKindDef>
    <defName>TM_Water_Elemental</defName>
    <label>water elemental</label>
    <race>TM_Water_ElementalR</race>
    <combatPower>1200</combatPower>
	<ecoSystemWeight>0</ecoSystemWeight>
	<canArriveManhunter>false</canArriveManhunter>
    <defaultFactionType>TM_ElementalFaction</defaultFactionType>
    <lifeStages>
	  <li>
	    <label>water elemental</label>
        <labelPlural>water elementals</labelPlural>
        <bodyGraphicData>
          <texPath>PawnKind/Elemental</texPath>
          <graphicClass>Graphic_Multi</graphicClass>
		  <shaderType>TransparentPostLight</shaderType>
          <drawSize>3.6</drawSize>
          <color>(16, 64, 200)</color>
          <shadowData>
            <volume>(0.4, 0.3, 0.3)</volume>
            <offset>(0,0,-0.2)</offset>
          </shadowData>
        </bodyGraphicData>
      </li>
    </lifeStages>
  </PawnKindDef>
  
  <ThingDef ParentName="TM_Base_Elemental" Name="Greater_Water_Elemental">
    <defName>TM_GreaterWater_ElementalR</defName>
    <label>Greater Water Elemental</label>
	<filthLeaving>Filth_AmnioticFluid</filthLeaving>
    <description>Water elementals are creatures of living water.  They embody the spirit of unbound patience and solitude.  They appear as a swirling mass of water, sometimes seeming to take the shape of a creature or object with bits of flotsam occasionally surfacing.  They are always in motion and seem to glide or sway when moving.  This enormous elemental before you has whirlpools for eyes and moves like a crashing wave.</description>
    <statBases>
	  <Mass>240</Mass>
      <MoveSpeed>5.6</MoveSpeed>
      <ArmorRating_Blunt>0.4</ArmorRating_Blunt>
      <ArmorRating_Sharp>0.85</ArmorRating_Sharp>
      <ArmorRating_Heat>0.2</ArmorRating_Heat>           
    </statBases>
	<tools>
      <li>
        <label>left arm</label>
        <capacities>
          <li>Blunt</li>
        </capacities>
        <power>8</power>
        <cooldownTime>1.2</cooldownTime>
        <linkedBodyPartsGroup>Ele_LeftArm</linkedBodyPartsGroup>
      </li>
	  <li>
        <label>right arm</label>
        <capacities>
          <li>Blunt</li>
        </capacities>
        <power>14</power>
        <cooldownTime>1.7</cooldownTime>
        <linkedBodyPartsGroup>Ele_RightArm</linkedBodyPartsGroup>
      </li>
	  <li>
        <label>horn</label>
        <capacities>
		  <li>Blunt</li>
          <li>Stab</li>
        </capacities>
        <power>30</power>
        <cooldownTime>2.8</cooldownTime>
        <linkedBodyPartsGroup>Ele_Horn</linkedBodyPartsGroup>
      </li>
	</tools>
    <race>
	  <baseHealthScale>1.2</baseHealthScale>	
      <lifeExpectancy>18000</lifeExpectancy>
		<lifeStageAges>
        <li>
          <def>TM_GreaterElemental_Lifestage</def>
          <minAge>15000</minAge>
		  <soundCall>Pawn_Thrumbo_Call</soundCall>
          <soundAngry>Pawn_Thrumbo_Angry</soundAngry>
          <soundWounded>Pawn_Thrumbo_Pain</soundWounded>
          <soundDeath>Pawn_Thrumbo_Death</soundDeath>
        </li>
      </lifeStageAges>
      <soundMeleeHitPawn>Pawn_Melee_BigBash_HitPawn</soundMeleeHitPawn>
      <soundMeleeHitBuilding>Pawn_Melee_BigBash_HitBuilding</soundMeleeHitBuilding>
      <soundMeleeMiss>Pawn_Melee_BigBash_Miss</soundMeleeMiss>      
    </race>
	<butcherProducts>
      <RawMagicyte>16</RawMagicyte>
    </butcherProducts>
  </ThingDef>
 
  <PawnKindDef>
    <defName>TM_GreaterWater_Elemental</defName>
    <label>greater water elemental</label>
    <race>TM_GreaterWater_ElementalR</race>
    <combatPower>1500</combatPower>
	<ecoSystemWeight>0</ecoSystemWeight>
	<canArriveManhunter>false</canArriveManhunter>
    <defaultFactionType>TM_ElementalFaction</defaultFactionType>
    <lifeStages>
	  <li>
	    <label>greater water elemental</label>
        <labelPlural>greater water elementals</labelPlural>
        <bodyGraphicData>
          <texPath>PawnKind/Elemental</texPath>
          <graphicClass>Graphic_Multi</graphicClass>
		  <shaderType>TransparentPostLight</shaderType>
          <drawSize>4.8</drawSize>
		  <color>(16, 64, 200)</color>
          <shadowData>
            <volume>(0.4, 0.3, 0.3)</volume>
            <offset>(0,0,-0.2)</offset>
          </shadowData>
        </bodyGraphicData>
      </li>
	</lifeStages>
  </PawnKindDef>
  
	<!--   Wind Elemental -->
	
  <ThingDef ParentName="TM_Base_Elemental" Name="Lesser_Wind_Elemental">
    <defName>TM_LesserWind_ElementalR</defName>
    <label>Lesser Wind Elemental</label>
	<filthLeaving>Mote_AirPuff</filthLeaving>	
    <description>Air elementals are beings of living wind and possess unnatural speed and agility.  The physical manifestation of the air elemental appears to rapidly shift; sometimes a hazy smoke, other times a biting whirlwind.  The air currents seem to form an barely perceptible outline of a humanoid form.  While lesser in nature, this elemental will rain vicious, stinging attacks upon its enemies.</description>
    <statBases>
	  <Mass>50</Mass>
      <MoveSpeed>8</MoveSpeed>
      <ArmorRating_Blunt>0.5</ArmorRating_Blunt>
      <ArmorRating_Sharp>0.6</ArmorRating_Sharp>
      <ArmorRating_Heat>0.4</ArmorRating_Heat>    
    </statBases>
	<tools>
      <li>
        <label>left arm</label>
        <capacities>
          <li>Blunt</li>
		  <li>Scratch</li>
        </capacities>
        <power>4</power>
        <cooldownTime>.6</cooldownTime>
        <linkedBodyPartsGroup>Ele_LeftArm</linkedBodyPartsGroup>
      </li>
	  <li>
        <label>right arm</label>
        <capacities>
          <li>Blunt</li>
		  <li>Scratch</li>
        </capacities>
        <power>6</power>
        <cooldownTime>1</cooldownTime>
        <linkedBodyPartsGroup>Ele_RightArm</linkedBodyPartsGroup>
      </li>
	  <li>
        <label>horn</label>
        <capacities>
          <li>Stab</li>
        </capacities>
        <power>14</power>
        <cooldownTime>1.2</cooldownTime>
        <linkedBodyPartsGroup>Ele_Horn</linkedBodyPartsGroup>
      </li>
	</tools>
    <race>
	  <baseHealthScale>.6</baseHealthScale>	
      <lifeExpectancy>3000</lifeExpectancy>
		<lifeStageAges>
        <li>
          <def>TM_LesserElemental_Lifestage</def>
          <minAge>0</minAge>
		  <soundCall>Pawn_Thrumbo_Call</soundCall>
          <soundAngry>Pawn_Thrumbo_Angry</soundAngry>
          <soundWounded>Pawn_Thrumbo_Pain</soundWounded>
          <soundDeath>Pawn_Thrumbo_Death</soundDeath>
        </li>
      </lifeStageAges>
      <soundMeleeHitPawn>Pawn_Melee_BigBash_HitPawn</soundMeleeHitPawn>
      <soundMeleeHitBuilding>Pawn_Melee_BigBash_HitBuilding</soundMeleeHitBuilding>
      <soundMeleeMiss>Pawn_Melee_BigBash_Miss</soundMeleeMiss>      
    </race>
	<butcherProducts>
      <RawMagicyte>6</RawMagicyte>
    </butcherProducts>
  </ThingDef>
  
  <PawnKindDef>
    <defName>TM_LesserWind_Elemental</defName>
    <label>lesser wind elemental</label>
    <race>TM_LesserWind_ElementalR</race>
    <combatPower>800</combatPower>
	<ecoSystemWeight>0</ecoSystemWeight>
	<canArriveManhunter>false</canArriveManhunter>
    <defaultFactionType>TM_ElementalFaction</defaultFactionType>
    <lifeStages>
	  <li>
	    <label>lesser wind elemental</label>
        <labelPlural>wisps</labelPlural>
        <bodyGraphicData>
          <texPath>PawnKind/Elemental</texPath>
          <graphicClass>Graphic_Multi</graphicClass>
		  <shaderType>TransparentPostLight</shaderType>
          <drawSize>1.6</drawSize>
          <color>(187, 227, 239)</color>
          <shadowData>
            <volume>(0.8, 0.6, 0.6)</volume>
            <offset>(0,0,-0.3)</offset>
          </shadowData>
        </bodyGraphicData>
      </li>
    </lifeStages>
  </PawnKindDef> 
	  

  <ThingDef ParentName="TM_Base_Elemental" Name="Wind_Elemental">
    <defName>TM_Wind_ElementalR</defName>
    <label>Wind Elemental</label>
	<filthLeaving>Mote_AirPuff</filthLeaving>	
    <description>Air elementals are beings of living wind and possess unnatural speed and agility.  The physical manifestation of the air elemental appears to rapidly shift; sometimes a hazy smoke, other times a biting whirlwind.  The air currents seem to form an barely perceptible outline of a humanoid form.  This creature possesses the power of a storm and will not hesitate to bring it to bear on its enemies.</description>
    <statBases>
	  <Mass>60</Mass>
      <MoveSpeed>8</MoveSpeed>
      <ArmorRating_Blunt>0.5</ArmorRating_Blunt>
      <ArmorRating_Sharp>0.6</ArmorRating_Sharp>
      <ArmorRating_Heat>0.4</ArmorRating_Heat>      
    </statBases>
		<tools>
      <li>
        <label>left arm</label>
        <capacities>
          <li>Blunt</li>
		  <li>Scratch</li>
        </capacities>
        <power>5</power>
        <cooldownTime>.6</cooldownTime>
        <linkedBodyPartsGroup>Ele_LeftArm</linkedBodyPartsGroup>
      </li>
	  <li>
        <label>right arm</label>
        <capacities>
          <li>Blunt</li>
		  <li>Scratch</li>
        </capacities>
        <power>8</power>
        <cooldownTime>1</cooldownTime>
        <linkedBodyPartsGroup>Ele_RightArm</linkedBodyPartsGroup>
      </li>
	  <li>
        <label>horn</label>
        <capacities>
          <li>Stab</li>
        </capacities>
        <power>16</power>
        <cooldownTime>1.2</cooldownTime>
        <linkedBodyPartsGroup>Ele_Horn</linkedBodyPartsGroup>
      </li>
	</tools>
    <race>
	  <baseHealthScale>.6</baseHealthScale>	
      <lifeExpectancy>15000</lifeExpectancy>
		<lifeStageAges>
        <li>
          <def>TM_Elemental_Lifestage</def>
          <minAge>3000</minAge>
		  <soundCall>Pawn_Thrumbo_Call</soundCall>
          <soundAngry>Pawn_Thrumbo_Angry</soundAngry>
          <soundWounded>Pawn_Thrumbo_Pain</soundWounded>
          <soundDeath>Pawn_Thrumbo_Death</soundDeath>
        </li>
      </lifeStageAges>
      <soundMeleeHitPawn>Pawn_Melee_BigBash_HitPawn</soundMeleeHitPawn>
      <soundMeleeHitBuilding>Pawn_Melee_BigBash_HitBuilding</soundMeleeHitBuilding>
      <soundMeleeMiss>Pawn_Melee_BigBash_Miss</soundMeleeMiss>      
    </race>
	<butcherProducts>
      <RawMagicyte>10</RawMagicyte>
    </butcherProducts>
  </ThingDef>

  <PawnKindDef>
    <defName>TM_Wind_Elemental</defName>
    <label>wind elemental</label>
    <race>TM_Wind_ElementalR</race>
    <combatPower>1200</combatPower>
	<ecoSystemWeight>0</ecoSystemWeight>
	<canArriveManhunter>false</canArriveManhunter>
    <defaultFactionType>TM_ElementalFaction</defaultFactionType>
    <lifeStages>
	  <li>
	    <label>wind elemental</label>
        <labelPlural>wind elementals</labelPlural>
        <bodyGraphicData>
          <texPath>PawnKind/Elemental</texPath>
          <graphicClass>Graphic_Multi</graphicClass>
		  <shaderType>TransparentPostLight</shaderType>
          <drawSize>3</drawSize>
          <color>(187, 227, 239)</color>
          <shadowData>
            <volume>(0.8, 0.6, 0.6)</volume>
            <offset>(0,0,-0.3)</offset>
          </shadowData>
        </bodyGraphicData>
      </li>
    </lifeStages>
  </PawnKindDef>
  
  <ThingDef ParentName="TM_Base_Elemental" Name="Greater_Wind_Elemental">
    <defName>TM_GreaterWind_ElementalR</defName>
    <label>Greater Wind Elemental</label>
	<filthLeaving>Mote_AirPuff</filthLeaving>	
    <description>Air elementals are beings of living wind and possess unnatural speed and agility.  The physical manifestation of the air elemental appears to rapidly shift; sometimes a hazy smoke, other times a biting whirlwind.  The air currents seem to form an barely perceptible outline of a humanoid form.  There is no doubt that this elemental is a supreme being capable of unleashing the fury of a storm.</description>
    <statBases>
	  <Mass>70</Mass>
      <MoveSpeed>8</MoveSpeed>
      <ArmorRating_Blunt>0.5</ArmorRating_Blunt>
      <ArmorRating_Sharp>0.6</ArmorRating_Sharp>
      <ArmorRating_Heat>0.4</ArmorRating_Heat>    
    </statBases>
    <tools>
      <li>
        <label>left arm</label>
        <capacities>
          <li>Blunt</li>
		  <li>Scratch</li>
        </capacities>
        <power>7</power>
        <cooldownTime>.6</cooldownTime>
        <linkedBodyPartsGroup>Ele_LeftArm</linkedBodyPartsGroup>
      </li>
	  <li>
        <label>right arm</label>
        <capacities>
          <li>Blunt</li>
		  <li>Scratch</li>
        </capacities>
        <power>11</power>
        <cooldownTime>.9</cooldownTime>
        <linkedBodyPartsGroup>Ele_RightArm</linkedBodyPartsGroup>
      </li>
	  <li>
        <label>horn</label>
        <capacities>
          <li>Stab</li>
        </capacities>
        <power>20</power>
        <cooldownTime>1.2</cooldownTime>
        <linkedBodyPartsGroup>Ele_Horn</linkedBodyPartsGroup>
      </li>
	</tools>
    <race>
	  <baseHealthScale>.6</baseHealthScale>	
      <lifeExpectancy>18000</lifeExpectancy>
		<lifeStageAges>
        <li>
          <def>TM_GreaterElemental_Lifestage</def>
          <minAge>15000</minAge>
		  <soundCall>Pawn_Thrumbo_Call</soundCall>
          <soundAngry>Pawn_Thrumbo_Angry</soundAngry>
          <soundWounded>Pawn_Thrumbo_Pain</soundWounded>
          <soundDeath>Pawn_Thrumbo_Death</soundDeath>
        </li>
      </lifeStageAges>
      <soundMeleeHitPawn>Pawn_Melee_BigBash_HitPawn</soundMeleeHitPawn>
      <soundMeleeHitBuilding>Pawn_Melee_BigBash_HitBuilding</soundMeleeHitBuilding>
      <soundMeleeMiss>Pawn_Melee_BigBash_Miss</soundMeleeMiss>      
    </race>
	<butcherProducts>
      <RawMagicyte>16</RawMagicyte>
    </butcherProducts>
  </ThingDef>
 
  <PawnKindDef>
    <defName>TM_GreaterWind_Elemental</defName>
    <label>greater wind elemental</label>
    <race>TM_GreaterWind_ElementalR</race>
    <combatPower>1500</combatPower>
	<ecoSystemWeight>0</ecoSystemWeight>
	<canArriveManhunter>false</canArriveManhunter>
    <defaultFactionType>TM_ElementalFaction</defaultFactionType>
    <lifeStages>
	  <li>
	    <label>greater wind elemental</label>
        <labelPlural>wind elementals</labelPlural>
        <bodyGraphicData>
          <texPath>PawnKind/Elemental</texPath>
          <graphicClass>Graphic_Multi</graphicClass>
		  <shaderType>TransparentPostLight</shaderType>
          <drawSize>4</drawSize>
          <color>(187, 227, 239)</color>
          <shadowData>
            <volume>(0.8, 0.6, 0.6)</volume>
            <offset>(0,0,-0.3)</offset>
          </shadowData>
        </bodyGraphicData>
      </li>
	</lifeStages>
  </PawnKindDef>
  
 
 
</Defs>
