<?xml version="1.0" encoding="utf-8" ?>
<Defs>  
  
  <ThingDef Name="TM_Base_Sentinel" Abstract="True">
    <thingClass>TorannMagic.TMPawnSummoned</thingClass>
<!-- 	<thingClass>AbilityUser.PawnSummoned</thingClass> -->
    <category>Pawn</category>
    <selectable>true</selectable>
    <tickerType>Normal</tickerType>
    <altitudeLayer>Pawn</altitudeLayer>
    <useHitPoints>false</useHitPoints>
    <hasTooltip>true</hasTooltip>
    <soundImpactDefault>BulletImpact_Ground</soundImpactDefault>
	<filthLeaving>Filth_RubbleRock</filthLeaving>
	<tradeability>None</tradeability>
    <statBases>
      <Mass>40</Mass>
      <PsychicSensitivity>0</PsychicSensitivity>
      <Flammability>0</Flammability>
      <ComfyTemperatureMin>-200</ComfyTemperatureMin>
      <ComfyTemperatureMax>200</ComfyTemperatureMax>
	  <MeatAmount>0</MeatAmount>
	  <MarketValue>0</MarketValue>
    </statBases>
	<inspectorTabs>
      <li>ITab_Pawn_Health</li>
	  <li>ITab_Pawn_Log</li>
    </inspectorTabs>
    <race>
      <body>Sentinel</body>
	  <deathActionWorkerClass>TorannMagic.Sentinel_DeathWorker</deathActionWorkerClass>
      <needsRest>false</needsRest>
      <hasGenders>false</hasGenders>
	  <fleshType>TM_StoneFlesh</fleshType>
      <predator>true</predator>
      <foodType>OmnivoreAnimal</foodType>
      <baseHungerRate>0.01</baseHungerRate>
	  <wildness>1</wildness>	  
	  <packAnimal>false</packAnimal>
	  <herdAnimal>false</herdAnimal>
<!-- 	  <intelligence>ToolUser</intelligence> -->
	  <trainability>None</trainability>
      <thinkTreeConstant>TM_Elemental_AI_Constant</thinkTreeConstant>
      <thinkTreeMain>TM_Elemental_AI</thinkTreeMain>
      <meatLabel>stone</meatLabel>
      <baseBodySize>1</baseBodySize>
	  <herdMigrationAllowed>false</herdMigrationAllowed>
    </race>
	<comps>
      <li>
        <compClass>CompAttachBase</compClass>
      </li>
	  <li>
		<compClass>TorannMagic.CompSentinel</compClass>
	  </li>
    </comps>
    <drawGUIOverlay>true</drawGUIOverlay>
  </ThingDef>
  
<!--   Lesser Sentinel -->

  <ThingDef ParentName="TM_Base_Sentinel" Name="Lesser_Sentinel">
    <defName>TM_Lesser_SentinelR</defName>
    <label>Lesser Sentinel</label>
    <description>This once inanimate stone is now viciously defending its terrain. Limbs that once seemed fused together as the same stone are now mobile... and tearing through earth and flesh alike.</description>
    <statBases>
	  <Mass>40</Mass>
      <MoveSpeed>4</MoveSpeed>
      <ArmorRating_Blunt>0.3</ArmorRating_Blunt>
      <ArmorRating_Sharp>0.6</ArmorRating_Sharp>
      <ArmorRating_Heat>0.5</ArmorRating_Heat>      
    </statBases>
	<tools>
      <li>
        <label>claws</label>
        <capacities>
          <li>Cut</li>
        </capacities>
        <power>6</power>
        <cooldownTime>1</cooldownTime>
        <linkedBodyPartsGroup>Sentinel_Claws</linkedBodyPartsGroup>
      </li>
	  <li>
        <label>teeth</label>
        <capacities>
          <li>Bite</li>
        </capacities>
        <power>12</power>
        <cooldownTime>1.6</cooldownTime>
        <linkedBodyPartsGroup>Sentinel_Teeth</linkedBodyPartsGroup>
      </li>
	</tools>
    <race>
	  <baseHealthScale>5</baseHealthScale>	
      <lifeExpectancy>600</lifeExpectancy>
		<lifeStageAges>
        <li>
          <def>TM_LesserSentinel_Lifestage</def>
          <minAge>0</minAge>
		  <soundCall>TM_DemonCallHigh</soundCall>
          <soundAngry>TM_DemonAngryHigh</soundAngry>
          <soundWounded>TM_DemonPainHigh</soundWounded>
          <soundDeath>TM_DemonDeathHigh</soundDeath>
        </li>
      </lifeStageAges>
      <soundMeleeHitPawn>TM_DemonAngryHigh</soundMeleeHitPawn>
      <soundMeleeHitBuilding>TM_DemonAngryHigh</soundMeleeHitBuilding>
      <soundMeleeMiss>TM_DemonCallHigh</soundMeleeMiss>     
    </race>
  </ThingDef>
  
  <PawnKindDef>
    <defName>TM_Lesser_Sentinel</defName>
    <label>lesser sentinel</label>
    <race>TM_Lesser_SentinelR</race>
    <combatPower>400</combatPower>
	<ecoSystemWeight>0</ecoSystemWeight>
<!-- 	<wildSpawn_spawnWild>false</wildSpawn_spawnWild> -->
    <defaultFactionType>TM_ElementalFaction</defaultFactionType>
	<canArriveManhunter>false</canArriveManhunter>
    <lifeStages>
	  <li>
	    <label>lesser sentinel</label>
        <labelPlural>stone sentinels</labelPlural>
        <bodyGraphicData>
          <texPath>PawnKind/gargoyle</texPath>
          <graphicClass>Graphic_Multi</graphicClass>
          <drawSize>1</drawSize>
		  <color>(160, 160, 160)</color>
          <shadowData>
            <volume>(0.3, 0.2, 0.2)</volume>
            <offset>(0,0,-0.1)</offset>
          </shadowData>
        </bodyGraphicData>
      </li>
    </lifeStages>
  </PawnKindDef> 
	  
<!--  Sentinel -->
  <ThingDef ParentName="TM_Base_Sentinel" Name="Sentinel">
    <defName>TM_SentinelR</defName>
    <label>Sentinel</label>
    <description>This once inanimate stone is now viciously defending its terrain. Limbs that once seemed fused together as the same stone are now mobile... and tearing through earth and flesh alike.</description>
    <statBases>
	  <Mass>50</Mass>
      <MoveSpeed>4</MoveSpeed>
      <ArmorRating_Blunt>0.33</ArmorRating_Blunt>
      <ArmorRating_Sharp>0.66</ArmorRating_Sharp>
      <ArmorRating_Heat>0.55</ArmorRating_Heat>      
    </statBases>
	<tools>
      <li>
        <label>claws</label>
        <capacities>
          <li>Cut</li>
        </capacities>
        <power>7</power>
        <cooldownTime>1</cooldownTime>
        <linkedBodyPartsGroup>Sentinel_Claws</linkedBodyPartsGroup>
      </li>
	  <li>
        <label>teeth</label>
        <capacities>
          <li>Bite</li>
        </capacities>
        <power>14</power>
        <cooldownTime>1.6</cooldownTime>
        <linkedBodyPartsGroup>Sentinel_Teeth</linkedBodyPartsGroup>
      </li>
	</tools>
    <race>
	  <baseHealthScale>5</baseHealthScale>	
      <lifeExpectancy>600</lifeExpectancy>
		<lifeStageAges>
        <li>
          <def>TM_Sentinel_Lifestage</def>
          <minAge>0</minAge>
		  <soundCall>TM_DemonCallHigh</soundCall>
          <soundAngry>TM_DemonAngryHigh</soundAngry>
          <soundWounded>TM_DemonPainHigh</soundWounded>
          <soundDeath>TM_DemonDeathHigh</soundDeath>
        </li>
      </lifeStageAges>
      <soundMeleeHitPawn>TM_DemonAngryHigh</soundMeleeHitPawn>
      <soundMeleeHitBuilding>TM_DemonAngryHigh</soundMeleeHitBuilding>
      <soundMeleeMiss>TM_DemonCallHigh</soundMeleeMiss>     
    </race>
  </ThingDef>
  
  <PawnKindDef>
    <defName>TM_Sentinel</defName>
    <label>sentinel</label>
    <race>TM_SentinelR</race>
    <combatPower>500</combatPower>
	<ecoSystemWeight>0</ecoSystemWeight>
<!-- 	<wildSpawn_spawnWild>false</wildSpawn_spawnWild> -->
    <defaultFactionType>TM_ElementalFaction</defaultFactionType>
	<canArriveManhunter>false</canArriveManhunter>
    <lifeStages>
	  <li>
	    <label>sentinel</label>
        <labelPlural>stone sentinels</labelPlural>
        <bodyGraphicData>
          <texPath>PawnKind/gargoyle</texPath>
          <graphicClass>Graphic_Multi</graphicClass>
          <drawSize>1</drawSize>
		  <color>(128, 128, 128)</color>
          <shadowData>
            <volume>(0.3, 0.2, 0.2)</volume>
            <offset>(0,0,-0.1)</offset>
          </shadowData>
        </bodyGraphicData>
      </li>
    </lifeStages>
  </PawnKindDef>
  
  <!--  Greater Sentinel -->
  <ThingDef ParentName="TM_Base_Sentinel" Name="Greater_Sentinel">
    <defName>TM_Greater_SentinelR</defName>
    <label>Greater Sentinel</label>
    <description>This once inanimate stone is now viciously defending its terrain. Limbs that once seemed fused together as the same stone are now mobile... and tearing through earth and flesh alike.</description>
    <statBases>
	  <Mass>60</Mass>
      <MoveSpeed>4</MoveSpeed>
      <ArmorRating_Blunt>0.36</ArmorRating_Blunt>
      <ArmorRating_Sharp>0.7</ArmorRating_Sharp>
      <ArmorRating_Heat>0.58</ArmorRating_Heat>      
    </statBases>
	<tools>
      <li>
        <label>claws</label>
        <capacities>
          <li>Cut</li>
        </capacities>
        <power>8</power>
        <cooldownTime>1</cooldownTime>
        <linkedBodyPartsGroup>Sentinel_Claws</linkedBodyPartsGroup>
      </li>
	  <li>
        <label>teeth</label>
        <capacities>
          <li>Bite</li>
        </capacities>
        <power>16</power>
        <cooldownTime>1.6</cooldownTime>
        <linkedBodyPartsGroup>Sentinel_Teeth</linkedBodyPartsGroup>
      </li>
	</tools>
    <race>
	  <baseHealthScale>5</baseHealthScale>	
      <lifeExpectancy>600</lifeExpectancy>
		<lifeStageAges>
        <li>
          <def>TM_GreaterSentinel_Lifestage</def>
          <minAge>0</minAge>
		  <soundCall>TM_DemonCallHigh</soundCall>
          <soundAngry>TM_DemonAngryHigh</soundAngry>
          <soundWounded>TM_DemonPainHigh</soundWounded>
          <soundDeath>TM_DemonDeathHigh</soundDeath>
        </li>
      </lifeStageAges>
      <soundMeleeHitPawn>TM_DemonAngryHigh</soundMeleeHitPawn>
      <soundMeleeHitBuilding>TM_DemonAngryHigh</soundMeleeHitBuilding>
      <soundMeleeMiss>TM_DemonCallHigh</soundMeleeMiss>     
    </race>
  </ThingDef>
  
  <PawnKindDef>
    <defName>TM_Greater_Sentinel</defName>
    <label>greater sentinel</label>
    <race>TM_Greater_SentinelR</race>
    <combatPower>600</combatPower>
	<ecoSystemWeight>0</ecoSystemWeight>
<!-- 	<wildSpawn_spawnWild>false</wildSpawn_spawnWild> -->
    <defaultFactionType>TM_ElementalFaction</defaultFactionType>
	<canArriveManhunter>false</canArriveManhunter>
    <lifeStages>
	  <li>
	    <label>greater sentinel</label>
        <labelPlural>stone sentinels</labelPlural>
        <bodyGraphicData>
          <texPath>PawnKind/gargoyle</texPath>
          <graphicClass>Graphic_Multi</graphicClass>
          <drawSize>1</drawSize>
		  <color>(96, 96, 96)</color>
          <shadowData>
            <volume>(0.3, 0.2, 0.2)</volume>
            <offset>(0,0,-0.1)</offset>
          </shadowData>
        </bodyGraphicData>
      </li>
    </lifeStages>
  </PawnKindDef>
 
</Defs>
