<?xml version="1.0" encoding="utf-8" ?>
<Defs>  

    <!-- special attack manuevers -->
	
  <ToolCapacityDef>
    <defName>TM_ShadowBurn</defName>
    <label>shadow burn</label>
  </ToolCapacityDef>
  
  <ToolCapacityDef>
    <defName>TM_DeathGaze</defName>
    <label>death stare</label>
  </ToolCapacityDef>
  
  <ManeuverDef>
    <defName>ShadowBurnMD</defName>
    <requiredCapacity>TM_ShadowBurn</requiredCapacity>
    <verb>
      <verbClass>TorannMagic.Verb_ShadowBurn</verbClass>
      <meleeDamageDef>Cut</meleeDamageDef>
    </verb>
    <logEntryDef>MeleeAttack</logEntryDef>
    <combatLogRulesHit>Maneuver_Scratch_MeleeHit</combatLogRulesHit>
    <combatLogRulesDeflect>Maneuver_Scratch_MeleeDeflect</combatLogRulesDeflect>
    <combatLogRulesMiss>Maneuver_Scratch_MeleeMiss</combatLogRulesMiss>
    <combatLogRulesDodge>Maneuver_Scratch_MeleeDodge</combatLogRulesDodge>
  </ManeuverDef>
  
  <ManeuverDef>
    <defName>DeathGazeMD</defName>
    <requiredCapacity>TM_DeathGaze</requiredCapacity>
    <verb>
      <verbClass>TorannMagic.Verb_DeathGaze</verbClass>
      <meleeDamageDef>Cut</meleeDamageDef>
    </verb>
    <logEntryDef>MeleeAttack</logEntryDef>
    <combatLogRulesHit>Maneuver_Scratch_MeleeHit</combatLogRulesHit>
    <combatLogRulesDeflect>Maneuver_Scratch_MeleeDeflect</combatLogRulesDeflect>
    <combatLogRulesMiss>Maneuver_Scratch_MeleeMiss</combatLogRulesMiss>
    <combatLogRulesDodge>Maneuver_Scratch_MeleeDodge</combatLogRulesDodge>
  </ManeuverDef>
  

  <ThingDef Name="TM_Skeletal_Base" Abstract="True">
    <thingClass>TorannMagic.TMPawnSummoned</thingClass>
    <category>Pawn</category>
    <selectable>true</selectable>
    <tickerType>Normal</tickerType>
    <altitudeLayer>Pawn</altitudeLayer>
    <useHitPoints>false</useHitPoints>
    <hasTooltip>true</hasTooltip>
    <soundImpactDefault>BulletImpact_Metal</soundImpactDefault>
	<filthLeaving>Filth_CorpseBile</filthLeaving>
	<tradeability>None</tradeability>
    <statBases>
      <Mass>100</Mass>
      <PsychicSensitivity>0</PsychicSensitivity>
	  <ToxicSensitivity>0</ToxicSensitivity>
      <Flammability>0</Flammability>
      <ComfyTemperatureMin>-200</ComfyTemperatureMin>
      <ComfyTemperatureMax>200</ComfyTemperatureMax>
	  <MeatAmount>0</MeatAmount>
	  <MarketValue>0</MarketValue>	  
    </statBases>
	<inspectorTabs>
      <li>ITab_Pawn_Health</li>
	  <li>ITab_Pawn_Needs</li>
      <li>ITab_Pawn_Character</li>
	  <li>ITab_Pawn_Log</li>
    </inspectorTabs>
    <race>
      <body>TM_Skeletal</body>
	  <deathActionWorkerClass>TorannMagic.Skeletal_DeathWorker</deathActionWorkerClass>
      <needsRest>false</needsRest>
      <hasGenders>false</hasGenders>
      <foodType>None</foodType>
	  <fleshType>TM_SkeletalFlesh</fleshType>
      <baseHungerRate>0.01</baseHungerRate>	  
<!-- 	  <intelligence>ToolUser</intelligence> -->
	  <trainability>None</trainability>
      <thinkTreeConstant>TM_Elemental_AI_Constant</thinkTreeConstant>
      <thinkTreeMain>TM_Elemental_AI</thinkTreeMain>
      <baseBodySize>1</baseBodySize>
	  <herdMigrationAllowed>false</herdMigrationAllowed>	 
	  <wildness>10</wildness>		  
	  <packAnimal>false</packAnimal>
	  <herdAnimal>false</herdAnimal>
    </race>
    <drawGUIOverlay>false</drawGUIOverlay>
  </ThingDef>
  
  
  <ThingDef ParentName="TM_Skeletal_Base" Name="TM_SkeletonLich">
    <defName>TM_SkeletonLichR</defName>
    <label>skeleton lich</label>
    <description>The withered and faded bones of an ancient lich embodied by the spirit of malevolence and hatred; whoever, or whatever, this being once was is no more; its sole purpose is to destroy all life and replace it with undeath.</description>
    <statBases>
      <MoveSpeed>4.5</MoveSpeed>
      <ArmorRating_Blunt>0.3</ArmorRating_Blunt>
      <ArmorRating_Sharp>0.7</ArmorRating_Sharp>
      <ArmorRating_Heat>2.5</ArmorRating_Heat>      
    </statBases>
	<tools>
      <li>
        <label>left hand</label>
        <capacities>
          <li>TM_ShadowBurn</li>
        </capacities>
        <power>19</power>
        <cooldownTime>1.1</cooldownTime>
        <linkedBodyPartsGroup>LeftHand</linkedBodyPartsGroup>
      </li>
	  <li>
        <label>right hand</label>
        <capacities>
          <li>TM_ShadowBurn</li>
        </capacities>
        <power>19</power>
        <cooldownTime>1.1</cooldownTime>
        <linkedBodyPartsGroup>RightHand</linkedBodyPartsGroup>
      </li>
	  <li>
        <label>death stare</label>
        <capacities>
          <li>TM_DeathGaze</li>
        </capacities>
        <power>20</power>
		<chanceFactor>.1</chanceFactor>
        <cooldownTime>2</cooldownTime>
        <linkedBodyPartsGroup>HeadAttackTool</linkedBodyPartsGroup>
      </li>
	</tools>
    <race>
	  <baseHealthScale>4.0</baseHealthScale>	
      <lifeExpectancy>2000</lifeExpectancy>
		<lifeStageAges>
        <li>
          <def>TM_SkeletonLich_Lifestage</def>
          <minAge>100</minAge>
		  <soundCall>TM_SkeletonAngry</soundCall>
          <soundAngry>TM_SkeletonAngry</soundAngry>
          <soundWounded>TM_SkeletonPain</soundWounded>
          <soundDeath>TM_SkeletonAngryLow</soundDeath>
        </li>
      </lifeStageAges>
      <soundMeleeHitPawn>TM_SkeletonPain</soundMeleeHitPawn>
      <soundMeleeHitBuilding>TM_SkeletonPainLow</soundMeleeHitBuilding>
      <soundMeleeMiss>TM_SkeletonPain</soundMeleeMiss>      
    </race>
	<butcherProducts>

    </butcherProducts>
	<comps>
		<li>
			<compClass>CompAttachBase</compClass>
		</li>
	  <li Class="TorannMagic.CompProperties_SkeletonLichController">
		<alwaysManhunter>false</alwaysManhunter>
		<maxRangeForCloseThreat>5</maxRangeForCloseThreat>
		<maxRangeForFarThreat>60</maxRangeForFarThreat>
		<chargeCooldownTicks>1480</chargeCooldownTicks>
		<rangedCooldownTicks>750</rangedCooldownTicks>
		<rangedBurstCount>3</rangedBurstCount>
		<rangedTicksBetweenBursts>5</rangedTicksBetweenBursts>
		<rangedAttackDelay>150</rangedAttackDelay>
		<aoeCooldownTicks>400</aoeCooldownTicks>
		<aoeAttackDelay>130</aoeAttackDelay>
		<knockbackCooldownTicks>1500</knockbackCooldownTicks>
		<knockbackAttackDelay>240</knockbackAttackDelay>
		<tauntCooldownTicks>600</tauntCooldownTicks>
		<tauntAttackDelay>200</tauntAttackDelay>
		<tauntChance>1</tauntChance>
	  </li>
	</comps>
  </ThingDef>
 
  <PawnKindDef>
    <defName>TM_SkeletonLich</defName>
    <label>skeleton lich</label>
    <race>TM_SkeletonLichR</race>
    <combatPower>1000</combatPower>
    <defaultFactionType>TM_SkeletalFaction</defaultFactionType>
	<ecoSystemWeight>0</ecoSystemWeight>
	<canArriveManhunter>false</canArriveManhunter>
    <lifeStages>
	  <li>
	    <label>skeleton lich</label>
        <labelPlural>skeletal lich</labelPlural>
        <bodyGraphicData>
          <texPath>PawnKind/skeleton_lich</texPath>
          <graphicClass>Graphic_Multi</graphicClass>
		  <shaderType>TransparentPostLight</shaderType>
          <drawSize>2</drawSize>
<!-- 		  <color>(180, 180, 180)</color> -->
          <shadowData>
            <volume>(0, 0, 0)</volume>
            <offset>(0,0,0)</offset>
          </shadowData>
        </bodyGraphicData>
      </li>
	</lifeStages>
  </PawnKindDef>  
  
  <ThingDef ParentName="TM_Skeletal_Base" Name="TM_GiantSkeleton">
    <defName>TM_GiantSkeletonR</defName>
    <label>Giant skeleton</label>
    <description>An enormous skeleton; this abomination was either created from the bones of an enormous creature or by combining the bones of lesser creatures. This skeleton is animated by necromancy and embodied by a vengeful spirit that has wandered the world for ages - long enough to develop a simple, single-minded hate for life.</description>
    <statBases>
      <MoveSpeed>3.5</MoveSpeed>
      <ArmorRating_Blunt>0.3</ArmorRating_Blunt>
      <ArmorRating_Sharp>0.9</ArmorRating_Sharp>
      <ArmorRating_Heat>1.8</ArmorRating_Heat>      
    </statBases>
	<tools>
      <li>
        <label>left fist</label>
        <capacities>
          <li>Blunt</li>
        </capacities>
        <power>21</power>
        <cooldownTime>2.1</cooldownTime>
        <linkedBodyPartsGroup>LeftHand</linkedBodyPartsGroup>
      </li>
	  <li>
        <label>right fist</label>
        <capacities>
          <li>Blunt</li>
        </capacities>
        <power>21</power>
        <cooldownTime>2.1</cooldownTime>
        <linkedBodyPartsGroup>RightHand</linkedBodyPartsGroup>
      </li>
	  <li>
        <label>teeth</label>
        <capacities>
          <li>Bite</li>
        </capacities>
        <power>27</power>
        <cooldownTime>2.5</cooldownTime>
        <linkedBodyPartsGroup>HeadAttackTool</linkedBodyPartsGroup>
      </li>
	</tools>
    <race>
	  <baseHealthScale>4</baseHealthScale>	
      <lifeExpectancy>2000</lifeExpectancy>
		<lifeStageAges>
        <li>
          <def>TM_GiantSkeleton_Lifestage</def>
          <minAge>100</minAge>
		  <soundCall>TM_SkeletonAngry</soundCall>
          <soundAngry>TM_SkeletonAngry</soundAngry>
          <soundWounded>TM_SkeletonPain</soundWounded>
          <soundDeath>TM_SkeletonAngryLow</soundDeath>
        </li>
      </lifeStageAges>
      <soundMeleeHitPawn>TM_SkeletonPain</soundMeleeHitPawn>
      <soundMeleeHitBuilding>TM_SkeletonPainLow</soundMeleeHitBuilding>
      <soundMeleeMiss>TM_SkeletonPain</soundMeleeMiss>      
    </race>
	<butcherProducts>

    </butcherProducts>
	<comps>
		<li>
			<compClass>CompAttachBase</compClass>
		</li>
	  <li Class="TorannMagic.CompProperties_SkeletonController">
		<alwaysManhunter>false</alwaysManhunter>
		<maxRangeForCloseThreat>5</maxRangeForCloseThreat>
		<maxRangeForFarThreat>60</maxRangeForFarThreat>
		<chargeCooldownTicks>1480</chargeCooldownTicks>
		<rangedCooldownTicks>625</rangedCooldownTicks>
		<rangedBurstCount>1</rangedBurstCount>
		<rangedTicksBetweenBursts>10</rangedTicksBetweenBursts>
		<aoeCooldownTicks>400</aoeCooldownTicks>
		<knockbackCooldownTicks>0</knockbackCooldownTicks>
		<tauntCooldownTicks>600</tauntCooldownTicks>
		<tauntChance>.6</tauntChance>
	  </li>
	</comps>
  </ThingDef>
 
  <PawnKindDef>
    <defName>TM_GiantSkeleton</defName>
    <label>giant skeleton</label>
    <race>TM_GiantSkeletonR</race>
    <combatPower>400</combatPower>
    <defaultFactionType>TM_SkeletalFaction</defaultFactionType>
	<ecoSystemWeight>0</ecoSystemWeight>
	<canArriveManhunter>false</canArriveManhunter>
    <lifeStages>
	  <li>
	    <label>giant skeleton</label>
        <labelPlural>skeletal</labelPlural>
        <bodyGraphicData>
          <texPath>PawnKind/bone_giant_nc</texPath>
          <graphicClass>Graphic_Multi</graphicClass>
		  <shaderType>TransparentPostLight</shaderType>
          <drawSize>3</drawSize>
		  <color>(180, 180, 180)</color>
          <shadowData>
            <volume>(0.6, 0.4, 0.2)</volume>
            <offset>(0,0,-0.7)</offset>
          </shadowData>
        </bodyGraphicData>
      </li>
	</lifeStages>
  </PawnKindDef>
  
  <ThingDef ParentName="TM_Skeletal_Base" Name="TM_Skeleton">
    <defName>TM_SkeletonR</defName>
    <label>Skeleton</label>
    <description>Physical husks of creatures raised through the power of necromancy; their sole instinct is to obey their master and destroy all life.</description>
    <statBases>
      <MoveSpeed>3.5</MoveSpeed>
      <ArmorRating_Blunt>0.1</ArmorRating_Blunt>
      <ArmorRating_Sharp>0.5</ArmorRating_Sharp>
      <ArmorRating_Heat>1.5</ArmorRating_Heat>      
    </statBases>
	<tools>
      <li>
        <label>left fist</label>
        <capacities>
          <li>Blunt</li>
        </capacities>
        <power>13</power>
        <cooldownTime>2</cooldownTime>
        <linkedBodyPartsGroup>LeftHand</linkedBodyPartsGroup>
      </li>
	  <li>
        <label>right fist</label>
        <capacities>
          <li>Blunt</li>
        </capacities>
        <power>13</power>
        <cooldownTime>2</cooldownTime>
        <linkedBodyPartsGroup>RightHand</linkedBodyPartsGroup>
      </li>
	  <li>
        <label>teeth</label>
        <capacities>
          <li>Bite</li>
        </capacities>
        <power>17</power>
        <cooldownTime>2.5</cooldownTime>
        <linkedBodyPartsGroup>HeadAttackTool</linkedBodyPartsGroup>
      </li>
	</tools>
    <race>
	  <baseHealthScale>1</baseHealthScale>	
      <lifeExpectancy>2000</lifeExpectancy>
		<lifeStageAges>
        <li>
          <def>TM_Skeleton_Lifestage</def>
          <minAge>100</minAge>
		  <soundCall>TM_SkeletonAngry</soundCall>
          <soundAngry>TM_SkeletonAngry</soundAngry>
          <soundWounded>TM_SkeletonPain</soundWounded>
          <soundDeath>TM_SkeletonAngryLow</soundDeath>
        </li>
      </lifeStageAges>
      <soundMeleeHitPawn>TM_SkeletonPain</soundMeleeHitPawn>
      <soundMeleeHitBuilding>TM_SkeletonPainLow</soundMeleeHitBuilding>
      <soundMeleeMiss>TM_SkeletonPain</soundMeleeMiss>   	  
    </race>
	<butcherProducts>

    </butcherProducts>
	<comps>
	  <li>
		<compClass>CompAttachBase</compClass>
	  </li>
	  <li Class="TorannMagic.CompProperties_SkeletonController">
		<alwaysManhunter>false</alwaysManhunter>
		<maxRangeForCloseThreat>4</maxRangeForCloseThreat>
		<maxRangeForFarThreat>40</maxRangeForFarThreat>
		<chargeCooldownTicks>0</chargeCooldownTicks>
		<rangedCooldownTicks>0</rangedCooldownTicks>
		<rangedBurstCount>0</rangedBurstCount>
		<rangedTicksBetweenBursts>10</rangedTicksBetweenBursts>
		<aoeCooldownTicks>0</aoeCooldownTicks>
		<knockbackCooldownTicks>0</knockbackCooldownTicks>
		<tauntCooldownTicks>0</tauntCooldownTicks>
		<tauntChance>0</tauntChance>
	  </li>
	</comps>
  </ThingDef>
 
  <PawnKindDef>
    <defName>TM_Skeleton</defName>
    <label>skeleton</label>
    <race>TM_SkeletonR</race>
    <combatPower>50</combatPower>
    <defaultFactionType>TM_SkeletalFaction</defaultFactionType>
	<ecoSystemWeight>0</ecoSystemWeight>
	<canArriveManhunter>false</canArriveManhunter>
    <lifeStages>
	  <li>
	    <label>skeleton</label>
        <labelPlural>skeletal</labelPlural>
        <bodyGraphicData>
          <texPath>PawnKind/skeleton</texPath>
          <graphicClass>Graphic_Multi</graphicClass>
		  <shaderType>TransparentPostLight</shaderType>
          <drawSize>2</drawSize>
		  <color>(200, 200, 200)</color>
          <shadowData>
            <volume>(0.1, 0.2, 0.2)</volume>
            <offset>(0,0,-0.4)</offset>
          </shadowData>
        </bodyGraphicData>
      </li>
	</lifeStages>
  </PawnKindDef>

</Defs>
