﻿<?xml version="1.0" encoding="utf-8" ?>
<Defs>


  <!-- ========================== Dire Wolf ================================= -->

  <ThingDef Name="TM_DireWolf" ParentName="AnimalThingBase">
	<defName>TM_Dire_WolfR</defName>
    <label>dire wolf</label>
    <description>Dire wolves roam the north in great packs and fear neither man nor megasloth. A savage predator armed with razor sharp teeth and a coat like steel thread, dire wolves are as fierce as any known creature. They are often tied to mythical lore and are said to possess a unique link to arcane powers.</description>
    <statBases>
      <MoveSpeed>6.6</MoveSpeed>
      <MarketValue>2200</MarketValue>
      <ComfyTemperatureMin>-60</ComfyTemperatureMin>
	  <ComfyTemperatureMax>40</ComfyTemperatureMax>
	  <ArmorRating_Sharp>0.65</ArmorRating_Sharp>
      <ArmorRating_Blunt>0.38</ArmorRating_Blunt>
      <ArmorRating_Heat>0.45</ArmorRating_Heat>
    </statBases>
    <tools>
      <li>
        <label>left claw</label>
        <capacities>
          <li>Scratch</li>
        </capacities>
        <power>11.4</power>
        <cooldownTime>1</cooldownTime>
        <linkedBodyPartsGroup>FrontLeftPaw</linkedBodyPartsGroup>
        <surpriseAttack>
          <extraMeleeDamages>
            <li>
              <def>Stun</def>
              <amount>14</amount>
            </li>
          </extraMeleeDamages>
        </surpriseAttack>
        <chanceFactor>0.5</chanceFactor>
      </li>
      <li>
        <label>right claw</label>
        <capacities>
          <li>Scratch</li>
        </capacities>
        <power>12.2</power>
        <cooldownTime>1.1</cooldownTime>
        <linkedBodyPartsGroup>FrontRightPaw</linkedBodyPartsGroup>
        <surpriseAttack>
          <extraMeleeDamages>
            <li>
              <def>Stun</def>
              <amount>14</amount>
            </li>
          </extraMeleeDamages>
        </surpriseAttack>
        <chanceFactor>0.5</chanceFactor>
      </li>
      <li>
        <capacities>
          <li>Bite</li>
        </capacities>
        <power>23</power>
        <cooldownTime>1.6</cooldownTime>
        <linkedBodyPartsGroup>Teeth</linkedBodyPartsGroup>
        <chanceFactor>0.9</chanceFactor>
        <surpriseAttack>
          <extraMeleeDamages>
            <li>
              <def>Stun</def>
              <amount>14</amount>
            </li>
          </extraMeleeDamages>
        </surpriseAttack>
      </li>
      <li>
        <label>head</label>
        <capacities>
          <li>Blunt</li>
        </capacities>
        <power>8</power>
        <cooldownTime>.6</cooldownTime>
        <linkedBodyPartsGroup>HeadAttackTool</linkedBodyPartsGroup>
        <ensureLinkedBodyPartsGroupAlwaysUsable>true</ensureLinkedBodyPartsGroupAlwaysUsable>
        <chanceFactor>0.2</chanceFactor>
      </li>
    </tools>
    <race>
      <body>QuadrupedAnimalWithPawsAndTail</body>
      <predator>true</predator>
      <maxPreyBodySize>3.3</maxPreyBodySize>
      <petness>0.05</petness>
      <baseBodySize>2.3</baseBodySize>
      <baseHungerRate>0.28</baseHungerRate>
      <baseHealthScale>1.9</baseHealthScale>
      <foodType>CarnivoreAnimal</foodType>
      <leatherDef>Leather_Wolf</leatherDef>
	  <meatLabel>wolfmeat</meatLabel>
      <nameOnTameChance>1</nameOnTameChance>
      <trainability>Advanced</trainability>
      <wildness>0.98</wildness>
      <nuzzleMtbHours>480</nuzzleMtbHours>
      <manhunterOnTameFailChance>0.40</manhunterOnTameFailChance>
      <manhunterOnDamageChance>0.80</manhunterOnDamageChance>
      <gestationPeriodDays>30</gestationPeriodDays>
      <litterSizeCurve>
        <points>
          <li>(0.5, 0)</li>
          <li>(1, 1)</li>
          <li>(2, 1.7)</li>
          <li>(2.5, 0.7)</li>
          <li>(3, 0)</li>
        </points>
      </litterSizeCurve>
      <lifeExpectancy>45</lifeExpectancy>
      <lifeStageAges>
        <li>
          <def>AnimalBaby</def>
          <minAge>0</minAge>
        </li>
        <li>
          <def>AnimalJuvenile</def>
          <minAge>0.2</minAge>
        </li>
        <li>
          <def>AnimalAdult</def>
          <minAge>0.45</minAge>
          <soundWounded>Pawn_Dog_Injured</soundWounded>
          <soundDeath>Pawn_Dog_Death</soundDeath>
          <soundCall>Pawn_Dog_Call</soundCall>
          <soundAngry>Pawn_Dog_Angry</soundAngry>
        </li>
      </lifeStageAges>
      <soundMeleeHitPawn>Pawn_Melee_SmallScratch_HitPawn</soundMeleeHitPawn>
      <soundMeleeHitBuilding>Pawn_Melee_SmallScratch_HitBuilding</soundMeleeHitBuilding>
      <soundMeleeMiss>Pawn_Melee_SmallScratch_Miss</soundMeleeMiss>
    </race>
    <tradeTags>
      <li>AnimalFighter</li>
    </tradeTags>
  </ThingDef>

  <PawnKindDef ParentName="AnimalKindBase">
    <defName>TM_Dire_Wolf</defName>
    <label>dire wolf</label>
    <labelPlural>dire wolves</labelPlural>
    <race>TM_Dire_WolfR</race>
	<combatPower>400</combatPower>
    <ecoSystemWeight>0.1</ecoSystemWeight>
    <lifeStages>
      <li>
        <label>dire wolf pup</label>
        <labelPlural>dire wolf pups</labelPlural>
        <bodyGraphicData>
          <texPath>PawnKind/DireWolf</texPath>
          <drawSize>1.35</drawSize>
        </bodyGraphicData>
        <dessicatedBodyGraphicData>
          <texPath>Things/Pawn/Animal/Wolf_Timber/Dessicated_Wolf_Timber</texPath>
          <drawSize>1.35</drawSize>
        </dessicatedBodyGraphicData>
      </li>
      <li>
        <bodyGraphicData>
          <texPath>PawnKind/DireWolf</texPath>
          <drawSize>1.8</drawSize>
          <shadowData>
            <volume>(0.25, 0.3, 0.25)</volume>
            <offset>(0,0,-0.15)</offset>
          </shadowData>
        </bodyGraphicData>
        <dessicatedBodyGraphicData>
          <texPath>Things/Pawn/Animal/Wolf_Timber/Dessicated_Wolf_Timber</texPath>
          <drawSize>1.8</drawSize>
        </dessicatedBodyGraphicData>
      </li>
      <li>
        <bodyGraphicData>
          <texPath>PawnKind/DireWolf</texPath>
          <drawSize>2.65</drawSize>
          <shadowData>
            <volume>(0.3, 0.4, 0.3)</volume>
            <offset>(0,0,-0.15)</offset>
          </shadowData>
        </bodyGraphicData>
        <dessicatedBodyGraphicData>
          <texPath>Things/Pawn/Animal/Wolf_Timber/Dessicated_Wolf_Timber</texPath>
          <drawSize>2.65</drawSize>
        </dessicatedBodyGraphicData>
      </li>
    </lifeStages>
  </PawnKindDef>


</Defs>
