<?xml version="1.0" encoding="utf-8" ?>
<Defs>

  <!--================== Arcane forge alternate recipe's ==================-->
  
  <RecipeDef>
    <defName>ArcaneForge_ElephantSpear</defName>
    <label>elephant spear</label>
    <description>The elephant spear is crafted using the tusks of an elephant, and is typically a status symbol reserved for head hunters or leaders of a tribe. The shaft is engraved with minor enchantments, further boosting the combat abilities of the user.
		
This weapon is enchanted and provides additional benefits to trained mages and fighters:
Max Energy: +10%
Damage Boost: +10%
Arcane Resistance: +20%</description>
    <jobString>forging Elephant Spear</jobString>
<!-- 	<researchPrerequisite>TechPlasteelCrafting</researchPrerequisite> -->
    <workSpeedStat>ResearchSpeed</workSpeedStat>
    <effectWorking>Smelt</effectWorking>
    <soundWorking>Recipe_Machining</soundWorking>
    <workAmount>20000</workAmount>
	<workSkillLearnFactor>1.1</workSkillLearnFactor>
    <unfinishedThingDef>UnfinishedWeapon</unfinishedThingDef>
	<researchPrerequisite>TM_ArcaneApparel</researchPrerequisite>
	<recipeUsers>
		<li>TableArcaneForge</li>
	</recipeUsers>
    <ingredients>
	<li>
        <filter>
          <thingDefs>
            <li>Steel</li>
          </thingDefs>
        </filter>
        <count>20</count>
      </li>
	  <li>
        <filter>
          <thingDefs>
            <li>WoodLog</li>
          </thingDefs>
        </filter>
        <count>60</count>
      </li>
      <li>
        <filter>
          <thingDefs>
            <li>RawMagicyte</li>
          </thingDefs>
        </filter>
        <count>80</count>
      </li>	  
	  <li>
        <filter>
          <thingDefs>
            <li>ElephantTusk</li>
          </thingDefs>
        </filter>
        <count>2</count>
      </li>
    </ingredients>
    <products>
      <TM_ElephantSpear>1</TM_ElephantSpear>
    </products>
    <skillRequirements>
	  <Intellectual>6</Intellectual>
    </skillRequirements>
    <workSkill>Intellectual</workSkill>
  </RecipeDef>
  
  <RecipeDef>
    <defName>ArcaneForge_ThrumboAxe</defName>
    <label>thrumbo axe</label>
    <description>An axe crafted using thrumbo horns that are fused together with a clasp made from magicyte. This clasp stores arcane potential and transfers it as physical force when the axe is swung, allowing it to deliver mighty blows capable of cleaving through multiple opponents. The shaft is also etched with magical runes to augment the wielder's power.
		
This weapon is enchanted and provides additional benefits to trained mages and fighters:
Max Energy: +10%
Damage Boost: +20%
Arcane Resistance: +30%</description>
    <jobString>forging Thrumbo Axe</jobString>
<!-- 	<researchPrerequisite>TechPlasteelCrafting</researchPrerequisite> -->
    <workSpeedStat>ResearchSpeed</workSpeedStat>
    <effectWorking>Smelt</effectWorking>
    <soundWorking>Recipe_Machining</soundWorking>
    <workAmount>60000</workAmount>
	<workSkillLearnFactor>1.1</workSkillLearnFactor>
    <unfinishedThingDef>UnfinishedWeapon</unfinishedThingDef>
	<researchPrerequisite>TM_ArcaneApparel</researchPrerequisite>
	<recipeUsers>
		<li>TableArcaneForge</li>
	</recipeUsers>
    <ingredients>
	<li>
        <filter>
          <thingDefs>
            <li>Steel</li>
          </thingDefs>
        </filter>
        <count>200</count>
      </li>
	  <li>
        <filter>
          <thingDefs>
            <li>WoodLog</li>
          </thingDefs>
        </filter>
        <count>50</count>
      </li>
      <li>
        <filter>
          <thingDefs>
            <li>RawMagicyte</li>
          </thingDefs>
        </filter>
        <count>200</count>
      </li>
	  <li>
        <filter>
          <thingDefs>
            <li>Jade</li>
          </thingDefs>
        </filter>
        <count>50</count>
      </li>
	  <li>
        <filter>
          <thingDefs>
            <li>Silver</li>
          </thingDefs>
        </filter>
        <count>20</count>
      </li>
	  <li>
        <filter>
          <thingDefs>
            <li>ThrumboHorn</li>
          </thingDefs>
        </filter>
        <count>2</count>
      </li>
    </ingredients>
    <products>
      <TM_ThrumboAxe>1</TM_ThrumboAxe>
    </products>
    <skillRequirements>
	  <Intellectual>8</Intellectual>
    </skillRequirements>
    <workSkill>Intellectual</workSkill>
  </RecipeDef>
  
   <RecipeDef>
    <defName>ArcaneForge_ThrumboSaber</defName>
    <label>thrumbo saber</label>
    <description>A razor sharp blade forged from the horn of a thrumbo and infused with arcane energy. The thrumbo saber is lighter than metal blades and it's edge can cut through all but the thickest armor. Many masters of the blade favor this weapon as it is designed for speed and lethality. Further enchantments may also quicken the users, doubling their attack rate for a short period.
		
This weapon is enchanted and provides additional benefits to trained mages and fighters:
Ability Cooldown: -10%
Damage Boost: +10%
Haste on hit (25%)</description>
    <jobString>forging Thrumbo Saber</jobString>
<!-- 	<researchPrerequisite>TechPlasteelCrafting</researchPrerequisite> -->
    <workSpeedStat>ResearchSpeed</workSpeedStat>
    <effectWorking>Smelt</effectWorking>
    <soundWorking>Recipe_Machining</soundWorking>
    <workAmount>40000</workAmount>
	<workSkillLearnFactor>1.1</workSkillLearnFactor>
    <unfinishedThingDef>UnfinishedWeapon</unfinishedThingDef>
	<researchPrerequisite>TM_ArcaneArtifacts</researchPrerequisite>
	<recipeUsers>
		<li>TableArcaneForge</li>
	</recipeUsers>
    <ingredients>
	<li>
        <filter>
          <thingDefs>
            <li>Steel</li>
          </thingDefs>
        </filter>
        <count>100</count>
      </li>
      <li>
        <filter>
          <thingDefs>
            <li>RawMagicyte</li>
          </thingDefs>
        </filter>
        <count>200</count>
      </li>
	  <li>
        <filter>
          <thingDefs>
            <li>Jade</li>
          </thingDefs>
        </filter>
        <count>50</count>
      </li>
	  <li>
        <filter>
          <thingDefs>
            <li>Silver</li>
          </thingDefs>
        </filter>
        <count>200</count>
      </li>
	  <li>
        <filter>
          <thingDefs>
            <li>ThrumboHorn</li>
          </thingDefs>
        </filter>
        <count>1</count>
      </li>
    </ingredients>
    <products>
      <TM_ThrumboSaber>1</TM_ThrumboSaber>
    </products>
    <skillRequirements>
	  <Intellectual>10</Intellectual>
    </skillRequirements>
    <workSkill>Intellectual</workSkill>
  </RecipeDef>
  
  <RecipeDef>
    <defName>ArcaneForge_ElephantBow</defName>
    <label>elephant bow</label>
    <description>A bow shaped from elephant tusks. The tusks are hallowed out to decrease rigidity and reduce weight and softened by soaking it in a magicyte compound that increases suppleness. The elephant bow offers significant improvements in range and accuracy for distant targets over the greatbow, though it is slightly more difficult to handle.
	
The elephant bow is engraved with minor enchantments and is a preferred weapon by many experienced rangers and hunters.

This weapon is enchanted and provides additional benefits to trained mages and fighters:
Max Energy: +5%
Energy Regen: +5%
Damage Boost: +10%
Ability Cooldown: -10%</description>
    <jobString>forging elephant bow</jobString>
<!-- 	<researchPrerequisite>TechPlasteelCrafting</researchPrerequisite> -->
    <workSpeedStat>ResearchSpeed</workSpeedStat>
    <effectWorking>Smelt</effectWorking>
    <soundWorking>Recipe_Machining</soundWorking>
    <workAmount>12000</workAmount>
	<workSkillLearnFactor>1.1</workSkillLearnFactor>
    <unfinishedThingDef>UnfinishedWeapon</unfinishedThingDef>
	<researchPrerequisite>TM_ArcaneApparel</researchPrerequisite>
	<recipeUsers>
		<li>TableArcaneForge</li>
	</recipeUsers>
    <ingredients>
	<li>
        <filter>
          <thingDefs>
            <li>Steel</li>
          </thingDefs>
        </filter>
        <count>20</count>
      </li>
	  <li>
        <filter>
          <thingDefs>
            <li>WoodLog</li>
          </thingDefs>
        </filter>
        <count>100</count>
      </li>
      <li>
        <filter>
          <thingDefs>
            <li>RawMagicyte</li>
          </thingDefs>
        </filter>
        <count>100</count>
      </li>	  
	  <li>
        <filter>
          <thingDefs>
            <li>ElephantTusk</li>
          </thingDefs>
        </filter>
        <count>2</count>
      </li>
    </ingredients>
    <products>
      <TM_ElephantBow>1</TM_ElephantBow>
    </products>
    <skillRequirements>
	  <Intellectual>7</Intellectual>
    </skillRequirements>
    <workSkill>Intellectual</workSkill>
  </RecipeDef>
  
  <RecipeDef>
    <defName>ArcaneForge_ThrumBow</defName>
    <label>Thrum Bow</label>
    <description>A bow shaped from the horn of a Thrumbo. The horn is hallowed out to decrease the weight and softened by soaking it in a magicyte compound that adds a surprising suppleness to the horn. The bow is further enhanced with embedded enchantments and arcane engravings that travel the length of the bow. The bow is said to be almost sentient, able to determine the intended target through a mental link with the wielder. Arrows fired from this bow almost always hit their intended target. This effect does have a tendency to delude the users own capability, however.

This weapon is enchanted and provides additional benefits to trained mages and fighters:
Max Energy: +20%
Energy Regen: +10%
Damage Boost: +20%
Ability Cooldown: -10%
Class XP Gain: -20%</description>
    <jobString>forging Thrum Bow</jobString>
<!-- 	<researchPrerequisite>TechPlasteelCrafting</researchPrerequisite> -->
    <workSpeedStat>ResearchSpeed</workSpeedStat>
    <effectWorking>Smelt</effectWorking>
    <soundWorking>Recipe_Machining</soundWorking>
    <workAmount>77700</workAmount>
	<workSkillLearnFactor>1.1</workSkillLearnFactor>
    <unfinishedThingDef>UnfinishedWeapon</unfinishedThingDef>
	<researchPrerequisite>TM_ArcaneArtifacts</researchPrerequisite>
	<recipeUsers>
		<li>TableArcaneForge</li>
	</recipeUsers>
    <ingredients>
	<li>
        <filter>
          <thingDefs>
            <li>Steel</li>
          </thingDefs>
        </filter>
        <count>50</count>
      </li>
	  <li>
        <filter>
          <thingDefs>
            <li>WoodLog</li>
          </thingDefs>
        </filter>
        <count>250</count>
      </li>
      <li>
        <filter>
          <thingDefs>
            <li>RawMagicyte</li>
          </thingDefs>
        </filter>
        <count>250</count>
      </li>
	  <li>
        <filter>
          <thingDefs>
            <li>Jade</li>
          </thingDefs>
        </filter>
        <count>50</count>
      </li>
	  <li>
        <filter>
          <thingDefs>
            <li>Gold</li>
          </thingDefs>
        </filter>
        <count>2</count>
      </li>
	  <li>
        <filter>
          <thingDefs>
            <li>Silver</li>
          </thingDefs>
        </filter>
        <count>20</count>
      </li>
	  <li>
        <filter>
          <thingDefs>
            <li>ThrumboHorn</li>
          </thingDefs>
        </filter>
        <count>1</count>
      </li>
    </ingredients>
    <products>
      <TM_ThrumBow>1</TM_ThrumBow>
    </products>
    <skillRequirements>
	  <Intellectual>10</Intellectual>
    </skillRequirements>
    <workSkill>Intellectual</workSkill>
  </RecipeDef>
  
  <RecipeDef>
    <defName>ArcaneForge_Replication</defName>
    <label>Forge replication</label>
    <description>Storage data for details and designs of replicated objects.</description>
    <jobString>replicating</jobString>
    <workSpeedStat>ResearchSpeed</workSpeedStat>
    <effectWorking>Smelt</effectWorking>
    <soundWorking>Recipe_Machining</soundWorking>
    <workAmount>50000</workAmount>
	<workSkillLearnFactor>0</workSkillLearnFactor>
    <unfinishedThingDef>UnfinishedWeapon</unfinishedThingDef>
	<researchPrerequisite>TM_ForgeReplication</researchPrerequisite>
	<recipeUsers>
		<li>TableArcaneForge</li>
	</recipeUsers>
    <ingredients>
	  <li>
        <filter>
          <thingDefs>
            <li>RawMagicyte</li>
          </thingDefs>
        </filter>
        <count>2</count>
      </li>	
    </ingredients>
    <products>
	
    </products>
    <skillRequirements>
	  <Intellectual>8</Intellectual>
    </skillRequirements>
    <workSkill>Intellectual</workSkill>
  </RecipeDef>
  
  <RecipeDef>
    <defName>ArcaneForge_Replication_Restore</defName>
    <label>Forge replication</label>
    <description>Storage data for details and designs of replicated objects.</description>
    <jobString>replicating</jobString>
    <workSpeedStat>ResearchSpeed</workSpeedStat>
    <effectWorking>Smelt</effectWorking>
    <soundWorking>Recipe_Machining</soundWorking>
    <workAmount>50000</workAmount>
	<workSkillLearnFactor>0</workSkillLearnFactor>
    <unfinishedThingDef>UnfinishedWeapon</unfinishedThingDef>
	<researchPrerequisite>TM_ForgeReplication</researchPrerequisite>
    <ingredients>
	  <li>
        <filter>
          <thingDefs>
            <li>RawMagicyte</li>
          </thingDefs>
        </filter>
        <count>2</count>
      </li>	
    </ingredients>
    <products>
	
    </products>
    <skillRequirements>
	  <Intellectual>8</Intellectual>
    </skillRequirements>
    <workSkill>Intellectual</workSkill>
  </RecipeDef>
  
  
</Defs>
