<?xml version="1.0" encoding="utf-8" ?>

<Defs>

<!-- BASE -->

  <DamageDef Name="TM_LocalInjuryBase" Abstract="True">
    <workerClass>DamageWorker_AddInjury</workerClass>
  </DamageDef>
  
<!--   	<DamageDef Name="StunBase" Abstract="True">
		<harmsHealth>false</harmsHealth>
		<makesBlood>false</makesBlood>
	</DamageDef> -->
  
  <!-- Torann Magic Damage Defs -->  	
  
	<DamageDef ParentName="TM_LocalInjuryBase">
		<defName>TM_Arcane</defName>
		<label>Arcane</label>
		<externalViolence>true</externalViolence>
		<deathMessage>{0} was destroyed by arcane power.</deathMessage>
		<hediff>TM_ArcaneHD</hediff>
		<harmAllLayersUntilOutside>false</harmAllLayersUntilOutside>
		<defaultDamage>10</defaultDamage>
		<armorCategory>Dark</armorCategory>
		<explosionSnowMeltAmount>.2</explosionSnowMeltAmount>
		<explosionCellMote>Mote_ArcaneBlast</explosionCellMote>
		<explosionColorCenter>(.8, .35, .8)</explosionColorCenter>
		<explosionColorEdge>(1, .85, 1)</explosionColorEdge>
		<soundExplosion>Explosion_Flame</soundExplosion>
	</DamageDef>
  
  	<DamageDef ParentName="TM_LocalInjuryBase">
		<defName>TM_BlazingPower</defName>
		<label>Blazing Power</label>
		<externalViolence>true</externalViolence>
		<deathMessage>{0} was destroyed by blazing power.</deathMessage>
		<hediff>TM_BlazingPowerHD</hediff>
		<harmAllLayersUntilOutside>true</harmAllLayersUntilOutside>
		<defaultDamage>12</defaultDamage>
		<armorCategory>Light</armorCategory>
		<explosionSnowMeltAmount>.5</explosionSnowMeltAmount>
		<explosionCellMote>Mote_BlastExtinguisher</explosionCellMote>
		<explosionColorCenter>(.8, .9, 1)</explosionColorCenter>
		<explosionColorEdge>(0, .4, .8)</explosionColorEdge>
		<soundExplosion>Explosion_Flame</soundExplosion>
		<additionalHediffs>
			<li>
				<hediff>TM_Blind</hediff>
				<severityPerDamageDealt>.03</severityPerDamageDealt>
			</li>
		</additionalHediffs>
	</DamageDef>
  
  	<DamageDef ParentName="TM_LocalInjuryBase">
		<defName>TM_Holy</defName>
		<label>Holy</label>
		<externalViolence>true</externalViolence>
		<deathMessage>{0} was destroyed by holy power.</deathMessage>
		<hediff>TM_Holy</hediff>
		<harmAllLayersUntilOutside>true</harmAllLayersUntilOutside>
		<defaultDamage>12</defaultDamage>
		<armorCategory>Light</armorCategory>
		<explosionSnowMeltAmount>.5</explosionSnowMeltAmount>
		<explosionCellMote>Mote_BlastExtinguisher</explosionCellMote>
		<explosionColorCenter>(1, 1, 1)</explosionColorCenter>
		<explosionColorEdge>(1, 0.85, 0.8)</explosionColorEdge>
		<soundExplosion>Explosion_Flame</soundExplosion>
	</DamageDef>
	
	<DamageDef ParentName="TM_LocalInjuryBase">
		<defName>TM_Shadow</defName>
		<label>Shadow</label>
		<externalViolence>false</externalViolence>
		<deathMessage>{0} was consumed by shadow.</deathMessage>
		<hediff>TM_ShadowHD</hediff>
		<harmAllLayersUntilOutside>false</harmAllLayersUntilOutside>
		<defaultDamage>10</defaultDamage>
		<armorCategory>Dark</armorCategory>
		<explosionSnowMeltAmount>.5</explosionSnowMeltAmount>
		<explosionCellMote>Mote_BlastExtinguisher</explosionCellMote>
		<explosionColorCenter>(.2, 0, .2)</explosionColorCenter>
		<explosionColorEdge>(.3, 0.0, 0.6)</explosionColorEdge>
		<soundExplosion>TM_SoftExplosion</soundExplosion>
	</DamageDef>
	
	<DamageDef ParentName="TM_LocalInjuryBase">
		<defName>TM_ChiBurn</defName>
		<label>Ch'i burn</label>
		<externalViolence>false</externalViolence>
		<deathMessage>{0} was overwhelmed by spirit energy.</deathMessage>
		<hediff>TM_ChiBurnHD</hediff>
		<harmAllLayersUntilOutside>false</harmAllLayersUntilOutside>
		<defaultDamage>10</defaultDamage>
		<armorCategory>Light</armorCategory>
		<explosionSnowMeltAmount>.5</explosionSnowMeltAmount>
		<explosionCellMote>Mote_BlastExtinguisher</explosionCellMote>
		<explosionColorCenter>(1, 1, 1)</explosionColorCenter>
		<explosionColorEdge>(1, 1, .6)</explosionColorEdge>
		<soundExplosion>TM_SoftExplosion</soundExplosion>
	</DamageDef>
	
	<DamageDef ParentName="TM_LocalInjuryBase">
		<defName>TM_ChiFist</defName>
		<label>strike</label>
		<externalViolence>false</externalViolence>
		<deathMessage>{0} was taken down by martial arts.</deathMessage>
		<hediff>TM_ChiFistHD</hediff>
		<harmAllLayersUntilOutside>false</harmAllLayersUntilOutside>
		<defaultDamage>10</defaultDamage>
		<armorCategory>Blunt</armorCategory>
		<defaultArmorPenetration>6</defaultArmorPenetration>
		<defaultStoppingPower>2</defaultStoppingPower>
		<explosionSnowMeltAmount>.5</explosionSnowMeltAmount>
		<explosionCellMote>Mote_BlastExtinguisher</explosionCellMote>
		<explosionColorCenter>(1, 1, 1)</explosionColorCenter>
		<explosionColorEdge>(1, 1, .6)</explosionColorEdge>
		<soundExplosion>TM_SoftExplosion</soundExplosion>
	</DamageDef>
	
	<DamageDef ParentName="TM_LocalInjuryBase">
		<defName>TM_PsionicInjury</defName>
		<label>Psionic</label>
		<externalViolence>true</externalViolence>
		<deathMessage>{0} was destroyed by psionic power.</deathMessage>
		<hediff>TM_PsionicInjuryHD</hediff>
		<harmAllLayersUntilOutside>false</harmAllLayersUntilOutside>
		<defaultDamage>10</defaultDamage>
		<armorCategory>Blunt</armorCategory>
		<explosionSnowMeltAmount>.2</explosionSnowMeltAmount>
		<explosionCellMote>Mote_BlastDry</explosionCellMote>
		<explosionColorCenter>(0, .2, .4)</explosionColorCenter>
		<explosionColorEdge>(.6, 0.8, 1)</explosionColorEdge>
		<soundExplosion>TM_SoftExplosion</soundExplosion>
	</DamageDef>
	
	<DamageDef ParentName="TM_LocalInjuryBase">
		<defName>TM_Spirit</defName>
		<label>Spirit</label>
		<externalViolence>true</externalViolence>
		<deathMessage>{0} was drained of spirit.</deathMessage>
		<hediff>TM_SpiritHD</hediff>
		<harmAllLayersUntilOutside>true</harmAllLayersUntilOutside>
		<defaultDamage>9</defaultDamage>
		<armorCategory>Dark</armorCategory>
		<explosionSnowMeltAmount>0</explosionSnowMeltAmount>
		<explosionCellMote>Mote_BlastDry</explosionCellMote>
		<explosionColorCenter>(0, .1, .2)</explosionColorCenter>
		<explosionColorEdge>(.8, 0.9, 1)</explosionColorEdge>
		<soundExplosion>TM_SoftExplosion</soundExplosion>
	</DamageDef>
	
	<DamageDef ParentName="TM_LocalInjuryBase">
		<defName>TM_Death</defName>
		<label>Death</label>
		<externalViolence>true</externalViolence>
		<deathMessage>{0} was taken by death.</deathMessage>
		<hediff>TM_DeathMarkHD</hediff>
		<harmAllLayersUntilOutside>true</harmAllLayersUntilOutside>
		<defaultDamage>0</defaultDamage>
		<armorCategory>Dark</armorCategory>
	</DamageDef>
	
	<DamageDef ParentName="TM_LocalInjuryBase">
		<defName>TM_Torment</defName>
		<label>Torment</label>
		<externalViolence>true</externalViolence>
		<deathMessage>{0} was consumed by pain.</deathMessage>
		<hediff>TM_TormentHD</hediff>
		<harmAllLayersUntilOutside>false</harmAllLayersUntilOutside>
		<defaultDamage>1</defaultDamage>
		<armorCategory>Dark</armorCategory>
		<soundExplosion>Explosion_Smoke</soundExplosion>
		<additionalHediffs>
			<li>
				<hediff>TM_Torment_HD</hediff>
				<severityPerDamageDealt>.3</severityPerDamageDealt>
			</li>
		</additionalHediffs>
	</DamageDef>
	
	<DamageDef ParentName="TM_LocalInjuryBase">
		<defName>TM_DeathBolt</defName>
		<label>death bolt</label>
		<externalViolence>true</externalViolence>
		<deathMessage>{0} was consumed by agony.</deathMessage>
		<hediff>TM_DeathBoltHD</hediff>
		<harmAllLayersUntilOutside>true</harmAllLayersUntilOutside>
		<defaultDamage>30</defaultDamage>
		<armorCategory>Dark</armorCategory>
		<explosionSnowMeltAmount>.25</explosionSnowMeltAmount>
		<explosionCellMote>Mote_Disease</explosionCellMote>
		<explosionColorCenter>(0.27, 0.17, 0.28)</explosionColorCenter>
		<explosionColorEdge>(0.44, 0.55, 0.16)</explosionColorEdge>
		<hasForcefulImpact>false</hasForcefulImpact>
		<soundExplosion>TM_SoftExplosion</soundExplosion>
		<additionalHediffs>
			<li>
				<hediff>TM_Torment_HD</hediff>
				<severityPerDamageDealt>.12</severityPerDamageDealt>
			</li>
		</additionalHediffs>
	</DamageDef>
	
	<DamageDef ParentName="TM_LocalInjuryBase">
		<defName>TM_CorpseExplosion</defName>
		<label>corpse explosion</label>
		<externalViolence>true</externalViolence>
		<deathMessage>{0} was destroyed by an exploding corpse.</deathMessage>
		<hediff>Shredded</hediff>
		<harmAllLayersUntilOutside>true</harmAllLayersUntilOutside>
		<defaultDamage>20</defaultDamage>
		<armorCategory>Dark</armorCategory>
		<explosionSnowMeltAmount>.25</explosionSnowMeltAmount>
		<explosionCellMote>Mote_BlastFlame</explosionCellMote>
		<explosionColorCenter>(0.27, 0.17, 0.28)</explosionColorCenter>
		<explosionColorEdge>(0.44, 0.55, 0.16)</explosionColorEdge>
		<soundExplosion>Explosion_Bomb</soundExplosion>
		<additionalHediffs>
			<li>
				<hediff>TM_Terror</hediff>
				<severityPerDamageDealt>.05</severityPerDamageDealt>
			</li>
		</additionalHediffs>
	</DamageDef>
	
	<DamageDef ParentName="TM_LocalInjuryBase">
		<defName>TM_Overwhelm</defName>
		<label>overwhelming light</label>
		<externalViolence>true</externalViolence>
		<deathMessage>{0} was destroyed by holy power.</deathMessage>
		<hediff>TM_Holy</hediff>
		<harmAllLayersUntilOutside>true</harmAllLayersUntilOutside>
		<defaultDamage>12</defaultDamage>
		<armorCategory>Light</armorCategory>
		<explosionSnowMeltAmount>.5</explosionSnowMeltAmount>
		<explosionCellMote>Mote_BlastFlame</explosionCellMote>
		<explosionColorCenter>(1, 1, 1)</explosionColorCenter>
		<explosionColorEdge>(1, 1, 1)</explosionColorEdge>
		<soundExplosion>Explosion_Flame</soundExplosion>
		<additionalHediffs>
			<li>
				<hediff>TM_Blind</hediff>
				<severityPerDamageDealt>.05</severityPerDamageDealt>
			</li>
		</additionalHediffs>
	</DamageDef>
  
  <DamageDef>
    <defName>TM_Heal_I</defName>
    <label>Heal (I)</label>
    <workerClass>TorannMagic.Verb_Heal</workerClass>
    <hasForcefulImpact>false</hasForcefulImpact>
    <harmsHealth>false</harmsHealth>
    <makesBlood>false</makesBlood>
    <canInterruptJobs>false</canInterruptJobs>
  </DamageDef>
  
  	<DamageDef ParentName="TM_LocalInjuryBase">
		<defName>TM_MagicMissile</defName>
		<label>Magic Missile</label>
		<externalViolence>true</externalViolence>
		<deathMessage>{0} was destroyed by arcane magic.</deathMessage>
		<hediff>TM_MagicMissile</hediff>
		<harmAllLayersUntilOutside>true</harmAllLayersUntilOutside>
		<impactSoundType>Slice</impactSoundType>
		<armorCategory>Blunt</armorCategory>
		<additionalHediffs>
			<li>
				<hediff>TM_Confused</hediff>
				<severityPerDamageDealt>0.01</severityPerDamageDealt>
			</li>
		</additionalHediffs>
	</DamageDef>
	
	<DamageDef ParentName="TM_LocalInjuryBase">
		<defName>TM_MagicMissile_Weak</defName>
		<label>magical energy</label>
		<externalViolence>true</externalViolence>
		<deathMessage>{0} was destroyed by arcane magic.</deathMessage>
		<hediff>TM_MagicMissile</hediff>
		<harmAllLayersUntilOutside>true</harmAllLayersUntilOutside>
		<impactSoundType>Slice</impactSoundType>
		<armorCategory>Sharp</armorCategory>
	</DamageDef>
	
	<DamageDef ParentName="TM_LocalInjuryBase">
		<defName>TM_ManaMine</defName>
		<label>Mana mine</label>
		<externalViolence>true</externalViolence>
		<deathMessage>{0} was destroyed by arcane magic.</deathMessage>
		<hediff>TM_ManaMine</hediff>
		<harmAllLayersUntilOutside>false</harmAllLayersUntilOutside>
		<impactSoundType>Blunt</impactSoundType>
		<armorCategory>Blunt</armorCategory>
		<defaultDamage>28</defaultDamage>
		<explosionAffectOutsidePartsOnly>false</explosionAffectOutsidePartsOnly>
		<explosionHeatEnergyPerCell>0</explosionHeatEnergyPerCell>
		<explosionCellMote>Mote_BlastDry</explosionCellMote>
		<explosionColorCenter>(.9, 0.8, 1)</explosionColorCenter>
		<explosionColorEdge>(.6, .2, 1)</explosionColorEdge>
		<soundExplosion>Explosion_Bomb</soundExplosion>
		<combatLogRules>Damage_Bomb</combatLogRules>
	</DamageDef>
	
	<DamageDef ParentName="TM_LocalInjuryBase">
		<defName>TM_Fireball_I</defName>
		<label>Fire Magic</label>
		<externalViolence>true</externalViolence>
		<deathMessage>{0} was destroyed by elemental fire.</deathMessage>
		<hediff>Burn</hediff>
		<harmAllLayersUntilOutside>true</harmAllLayersUntilOutside>
		<defaultDamage>2</defaultDamage>
		<armorCategory>Heat</armorCategory>
		<explosionSnowMeltAmount>.5</explosionSnowMeltAmount>
		<explosionCellMote>Mote_BlastFlame</explosionCellMote>
		<explosionColorCenter>(1, 0.7, 0.7)</explosionColorCenter>
		<explosionColorEdge>(1, 1, 0.7)</explosionColorEdge>
		<soundExplosion>Explosion_Flame</soundExplosion>
		<additionalHediffs>
			<li>
				<hediff>TM_Terror</hediff>
				<severityPerDamageDealt>.9</severityPerDamageDealt>
			</li>
		</additionalHediffs>
	</DamageDef>
	
	<DamageDef ParentName="TM_LocalInjuryBase">
		<defName>TM_Fireball_II</defName>
		<label>Fire Magic</label>
		<externalViolence>true</externalViolence>
		<deathMessage>{0} was destroyed by elemental fire.</deathMessage>
		<hediff>Burn</hediff>
		<harmAllLayersUntilOutside>true</harmAllLayersUntilOutside>
		<defaultDamage>4</defaultDamage>
		<armorCategory>Heat</armorCategory>
		<explosionSnowMeltAmount>.5</explosionSnowMeltAmount>
		<explosionCellMote>Mote_BlastFlame</explosionCellMote>
		<explosionColorCenter>(1, 0.7, 0.7)</explosionColorCenter> 
		<explosionColorEdge>(1, 1, 0.7)</explosionColorEdge>
		<soundExplosion>Explosion_Flame</soundExplosion>
		<additionalHediffs>
			<li>
				<hediff>TM_Terror</hediff>
				<severityPerDamageDealt>1.1</severityPerDamageDealt>
			</li>
		</additionalHediffs>
	</DamageDef>
	
	<DamageDef ParentName="TM_LocalInjuryBase">
		<defName>TM_Fireball_III</defName>
		<label>Fire Magic</label>
		<externalViolence>true</externalViolence>
		<deathMessage>{0} was destroyed by elemental fire.</deathMessage>
		<hediff>Burn</hediff>
		<harmAllLayersUntilOutside>true</harmAllLayersUntilOutside>
		<defaultDamage>6</defaultDamage>
		<armorCategory>Heat</armorCategory>
		<explosionSnowMeltAmount>1</explosionSnowMeltAmount>
		<explosionCellMote>Mote_BlastFlame</explosionCellMote>
		<explosionColorCenter>(1, 0.7, 0.7)</explosionColorCenter>
		<explosionColorEdge>(1, 1, 0.7)</explosionColorEdge>
		<soundExplosion>Explosion_Flame</soundExplosion>
		<additionalHediffs>
			<li>
				<hediff>TM_Terror</hediff>
				<severityPerDamageDealt>1.5</severityPerDamageDealt>
			</li>
		</additionalHediffs>
	</DamageDef>
	
	<DamageDef ParentName="TM_LocalInjuryBase">
		<defName>TM_Firestorm_Tiny</defName>
		<label>Fire Magic</label>
		<externalViolence>true</externalViolence>
		<deathMessage>{0} was destroyed by elemental fire.</deathMessage>
		<hediff>Burn</hediff>
		<harmAllLayersUntilOutside>false</harmAllLayersUntilOutside>
		<defaultDamage>12</defaultDamage>
		<armorCategory>Heat</armorCategory>
		<explosionSnowMeltAmount>1</explosionSnowMeltAmount>
		<explosionCellMote>Mote_BlastFlame</explosionCellMote>
		<explosionColorCenter>(1, 0.7, 0.7)</explosionColorCenter>
		<explosionColorEdge>(1, 1, 0.7)</explosionColorEdge>
		<soundExplosion>Explosion_Flame</soundExplosion>
	</DamageDef>
	
	<DamageDef ParentName="TM_LocalInjuryBase">
		<defName>TM_Firestorm_Small</defName>
		<label>Fire Magic</label>
		<externalViolence>true</externalViolence>
		<deathMessage>{0} was destroyed by elemental fire.</deathMessage>
		<hediff>Burn</hediff>
		<harmAllLayersUntilOutside>false</harmAllLayersUntilOutside>
		<defaultDamage>14</defaultDamage>
		<armorCategory>Heat</armorCategory>
		<explosionSnowMeltAmount>1</explosionSnowMeltAmount>
		<explosionCellMote>Mote_BlastFlame</explosionCellMote>
		<explosionColorCenter>(1, 0.6, 0.5)</explosionColorCenter>
		<explosionColorEdge>(1, .95, 0.7)</explosionColorEdge>
		<soundExplosion>Explosion_Flame</soundExplosion>
		<additionalHediffs>
			<li>
				<hediff>TM_Terror</hediff>
				<severityPerDamageDealt>1</severityPerDamageDealt>
			</li>
		</additionalHediffs>
	</DamageDef>
	
	<DamageDef ParentName="TM_LocalInjuryBase">
		<defName>TM_Firestorm_Large</defName>
		<label>Fire Magic</label>
		<externalViolence>true</externalViolence>
		<deathMessage>{0} was destroyed by elemental fire.</deathMessage>
		<hediff>Burn</hediff>
		<harmAllLayersUntilOutside>false</harmAllLayersUntilOutside>
		<defaultDamage>12</defaultDamage>
		<armorCategory>Heat</armorCategory>
		<explosionSnowMeltAmount>1</explosionSnowMeltAmount>
		<explosionCellMote>Mote_BlastFlame</explosionCellMote>
		<explosionColorCenter>(1, 0.5, 0.4)</explosionColorCenter>
		<explosionColorEdge>(1, .9, 0.65)</explosionColorEdge>
		<soundExplosion>Explosion_Flame</soundExplosion>
		<additionalHediffs>
			<li>
				<hediff>TM_Terror</hediff>
				<severityPerDamageDealt>2</severityPerDamageDealt>
			</li>
		</additionalHediffs>
	</DamageDef>
	
	<DamageDef ParentName="TM_LocalInjuryBase">
		<defName>TM_Blizzard_Small</defName>
		<label>Ice Magic</label>
		<externalViolence>true</externalViolence>
		<deathMessage>{0} froze to death in a blizzard.</deathMessage>
		<hediff>Blizzard</hediff>
		<harmAllLayersUntilOutside>true</harmAllLayersUntilOutside>
		<defaultDamage>14</defaultDamage>
		<armorCategory>Heat</armorCategory>
		<explosionSnowMeltAmount>0</explosionSnowMeltAmount>
		<explosionCellMote>Mote_SparkFlash</explosionCellMote>
		<explosionColorCenter>(0.0, 0.1, 1.0, 0.7)</explosionColorCenter>
		<explosionColorEdge>(0.0, 0.3, 1.0, 0.8)</explosionColorEdge>
		<explosionInteriorMote>Mote_ElectricalSpark</explosionInteriorMote>
		<soundExplosion>Artillery_HitThickRoof</soundExplosion>
	</DamageDef>
	
	<DamageDef ParentName="TM_LocalInjuryBase">
		<defName>TM_Blizzard_Large</defName>
		<label>Ice Magic</label>
		<externalViolence>true</externalViolence>
		<deathMessage>{0} froze to death in a blizzard.</deathMessage>
		<hediff>Blizzard</hediff>
		<harmAllLayersUntilOutside>true</harmAllLayersUntilOutside>
		<impactSoundType>Blunt</impactSoundType>
		<armorCategory>Heat</armorCategory>
		<defaultDamage>12</defaultDamage>
		<explosionSnowMeltAmount>0</explosionSnowMeltAmount>
		<explosionCellMote>Mote_SparkFlash</explosionCellMote>
		<explosionColorCenter>(1, 1, 1.0, 0.7)</explosionColorCenter>
		<explosionColorEdge>(0.0, 0.3, 1.0, 0.8)</explosionColorEdge>
		<explosionInteriorMote>Mote_ElectricalSpark</explosionInteriorMote>
		<soundExplosion>Artillery_HitThickRoof</soundExplosion>
	</DamageDef>
  
	<DamageDef ParentName="TM_LocalInjuryBase">
		<defName>TM_Lightning</defName>
		<label>Lightning Magic</label>
		<externalViolence>true</externalViolence>
		<deathMessage>{0} was destroyed by elemental lightning.</deathMessage>
		<hediff>TM_Lightning</hediff>
		<harmAllLayersUntilOutside>true</harmAllLayersUntilOutside>
		<defaultDamage>6</defaultDamage>
		<armorCategory>Heat</armorCategory>
		<explosionSnowMeltAmount>0</explosionSnowMeltAmount>
		<explosionCellMote>Mote_BlastEMP</explosionCellMote>
		<explosionColorCenter>(0.8, 0.7, 1.0, 0.8)</explosionColorCenter>
		<explosionColorEdge>(1, 0.7, 1.0, 0.8)</explosionColorEdge>
		<explosionInteriorMote>Mote_ElectricalSpark</explosionInteriorMote>
		<soundExplosion>Explosion_EMP</soundExplosion>
	</DamageDef>
	
	<DamageDef ParentName="TM_LocalInjuryBase">
		<defName>TM_LightningCloud</defName>
		<label>Lightning Magic</label>
		<externalViolence>true</externalViolence>
		<deathMessage>{0} was destroyed by elemental lightning.</deathMessage>
		<hediff>TM_LightningCloud</hediff>
		<harmAllLayersUntilOutside>true</harmAllLayersUntilOutside>
		<defaultDamage>6</defaultDamage>
		<impactSoundType>Electric</impactSoundType>
		<armorCategory>Heat</armorCategory>
		<explosionSnowMeltAmount>0</explosionSnowMeltAmount>
		<explosionCellMote>Mote_SparkFlash</explosionCellMote>
		<explosionColorEdge>(0.8, 0.7, 1.0, 0.8)</explosionColorEdge>
		<explosionColorCenter>(1, 0.7, 1.0, 0.8)</explosionColorCenter>
		<explosionInteriorMote>Mote_ElectricalSpark</explosionInteriorMote>
		<buildingDamageFactor>0.0</buildingDamageFactor>
		<soundExplosion>Explosion_EMP</soundExplosion>
	</DamageDef>
	
	<DamageDef ParentName="TM_LocalInjuryBase">
		<defName>FrostRay</defName>
		<label>frostray</label>
		<externalViolence>true</externalViolence>
		<deathMessage>{0} has frozen to death.</deathMessage>
		<hediff>FrostRay</hediff>
		<harmAllLayersUntilOutside>true</harmAllLayersUntilOutside>
		<impactSoundType>Blunt</impactSoundType>
		<armorCategory>Heat</armorCategory>
	</DamageDef>
	
	<DamageDef ParentName="TM_LocalInjuryBase">
		<defName>Snowball</defName>
		<label>snowball</label>
		<externalViolence>true</externalViolence>
		<deathMessage>{0} has frozen to death.</deathMessage>
		<hediff>Snowball</hediff>
		<harmAllLayersUntilOutside>true</harmAllLayersUntilOutside>
		<impactSoundType>Blunt</impactSoundType>
		<armorCategory>Heat</armorCategory>
		<defaultDamage>10</defaultDamage>
		<explosionSnowMeltAmount>0</explosionSnowMeltAmount>
		<explosionCellMote>Mote_SparkFlash</explosionCellMote>
		<explosionColorEdge>(0.0, 0.2, 1.0, 0.8)</explosionColorEdge>
		<explosionInteriorMote>Mote_ElectricalSpark</explosionInteriorMote>
		<soundExplosion>Artillery_HitThickRoof</soundExplosion>
	</DamageDef>
	
	<DamageDef ParentName="TM_LocalInjuryBase">
		<defName>Iceshard</defName>
		<label>Iceshard</label>
		<externalViolence>true</externalViolence>
		<deathMessage>{0} has been shredded by shards of ice.</deathMessage>
		<hediff>Iceshard</hediff>
		<harmAllLayersUntilOutside>true</harmAllLayersUntilOutside>
		<impactSoundType>Slice</impactSoundType>
		<armorCategory>Sharp</armorCategory>
		<defaultDamage>4</defaultDamage>
		<explosionSnowMeltAmount>0</explosionSnowMeltAmount>
		<explosionCellMote>Mote_SparkFlash</explosionCellMote>
		<explosionColorEdge>(0.0, 0.2, 1.0, 0.8)</explosionColorEdge>
		<explosionInteriorMote>Mote_ElectricalSpark</explosionInteriorMote>
		<soundExplosion>PunchThroughRoofMetal</soundExplosion>
	</DamageDef>
	
	<DamageDef ParentName="TM_LocalInjuryBase">
		<defName>Firebolt</defName>
		<workerClass>DamageWorker_Flame</workerClass>
		<hasForcefulImpact>true</hasForcefulImpact>
		<makesBlood>false</makesBlood>
		<label>Firebolt</label>
		<externalViolence>true</externalViolence>
		<deathMessage>{0} has been consumned by fire.</deathMessage>
		<hediff>TM_Firebolt</hediff>
		<harmAllLayersUntilOutside>true</harmAllLayersUntilOutside>
		<armorCategory>Heat</armorCategory>
		<defaultDamage>4</defaultDamage>
		<explosionHeatEnergyPerCell>25</explosionHeatEnergyPerCell>
		<explosionSnowMeltAmount>1</explosionSnowMeltAmount>
		<explosionCellMote>Mote_BlastFlame</explosionCellMote>
		<explosionColorEdge>(1, 0.7, 0.7)</explosionColorEdge>
		<explosionInteriorMote>Mote_ElectricalSpark</explosionInteriorMote>
		<soundExplosion>Explosion_Flame</soundExplosion>
	</DamageDef>
	
	<DamageDef ParentName="TM_LocalInjuryBase">
		<defName>RayofHope</defName>
		<label>Magical Augmentation</label>
		<externalViolence>false</externalViolence>
		<canInterruptJobs>false</canInterruptJobs>
		<makesBlood>false</makesBlood>
		<hasForcefulImpact>false</hasForcefulImpact>
		<deathMessage>{0} mysteriously departed.</deathMessage>
<!-- 		<hediff>RayofHope</hediff> -->
		<harmAllLayersUntilOutside>false</harmAllLayersUntilOutside>
		<defaultDamage>0</defaultDamage>
		<isExplosive>false</isExplosive>
		<impactSoundType>Blunt</impactSoundType>
		<armorCategory>Light</armorCategory>
		<explosionSnowMeltAmount>0</explosionSnowMeltAmount>
		<explosionCellMote>Mote_ThoughtGood</explosionCellMote>
		<explosionColorEdge>(0.8, 0.7, 1.0, 0.8)</explosionColorEdge>
		<explosionColorCenter>(1, 0.7, 1.0, 0.8)</explosionColorCenter>
		<explosionInteriorMote>Mote_ElectricalSpark</explosionInteriorMote>
		<buildingDamageFactor>0.0</buildingDamageFactor>
		<soundExplosion>Explosion_EMP</soundExplosion>
	</DamageDef>
	
	<DamageDef ParentName="TM_LocalInjuryBase">
		<defName>SoothingBreeze</defName>
		<label>Magical Augmentation</label>
		<externalViolence>false</externalViolence>
		<canInterruptJobs>false</canInterruptJobs>
		<makesBlood>false</makesBlood>
		<hasForcefulImpact>false</hasForcefulImpact>
		<deathMessage>{0} mysteriously departed.</deathMessage>
		<hediff>SoothingBreeze_I</hediff>
		<harmAllLayersUntilOutside>false</harmAllLayersUntilOutside>
		<defaultDamage>0</defaultDamage>
		<isExplosive>false</isExplosive>
		<impactSoundType>Blunt</impactSoundType>
		<armorCategory>Light</armorCategory>
		<explosionSnowMeltAmount>0</explosionSnowMeltAmount>
		<explosionCellMote>Mote_ThoughtGood</explosionCellMote>
		<explosionColorEdge>(0.8, 0.7, 1.0, 0.8)</explosionColorEdge>
		<explosionColorCenter>(1, 0.7, 1.0, 0.8)</explosionColorCenter>
		<explosionInteriorMote>Mote_ElectricalSpark</explosionInteriorMote>
		<buildingDamageFactor>0.0</buildingDamageFactor>
		<soundExplosion>Explosion_EMP</soundExplosion>
	</DamageDef>
	
	<DamageDef ParentName="TM_LocalInjuryBase">
		<defName>AMP</defName>
		<label>Magical Augmentation</label>
		<externalViolence>false</externalViolence>
		<canInterruptJobs>false</canInterruptJobs>
		<makesBlood>false</makesBlood>
		<hasForcefulImpact>false</hasForcefulImpact>
		<deathMessage>{0} mysteriously departed.</deathMessage>
		<hediff>AMP_I</hediff>
		<harmAllLayersUntilOutside>false</harmAllLayersUntilOutside>
		<defaultDamage>0</defaultDamage>
		<isExplosive>false</isExplosive>
		<impactSoundType>Blunt</impactSoundType>
		<armorCategory>Light</armorCategory>
		<explosionSnowMeltAmount>0</explosionSnowMeltAmount>
		<explosionCellMote>Mote_ThoughtGood</explosionCellMote>
		<explosionColorEdge>(0.8, 0.7, 1.0, 0.8)</explosionColorEdge>
		<explosionColorCenter>(1, 0.7, 1.0, 0.8)</explosionColorCenter>
		<explosionInteriorMote>Mote_ElectricalSpark</explosionInteriorMote>
		<buildingDamageFactor>0.0</buildingDamageFactor>
		<soundExplosion>Explosion_EMP</soundExplosion>
	</DamageDef>
	
	<DamageDef ParentName="TM_LocalInjuryBase">
		<defName>Shadow</defName>
		<label>Magical Augmentation</label>
		<externalViolence>false</externalViolence>
		<canInterruptJobs>false</canInterruptJobs>
		<makesBlood>false</makesBlood>
		<hasForcefulImpact>false</hasForcefulImpact>
		<deathMessage>{0} mysteriously departed.</deathMessage>
		<hediff>Shadow_I</hediff>
		<harmAllLayersUntilOutside>false</harmAllLayersUntilOutside>
		<defaultDamage>0</defaultDamage>
		<isExplosive>false</isExplosive>
		<impactSoundType>Blunt</impactSoundType>
		<armorCategory>Dark</armorCategory>
		<explosionSnowMeltAmount>0</explosionSnowMeltAmount>
		<explosionCellMote>Mote_ThoughtGood</explosionCellMote>
		<explosionColorEdge>(0.8, 0.7, 1.0, 0.8)</explosionColorEdge>
		<explosionColorCenter>(1, 0.7, 1.0, 0.8)</explosionColorCenter>
		<explosionInteriorMote>Mote_ElectricalSpark</explosionInteriorMote>
		<buildingDamageFactor>0.0</buildingDamageFactor>
		<soundExplosion>Explosion_EMP</soundExplosion>
	</DamageDef>
	
	<DamageDef ParentName="TM_LocalInjuryBase">
		<defName>TM_GrapplingHook</defName>
		<label>Grappling Hook</label>
		<externalViolence>true</externalViolence>
		<canInterruptJobs>true</canInterruptJobs>
		<makesBlood>true</makesBlood>
		<hasForcefulImpact>true</hasForcefulImpact>
		<deathMessage>{0} was torn apart.</deathMessage>
		<hediff>TM_GrapplingHook</hediff>
		<hediffSkin>TM_GrapplingHook</hediffSkin>
		<hediffSolid>Crack</hediffSolid>
		<harmAllLayersUntilOutside>false</harmAllLayersUntilOutside>
		<isExplosive>false</isExplosive>
		<impactSoundType>Blunt</impactSoundType>
		<armorCategory>Blunt</armorCategory>
	</DamageDef>
	
	<DamageDef ParentName="TM_LocalInjuryBase">
		<defName>TM_Whirlwind</defName>
		<label>Whirlwind</label>
		<externalViolence>true</externalViolence>
		<canInterruptJobs>true</canInterruptJobs>
		<makesBlood>true</makesBlood>
		<hasForcefulImpact>true</hasForcefulImpact>
		<deathMessage>{0} was cut down.</deathMessage>
		<hediff>TM_Whirlwind_Knockdown</hediff>
		<hediffSkin>TM_Whirlwind_Knockdown</hediffSkin>
		<hediffSolid>Crack</hediffSolid>
		<harmAllLayersUntilOutside>false</harmAllLayersUntilOutside>
		<isExplosive>false</isExplosive>
		<impactSoundType>Slice</impactSoundType>
		<armorCategory>Sharp</armorCategory>
	</DamageDef>
	
	<DamageDef ParentName="TM_LocalInjuryBase">
		<defName>TM_Cleave</defName>
		<label>Cleave</label>
		<externalViolence>true</externalViolence>
		<canInterruptJobs>true</canInterruptJobs>
		<makesBlood>true</makesBlood>
		<hasForcefulImpact>true</hasForcefulImpact>
		<deathMessage>{0} was cut in two by a massive blow.</deathMessage>
		<hediff>Cut</hediff>
		<hediffSkin>Cut</hediffSkin>
		<hediffSolid>Crack</hediffSolid>
		<harmAllLayersUntilOutside>true</harmAllLayersUntilOutside>
		<isExplosive>false</isExplosive>
		<impactSoundType>Slice</impactSoundType>
		<armorCategory>Sharp</armorCategory>
	</DamageDef>
	
	<DamageDef ParentName="TM_LocalInjuryBase">
		<defName>TM_Headshot</defName>
		<label>Headshot</label>
		<externalViolence>true</externalViolence>
		<canInterruptJobs>true</canInterruptJobs>
		<makesBlood>true</makesBlood>
		<hasForcefulImpact>true</hasForcefulImpact>
		<deathMessage>{0} was taken out with a headshot.</deathMessage>
		<hediff>Gunshot</hediff>
		<hediffSkin>Gunshot</hediffSkin>
		<hediffSolid>Crack</hediffSolid>
		<harmAllLayersUntilOutside>true</harmAllLayersUntilOutside>
		<isExplosive>false</isExplosive>
		<impactSoundType>Bullet</impactSoundType>
		<armorCategory>Sharp</armorCategory>
	</DamageDef>
	
	<DamageDef ParentName="TM_LocalInjuryBase">
		<defName>TM_DisablingShot</defName>
		<label>Disabling Shot</label>
		<externalViolence>true</externalViolence>
		<canInterruptJobs>true</canInterruptJobs>
		<makesBlood>true</makesBlood>
		<hasForcefulImpact>true</hasForcefulImpact>
		<deathMessage>{0} died from a disabling shot...</deathMessage>
		<hediff>TM_DisablingShot_HD</hediff>
		<hediffSkin>TM_DisablingShot_HD</hediffSkin>
		<hediffSolid>Crack</hediffSolid>
		<harmAllLayersUntilOutside>true</harmAllLayersUntilOutside>
		<isExplosive>false</isExplosive>
		<impactSoundType>Bullet</impactSoundType>
		<armorCategory>Sharp</armorCategory>
	</DamageDef>
	
	<DamageDef ParentName="TM_LocalInjuryBase">
		<defName>TM_Tranquilizer</defName>
		<label>Disabling Shot</label>
		<externalViolence>true</externalViolence>
		<canInterruptJobs>true</canInterruptJobs>
		<makesBlood>true</makesBlood>
		<hasForcefulImpact>true</hasForcefulImpact>
		<deathMessage>{0} died from a disabling shot...</deathMessage>
		<hediff>TM_DisablingShot_HD</hediff>
		<hediffSkin>TM_DisablingShot_HD</hediffSkin>
		<hediffSolid>Crack</hediffSolid>
		<harmAllLayersUntilOutside>true</harmAllLayersUntilOutside>
		<isExplosive>false</isExplosive>
		<impactSoundType>Bullet</impactSoundType>
		<armorCategory>Sharp</armorCategory>
		<additionalHediffs>
			<li>
				<hediff>TM_Tranquilizer_HD</hediff>
				<severityPerDamageDealt>1</severityPerDamageDealt>
			</li>
		</additionalHediffs>
	</DamageDef>
	
	<DamageDef ParentName="TM_LocalInjuryBase">
		<defName>TM_Poison</defName>
		<label>Poison</label>
		<externalViolence>true</externalViolence>
		<canInterruptJobs>false</canInterruptJobs>
		<makesBlood>false</makesBlood>
		<hasForcefulImpact>false</hasForcefulImpact>
		<deathMessage>{0} succumbed to poison.</deathMessage>
		<hediff>TM_Poison_HD</hediff>
		<hediffSkin>TM_Poison_HD</hediffSkin>
		<hediffSolid>TM_Poison_HD</hediffSolid>
		<harmAllLayersUntilOutside>true</harmAllLayersUntilOutside>
		<isExplosive>false</isExplosive>
		<impactSoundType>Bullet</impactSoundType>
		<armorCategory>Dark</armorCategory>
		<additionalHediffs>
			<li>
				<hediff>TM_Slow_HD</hediff>
				<severityPerDamageDealt>.1</severityPerDamageDealt>
			</li>
		</additionalHediffs>
	</DamageDef>
	
	<DamageDef ParentName="TM_LocalInjuryBase">
		<defName>TM_PhaseStrike</defName>
		<label>phase strike</label>
		<externalViolence>true</externalViolence>
		<canInterruptJobs>true</canInterruptJobs>
		<makesBlood>true</makesBlood>
		<hasForcefulImpact>true</hasForcefulImpact>
		<deathMessage>{0} was cut to ribbons.</deathMessage>
		<hediff>Cut</hediff>
		<hediffSkin>Cut</hediffSkin>
		<hediffSolid>Crack</hediffSolid>
		<harmAllLayersUntilOutside>true</harmAllLayersUntilOutside>
		<armorCategory>Sharp</armorCategory>
		<isExplosive>false</isExplosive>		
		<additionalHediffs>
			<li>
				<hediff>TM_HamstringHD</hediff>
				<severityPerDamageDealt>.5</severityPerDamageDealt>
			</li>
		</additionalHediffs>
	</DamageDef>
	
  <DamageDef ParentName="TM_LocalInjuryBase">
    <defName>TM_Arrow</defName>
    <label>arrow storm</label>
    <externalViolence>true</externalViolence>
    <deathMessage>{0} has been shot to death.</deathMessage>
    <hediff>Cut</hediff>
    <hediffSolid>Crack</hediffSolid>
    <harmAllLayersUntilOutside>true</harmAllLayersUntilOutside>
    <impactSoundType>Bullet</impactSoundType>
    <armorCategory>Sharp</armorCategory>
	<isExplosive>false</isExplosive>
  </DamageDef>
  
    <DamageDef ParentName="TM_LocalInjuryBase">
    <defName>TM_Shrapnel</defName>
    <label>ranger extra damage</label>
    <externalViolence>true</externalViolence>
    <deathMessage>{0} has been shot to death.</deathMessage>
    <hediff>Cut</hediff>
    <hediffSolid>Crack</hediffSolid>
    <harmAllLayersUntilOutside>true</harmAllLayersUntilOutside>
    <impactSoundType>Bullet</impactSoundType>
    <armorCategory>Sharp</armorCategory>
	<isExplosive>false</isExplosive>
  </DamageDef>
  
  <DamageDef ParentName="TM_LocalInjuryBase">
    <defName>TM_ArcaneSpectre</defName>
    <label>arcane spectre</label>
    <externalViolence>true</externalViolence>
    <deathMessage>{0} has been destroyed by a malicious spirit</deathMessage>
    <hediff>TM_arcaneSpectre</hediff>
    <hediffSolid>TM_arcaneSpectre</hediffSolid>
    <harmAllLayersUntilOutside>true</harmAllLayersUntilOutside>
    <impactSoundType>Bullet</impactSoundType>
    <armorCategory>Dark</armorCategory>
	<isExplosive>false</isExplosive>
  </DamageDef>
  
  <DamageDef Name="ElectricalBase" Abstract="True">
		<harmsHealth>true</harmsHealth>
		<makesBlood>false</makesBlood>
	</DamageDef>

	<DamageDef ParentName="ElectricalBase">
		<defName>TM_ElectricalBurn</defName>
		<label>electrical burn</label>
		<externalViolenceForMechanoids>true</externalViolenceForMechanoids>
		<deathMessage>{0} has been electrocuted to death.</deathMessage>
		<impactSoundType>Electric</impactSoundType>
		<defaultDamage>20</defaultDamage>
		<explosionSnowMeltAmount>0</explosionSnowMeltAmount>
		<explosionCellMote>Mote_BlastEMP</explosionCellMote>
		<explosionColorEdge>(1, 1, 0.4, 0.8)</explosionColorEdge>
		<explosionInteriorMote>Mote_ElectricalSpark</explosionInteriorMote>
		<soundExplosion>Explosion_EMP</soundExplosion>
		<combatLogRules>Damage_EMP</combatLogRules>
		<armorCategory>Heat</armorCategory>
	</DamageDef>
	
   <DamageDef ParentName="TM_LocalInjuryBase">
    <defName>TM_BloodyCut</defName>
    <label>bloody cut</label>
    <externalViolence>true</externalViolence>
    <deathMessage>{0} has perished from drawing too much blood</deathMessage>
    <hediff>TM_BloodyCutHD</hediff>
    <hediffSolid>TM_BloodyCutHD</hediffSolid>
    <harmAllLayersUntilOutside>true</harmAllLayersUntilOutside>
	<defaultDamage>4</defaultDamage>
    <impactSoundType>Slice</impactSoundType>
    <armorCategory>Dark</armorCategory>
	<isExplosive>false</isExplosive>
	<harmsHealth>true</harmsHealth>
	<makesBlood>true</makesBlood>
  </DamageDef>
  
  <DamageDef ParentName="TM_LocalInjuryBase">
	<defName>TM_BloodBurn</defName>
	<label>blood burn</label>
	<externalViolence>true</externalViolence>
	<hediff>Burn</hediff>
	<deathMessage>{0} has been burned to death.</deathMessage>
	<defaultDamage>20</defaultDamage>
	<explosionSnowMeltAmount>1</explosionSnowMeltAmount>
	<explosionCellMote>Mote_BloodFlame</explosionCellMote>
	<explosionColorCenter>(.6, .6, .4, 1)</explosionColorCenter>
	<explosionColorEdge>(0.2, 0, 0, .7)</explosionColorEdge>
<!-- 		<explosionInteriorMote>Mote_ElectricalSpark</explosionInteriorMote> -->
	<soundExplosion>TM_FireWooshSD</soundExplosion>
	<combatLogRules>Damage_Flame</combatLogRules>
	<armorCategory>Heat</armorCategory>
	<harmsHealth>true</harmsHealth>
	<makesBlood>true</makesBlood>
  </DamageDef>
  
  <DamageDef ParentName="TM_LocalInjuryBase">
	<defName>TM_Enchanted_Fire</defName>
	<workerClass>DamageWorker_Flame</workerClass>
	<label>fire enchantment</label>
	<externalViolence>true</externalViolence>
	<hediff>Burn</hediff>
	<deathMessage>{0} has been burned to death.</deathMessage>
	<defaultDamage>10</defaultDamage>
	<combatLogRules>Damage_Flame</combatLogRules>
	<armorCategory>Heat</armorCategory>
	<harmsHealth>true</harmsHealth>
	<makesBlood>false</makesBlood>
  </DamageDef>
  
  <DamageDef ParentName="TM_LocalInjuryBase">
	<defName>TM_Enchanted_Ice</defName>
	<label>ice enchantment</label>
	<externalViolence>true</externalViolence>
	<hediff>Iceshard</hediff>
	<deathMessage>{0} has frozen to death.</deathMessage>
	<defaultDamage>10</defaultDamage>
	<combatLogRules>Combat_MeleeDamageIncludes</combatLogRules>
	<armorCategory>Heat</armorCategory>
	<harmsHealth>true</harmsHealth>
	<makesBlood>true</makesBlood>
  </DamageDef>
  
  <DamageDef ParentName="TM_LocalInjuryBase">
		<defName>TM_DisablingBlow</defName>
		<label>disabling blow</label>
		<externalViolence>true</externalViolence>
		<canInterruptJobs>true</canInterruptJobs>
		<makesBlood>false</makesBlood>
		<hasForcefulImpact>true</hasForcefulImpact>
		<deathMessage>{0} died from blunt force trauma...</deathMessage>
		<hediff>TM_DisablingBlowHD</hediff>
		<hediffSkin>TM_DisablingBlowHD</hediffSkin>
		<hediffSolid>Crack</hediffSolid>
		<harmAllLayersUntilOutside>true</harmAllLayersUntilOutside>
		<isExplosive>false</isExplosive>
		<impactSoundType>Blunt</impactSoundType>
		<armorCategory>Blunt</armorCategory>
	</DamageDef>
	
  <DamageDef ParentName="TM_LocalInjuryBase">
    <defName>TM_DragonStrike</defName>
    <label>dragon strike</label>
    <externalViolence>true</externalViolence>
    <deathMessage>{0} has been slain by martial arts: dragon strike</deathMessage>
    <hediff>Crush</hediff>
    <hediffSolid>Crack</hediffSolid>
    <harmAllLayersUntilOutside>true</harmAllLayersUntilOutside>
    <impactSoundType>Blunt</impactSoundType>
    <armorCategory>Light</armorCategory>
	<isExplosive>false</isExplosive>
  </DamageDef>
  
  <DamageDef ParentName="TM_LocalInjuryBase">
    <defName>TM_TigerStrike</defName>
    <label>tiger strike</label>
    <externalViolence>true</externalViolence>
    <deathMessage>{0} has been slain by martial arts: tiger strike.</deathMessage>
    <hediff>Crush</hediff>
    <hediffSolid>Crack</hediffSolid>
    <harmAllLayersUntilOutside>true</harmAllLayersUntilOutside>
    <impactSoundType>Blunt</impactSoundType>
    <armorCategory>Light</armorCategory>
	<isExplosive>false</isExplosive>
  </DamageDef>
  
  <DamageDef ParentName="TM_LocalInjuryBase">
    <defName>TM_CQC</defName>
    <label>CQC</label>
    <externalViolence>true</externalViolence>
    <deathMessage>{0} has been defeated in close quarters combat.</deathMessage>
    <hediff>Cut</hediff>
    <hediffSolid>Crack</hediffSolid>
    <harmAllLayersUntilOutside>true</harmAllLayersUntilOutside>
    <impactSoundType>Blunt</impactSoundType>
    <armorCategory>Sharp</armorCategory>
	<isExplosive>false</isExplosive>
  </DamageDef>
  
  <DamageDef ParentName="TM_LocalInjuryBase">
    <defName>TM_BreachingCharge</defName>
    <label>breaching charge</label>
    <workerClass>DamageWorker_AddInjury</workerClass>
    <externalViolence>true</externalViolence>
    <isExplosive>true</isExplosive>
    <deathMessage>{0} has died in an explosion.</deathMessage>
    <hediff>Shredded</hediff>
    <hediffSolid>Crack</hediffSolid>
    <harmAllLayersUntilOutside>true</harmAllLayersUntilOutside>
    <impactSoundType>Blunt</impactSoundType>
    <armorCategory>Sharp</armorCategory>
    <minDamageToFragment>15</minDamageToFragment>
    <defaultDamage>20</defaultDamage>
    <defaultStoppingPower>0.5</defaultStoppingPower>
    <defaultArmorPenetration>2</defaultArmorPenetration>
    <buildingDamageFactor>30</buildingDamageFactor>
    <plantDamageFactor>5</plantDamageFactor>
    <explosionAffectOutsidePartsOnly>false</explosionAffectOutsidePartsOnly>
    <explosionHeatEnergyPerCell>20</explosionHeatEnergyPerCell>
    <explosionCellMote>Mote_BlastDry</explosionCellMote>
    <explosionColorCenter>(1, 0.5, 0.3)</explosionColorCenter>
    <explosionColorEdge>(0.6, 0.5, 0.4)</explosionColorEdge>
    <soundExplosion>Explosion_Bomb</soundExplosion>
    <combatLogRules>Damage_Bomb</combatLogRules>
  </DamageDef>
  
    <!-- Toxin: damages inner organs without damaging outside parts -->
  <DamageDef ParentName="TM_LocalInjuryBase">
    <defName>TM_Toxin</defName>
    <label>toxin</label>
    <workerClass>DamageWorker_AddInjury</workerClass>
    <deathMessage>{0} has been killed by toxin.</deathMessage>
    <hediff>TM_ToxinHD</hediff>
    <harmAllLayersUntilOutside>false</harmAllLayersUntilOutside>
    <hasForcefulImpact>false</hasForcefulImpact>
    <canInterruptJobs>false</canInterruptJobs>
	<makesBlood>false</makesBlood>
    <impactSoundType />
    <armorCategory />
	<buildingDamageFactor>0</buildingDamageFactor>
    <plantDamageFactor>0</plantDamageFactor>
	<explosionAffectOutsidePartsOnly>false</explosionAffectOutsidePartsOnly>
    <explosionHeatEnergyPerCell>-2</explosionHeatEnergyPerCell>
    <explosionCellMote>Mote_ShadowCloud</explosionCellMote>
    <explosionColorCenter>(.45, 0.15, 0.64)</explosionColorCenter>
    <explosionColorEdge>(0.97, 0.76, 1)</explosionColorEdge>
    <soundExplosion>TM_SoftExplosion</soundExplosion>
  </DamageDef>
  
  <DamageDef ParentName="TM_LocalInjuryBase">
	<defName>TM_BurningLight</defName>
	<label>Burning light</label>
	<externalViolence>true</externalViolence>
	<deathMessage>{0} was vanquished in burning light.</deathMessage>
	<hediff>TM_LightDD</hediff>
	<makesBlood>false</makesBlood>
	<harmAllLayersUntilOutside>true</harmAllLayersUntilOutside>
	<defaultDamage>6</defaultDamage>
	<armorCategory>Heat</armorCategory>
	<plantDamageFactor>2</plantDamageFactor>
	<explosionSnowMeltAmount>.9</explosionSnowMeltAmount>
	<explosionHeatEnergyPerCell>25</explosionHeatEnergyPerCell>
	<explosionCellMote>Mote_BlastExtinguisher</explosionCellMote>
	<explosionColorCenter>(1, 1, 1)</explosionColorCenter>
	<explosionColorEdge>(.8, .8, .8)</explosionColorEdge>
	<soundExplosion>TM_SoftExplosion</soundExplosion>
  </DamageDef>
  
</Defs>
