<?xml version="1.0" encoding="utf-8" ?>
<Defs>

 <ThingDef ParentName="TM_BuildingBase">
    <defName>TM_Teleporter</defName>
    <label>Teleporter</label>
    <description>A portal platform used to contain teleport pods.</description>
    <graphicData>
      <texPath>Items/portalplatform</texPath>
      <graphicClass>Graphic_Single</graphicClass>
      <drawSize>(2,3)</drawSize>
    </graphicData>
    <size>(1,2)</size>
    <rotatable>true</rotatable>
    <altitudeLayer>Building</altitudeLayer>
    <passability>PassThroughOnly</passability>
    <castEdgeShadows>true</castEdgeShadows>
    <fillPercent>1.0</fillPercent>
<!--     <designationCategory>Misc</designationCategory> -->
    <canOverlapZones>false</canOverlapZones>
    <building>
	  <expandHomeArea>false</expandHomeArea>
      <hasFuelingPort>true</hasFuelingPort>
    </building>
    <statBases>
      <MaxHitPoints>2</MaxHitPoints>
      <WorkToBuild>6000</WorkToBuild>
      <Flammability>0</Flammability>
    </statBases>
    <costList>

    </costList>
	
	<resourcesFractionWhenDeconstructed>0</resourcesFractionWhenDeconstructed>
	<leaveResourcesWhenKilled>false</leaveResourcesWhenKilled>
    <comps>
      <li Class="CompProperties_Refuelable">
        <fuelCapacity>45.0</fuelCapacity>
        <targetFuelLevelConfigurable>true</targetFuelLevelConfigurable>
        <initialConfigurableTargetFuelLevel>45</initialConfigurableTargetFuelLevel>
        <fuelFilter>
          <thingDefs>
            <li>Portfuel</li>
          </thingDefs>
        </fuelFilter>
        <consumeFuelOnlyWhenUsed>true</consumeFuelOnlyWhenUsed>
        <autoRefuelPercent>100</autoRefuelPercent>
        <showFuelGizmo>true</showFuelGizmo>
        <drawOutOfFuelOverlay>false</drawOutOfFuelOverlay>
				<drawFuelGaugeInMap>true</drawFuelGaugeInMap>
      </li>
    </comps>
    <placeWorkers>
      <li>PlaceWorker_FuelingPort</li>
      <li>PlaceWorker_NotUnderRoof</li>
    </placeWorkers>
    <drawPlaceWorkersWhileSelected>true</drawPlaceWorkersWhileSelected>
		<researchPrerequisites>
		
		</researchPrerequisites>
  </ThingDef>
  
  <ThingDef ParentName="TM_BuildingBase">
    <defName>TM_Teleporter_I</defName>
    <label>Teleporter (I)</label>
    <description>A portal platform used to contain teleport pods.</description>
    <graphicData>
      <texPath>Items/portalplatform</texPath>
      <graphicClass>Graphic_Single</graphicClass>
      <drawSize>(2,3)</drawSize>
    </graphicData>
    <size>(1,2)</size>
    <rotatable>true</rotatable>
    <altitudeLayer>Building</altitudeLayer>
    <passability>PassThroughOnly</passability>
    <castEdgeShadows>true</castEdgeShadows>
    <fillPercent>1.0</fillPercent>
<!--     <designationCategory>Misc</designationCategory> -->
    <canOverlapZones>false</canOverlapZones>
    <building>
	  <expandHomeArea>false</expandHomeArea>
      <hasFuelingPort>true</hasFuelingPort>
    </building>
    <statBases>
      <MaxHitPoints>2</MaxHitPoints>
      <WorkToBuild>6000</WorkToBuild>
      <Flammability>0</Flammability>
    </statBases>
    <costList>

    </costList>
	<leaveResourcesWhenKilled>false</leaveResourcesWhenKilled>
	<resourcesFractionWhenDeconstructed>0</resourcesFractionWhenDeconstructed>
    <comps>
      <li Class="CompProperties_Refuelable">
        <fuelCapacity>60.0</fuelCapacity>
        <targetFuelLevelConfigurable>true</targetFuelLevelConfigurable>
        <initialConfigurableTargetFuelLevel>60</initialConfigurableTargetFuelLevel>
        <fuelFilter>
          <thingDefs>
            <li>Portfuel</li>
          </thingDefs>
        </fuelFilter>
        <consumeFuelOnlyWhenUsed>true</consumeFuelOnlyWhenUsed>
        <autoRefuelPercent>100</autoRefuelPercent>
        <showFuelGizmo>true</showFuelGizmo>
        <drawOutOfFuelOverlay>false</drawOutOfFuelOverlay>
				<drawFuelGaugeInMap>true</drawFuelGaugeInMap>
      </li>
    </comps>
    <placeWorkers>
      <li>PlaceWorker_FuelingPort</li>
      <li>PlaceWorker_NotUnderRoof</li>
    </placeWorkers>
    <drawPlaceWorkersWhileSelected>true</drawPlaceWorkersWhileSelected>
		<researchPrerequisites>

		</researchPrerequisites>
  </ThingDef>
  
  <ThingDef ParentName="TM_BuildingBase">
    <defName>TM_Teleporter_II</defName>
    <label>Teleporter (II)</label>
    <description>A portal platform used to contain teleport pods.</description>
    <graphicData>
      <texPath>Items/portalplatform</texPath>
      <graphicClass>Graphic_Single</graphicClass>
      <drawSize>(2,3)</drawSize>
    </graphicData>
    <size>(1,2)</size>
    <rotatable>true</rotatable>
    <altitudeLayer>Building</altitudeLayer>
    <passability>PassThroughOnly</passability>
    <castEdgeShadows>true</castEdgeShadows>
    <fillPercent>1.0</fillPercent>
<!--     <designationCategory>Misc</designationCategory> -->
    <canOverlapZones>false</canOverlapZones>
    <building>
	  <expandHomeArea>false</expandHomeArea>
      <hasFuelingPort>true</hasFuelingPort>
    </building>
    <statBases>
      <MaxHitPoints>2</MaxHitPoints>
      <WorkToBuild>6000</WorkToBuild>
      <Flammability>0</Flammability>
    </statBases>
    <costList>

    </costList>
	<leaveResourcesWhenKilled>false</leaveResourcesWhenKilled>
	<resourcesFractionWhenDeconstructed>0</resourcesFractionWhenDeconstructed>
    <comps>
      <li Class="CompProperties_Refuelable">
        <fuelCapacity>75.0</fuelCapacity>
        <targetFuelLevelConfigurable>true</targetFuelLevelConfigurable>
        <initialConfigurableTargetFuelLevel>75</initialConfigurableTargetFuelLevel>
        <fuelFilter>
          <thingDefs>
            <li>Portfuel</li>
          </thingDefs>
        </fuelFilter>
        <consumeFuelOnlyWhenUsed>true</consumeFuelOnlyWhenUsed>
        <autoRefuelPercent>100</autoRefuelPercent>
        <showFuelGizmo>true</showFuelGizmo>
        <drawOutOfFuelOverlay>false</drawOutOfFuelOverlay>
				<drawFuelGaugeInMap>true</drawFuelGaugeInMap>
      </li>
    </comps>
    <placeWorkers>
      <li>PlaceWorker_FuelingPort</li>
      <li>PlaceWorker_NotUnderRoof</li>
    </placeWorkers>
    <drawPlaceWorkersWhileSelected>true</drawPlaceWorkersWhileSelected>
		<researchPrerequisites>

		</researchPrerequisites>
  </ThingDef>
  
  <ThingDef ParentName="TM_BuildingBase">
    <defName>TM_Teleporter_III</defName>
    <label>Teleporter (III)</label>
    <description>A portal platform used to contain teleport pods.</description>
    <graphicData>
      <texPath>Items/portalplatform</texPath>
      <graphicClass>Graphic_Single</graphicClass>
      <drawSize>(2,3)</drawSize>
    </graphicData>
    <size>(1,2)</size>
    <rotatable>true</rotatable>
    <altitudeLayer>Building</altitudeLayer>
    <passability>PassThroughOnly</passability>
    <castEdgeShadows>true</castEdgeShadows>
    <fillPercent>1.0</fillPercent>
<!--     <designationCategory>Misc</designationCategory> -->
    <canOverlapZones>false</canOverlapZones>
    <building>
	  <expandHomeArea>false</expandHomeArea>
      <hasFuelingPort>true</hasFuelingPort>
    </building>
    <statBases>
      <MaxHitPoints>2</MaxHitPoints>
      <WorkToBuild>6000</WorkToBuild>
      <Flammability>0</Flammability>
    </statBases>
    <costList>

    </costList>
	<leaveResourcesWhenKilled>false</leaveResourcesWhenKilled>
	<resourcesFractionWhenDeconstructed>0</resourcesFractionWhenDeconstructed>
    <comps>
      <li Class="CompProperties_Refuelable">
        <fuelCapacity>90.0</fuelCapacity>
        <targetFuelLevelConfigurable>true</targetFuelLevelConfigurable>
        <initialConfigurableTargetFuelLevel>90</initialConfigurableTargetFuelLevel>
        <fuelFilter>
          <thingDefs>
            <li>Portfuel</li>
          </thingDefs>
        </fuelFilter>
        <consumeFuelOnlyWhenUsed>true</consumeFuelOnlyWhenUsed>
        <autoRefuelPercent>100</autoRefuelPercent>
        <showFuelGizmo>true</showFuelGizmo>
        <drawOutOfFuelOverlay>false</drawOutOfFuelOverlay>
				<drawFuelGaugeInMap>true</drawFuelGaugeInMap>
      </li>
    </comps>
    <placeWorkers>
      <li>PlaceWorker_FuelingPort</li>
      <li>PlaceWorker_NotUnderRoof</li>
    </placeWorkers>
    <drawPlaceWorkersWhileSelected>true</drawPlaceWorkersWhileSelected>
		<researchPrerequisites>

		</researchPrerequisites>
  </ThingDef>
  
    <ThingDef ParentName="TM_BuildingBase">
    <defName>TM_TeleportPod</defName>
    <label>Teleport Pod</label>
    <description>Large flat cylinder used by warlocks to rapidly transport between locations.</description>
    <graphicData>
      <texPath>Items/portal</texPath>
      <graphicClass>Graphic_Single</graphicClass>
      <drawSize>(2,2)</drawSize>
    </graphicData>
    <size>(1,1)</size>
    <rotatable>false</rotatable>
    <altitudeLayer>BuildingOnTop</altitudeLayer>
    <passability>PassThroughOnly</passability>
    <castEdgeShadows>false</castEdgeShadows>
    <fillPercent>0.5</fillPercent>
	<building>
		<expandHomeArea>false</expandHomeArea>
	</building>
    <statBases>
      <MaxHitPoints>25</MaxHitPoints>
      <WorkToBuild>3000</WorkToBuild>
      <Flammability>0</Flammability>
    </statBases>
    <costList>

    </costList>
	<leaveResourcesWhenKilled>false</leaveResourcesWhenKilled>
	<resourcesFractionWhenDeconstructed>0</resourcesFractionWhenDeconstructed>
    <comps>
	  <li Class="CompProperties_Transporter">
		<massCapacity>600</massCapacity>
	  </li>
      <li Class="CompProperties_Launchable" />
    </comps>
    <placeWorkers>
      <li>PlaceWorker_NeedsFuelingPort</li>
      <li>PlaceWorker_NotUnderRoof</li>
    </placeWorkers>
		<researchPrerequisites>
		</researchPrerequisites>
  </ThingDef>
  
  <ThingDef ParentName="TM_BuildingBase">
    <defName>TM_TeleportPod_I</defName>
    <label>Teleport Pod (I)</label>
    <description>Large flat cylinder used by warlocks to rapidly transport between locations.</description>
    <graphicData>
      <texPath>Items/portal</texPath>
      <graphicClass>Graphic_Single</graphicClass>
      <drawSize>(2,2)</drawSize>
    </graphicData>
    <size>(1,1)</size>
    <rotatable>false</rotatable>
    <altitudeLayer>BuildingOnTop</altitudeLayer>
    <passability>PassThroughOnly</passability>
    <castEdgeShadows>false</castEdgeShadows>
    <fillPercent>0.5</fillPercent>
	<building>
		<expandHomeArea>false</expandHomeArea>
	</building>
    <statBases>
      <MaxHitPoints>25</MaxHitPoints>
      <WorkToBuild>3000</WorkToBuild>
      <Flammability>0</Flammability>
    </statBases>
    <costList>

    </costList>
	<leaveResourcesWhenKilled>false</leaveResourcesWhenKilled>
	<resourcesFractionWhenDeconstructed>0</resourcesFractionWhenDeconstructed>
    <comps>
	  <li Class="CompProperties_Transporter">
		<massCapacity>1000</massCapacity>
	  </li>
      <li Class="CompProperties_Launchable" />
    </comps>
    <placeWorkers>
      <li>PlaceWorker_NeedsFuelingPort</li>
      <li>PlaceWorker_NotUnderRoof</li>
    </placeWorkers>
		<researchPrerequisites>

		</researchPrerequisites>
  </ThingDef>
  
  <ThingDef ParentName="TM_BuildingBase">
    <defName>TM_TeleportPod_II</defName>
    <label>Teleport Pod (II)</label>
    <description>Large flat cylinder used by warlocks to rapidly transport between locations.</description>
    <graphicData>
      <texPath>Items/portal</texPath>
      <graphicClass>Graphic_Single</graphicClass>
      <drawSize>(2,2)</drawSize>
    </graphicData>
    <size>(1,1)</size>
    <rotatable>false</rotatable>
    <altitudeLayer>BuildingOnTop</altitudeLayer>
    <passability>PassThroughOnly</passability>
    <castEdgeShadows>false</castEdgeShadows>
    <fillPercent>0.5</fillPercent>
	<building>
		<expandHomeArea>false</expandHomeArea>
	</building>
    <statBases>
      <MaxHitPoints>25</MaxHitPoints>
      <WorkToBuild>3000</WorkToBuild>
      <Flammability>0</Flammability>
    </statBases>
    <costList>

    </costList>
	<leaveResourcesWhenKilled>false</leaveResourcesWhenKilled>
	<resourcesFractionWhenDeconstructed>0</resourcesFractionWhenDeconstructed>
    <comps>
	  <li Class="CompProperties_Transporter">
		<massCapacity>1400</massCapacity>
	  </li>
      <li Class="CompProperties_Launchable" />
    </comps>
    <placeWorkers>
      <li>PlaceWorker_NeedsFuelingPort</li>
      <li>PlaceWorker_NotUnderRoof</li>
    </placeWorkers>
		<researchPrerequisites>

		</researchPrerequisites>
  </ThingDef>
  
  <ThingDef ParentName="TM_BuildingBase">
    <defName>TM_TeleportPod_III</defName>
    <label>Teleport Pod (III)</label>
    <description>Large flat cylinder used by warlocks to rapidly transport between locations.</description>
    <graphicData>
      <texPath>Items/portal</texPath>
      <graphicClass>Graphic_Single</graphicClass>
      <drawSize>(2,2)</drawSize>
    </graphicData>
    <size>(1,1)</size>
    <rotatable>false</rotatable>
    <altitudeLayer>BuildingOnTop</altitudeLayer>
    <passability>PassThroughOnly</passability>
    <castEdgeShadows>false</castEdgeShadows>
    <fillPercent>0.5</fillPercent>
	<building>
		<expandHomeArea>false</expandHomeArea>
	</building>
    <statBases>
      <MaxHitPoints>25</MaxHitPoints>
      <WorkToBuild>3000</WorkToBuild>
      <Flammability>0</Flammability>
    </statBases>
    <costList>

    </costList>
	<leaveResourcesWhenKilled>false</leaveResourcesWhenKilled>
	<resourcesFractionWhenDeconstructed>0</resourcesFractionWhenDeconstructed>
    <comps>
	  <li Class="CompProperties_Transporter">
		<massCapacity>2000</massCapacity>
	  </li>
      <li Class="CompProperties_Launchable" />
    </comps>
    <placeWorkers>
      <li>PlaceWorker_NeedsFuelingPort</li>
      <li>PlaceWorker_NotUnderRoof</li>
    </placeWorkers>
		<researchPrerequisites>

		</researchPrerequisites>
  </ThingDef>
  
  <ThingDef ParentName="ResourceBase">
    <defName>Portfuel</defName>
    <label>portfuel</label>
    <description>Arcane energy bottled for fuel. Used to charge portals.</description>
		<tickerType>Normal</tickerType>
    <graphicData>
      <texPath>Items/portfuel</texPath>
      <graphicClass>Graphic_Single</graphicClass>
    </graphicData>
	<destroyOnDrop>true</destroyOnDrop>
	<tradeability>None</tradeability>
	<menuHidden>true</menuHidden>
<!-- 	</entityDefToBuild> -->
    <stackLimit>400</stackLimit>
		<deepCommonality>0</deepCommonality>
		<deepCountPerCell>300</deepCountPerCell>
		<statBases>
      <MaxHitPoints>20</MaxHitPoints>
      <MarketValue>0</MarketValue>
      <Mass>0.02</Mass>
      <Flammability>1.0</Flammability>
			<DeteriorationRate>10000.0</DeteriorationRate>
		</statBases>
    <thingCategories>
      <li>Manufactured</li>
    </thingCategories>
		<comps>
			<li Class="CompProperties_Explosive">
				<explosiveRadius>3.1</explosiveRadius>
				<explosiveDamageType>Stun</explosiveDamageType>
				<explosiveExpandPerStackcount>0.5</explosiveExpandPerStackcount>
				<startWickOnDamageTaken>Stun</startWickOnDamageTaken>
				<startWickHitPointsPercent>0.333</startWickHitPointsPercent>
<!-- 				<preExplosionSpawnThingDef>FilthFuel</preExplosionSpawnThingDef> -->
				<preExplosionSpawnChance>1</preExplosionSpawnChance>
				<wickTicks>
					<min>150</min>
					<max>300</max>
				</wickTicks>
			</li>
		</comps>
  </ThingDef>
  
  <ThingDef ParentName="TM_BuildingBase">
    <defName>TM_Heater</defName>
    <label>magical heater</label>
    <thingClass>TorannMagic.Building_TMHeater</thingClass>
    <description>An active dimensional tap into the Plane of Fire that can be used to heat confined spaces. Can also be used for various cooking or cremating tasks. Lasts about 3 days.</description>    
    <category>Building</category>
    <graphicData>
      <texPath>Spells/invis</texPath>
      <graphicClass>Graphic_Single</graphicClass>
      <drawRotated>false</drawRotated>
      <allowFlip>false</allowFlip>
      <damageData>
        <rect>(0.2,0,0.6,0.1)</rect>
      </damageData>
    </graphicData>
    <altitudeLayer>Building</altitudeLayer>
    <passability>PassThroughOnly</passability>
	<tradeability>None</tradeability>
    <pathCost>50</pathCost>
    <!-- <constructEffect>ConstructDirt</constructEffect> -->
    <tickerType>Normal</tickerType>
    <drawerType>RealtimeOnly</drawerType>
    <fillPercent>.5</fillPercent>
	<hasInteractionCell>True</hasInteractionCell>
    <interactionCellOffset>(0,0,0)</interactionCellOffset>
    <statBases>
      <MaxHitPoints>80</MaxHitPoints>
<!--       <WorkToBuild>200</WorkToBuild>
      <Flammability>0</Flammability> -->
    </statBases>
    <selectable>true</selectable>
    <costList>
      <ManaPotion>4</ManaPotion> 
    </costList>
    <soundImpactDefault>BulletImpact_Ground</soundImpactDefault>
    <leaveResourcesWhenKilled>false</leaveResourcesWhenKilled>
    <resourcesFractionWhenDeconstructed>0</resourcesFractionWhenDeconstructed>
    <placeWorkers>
      <li>PlaceWorker_Heater</li>
    </placeWorkers>
    <drawPlaceWorkersWhileSelected>true</drawPlaceWorkersWhileSelected>
    <comps>
      <li Class="TorannMagic.CompProperties_Summoned"></li>
      <li Class="CompProperties_Glower">
        <glowRadius>18</glowRadius>
        <glowColor>(252,64,34,0)</glowColor>
      </li>
      <li Class="CompProperties_HeatPusher">
        <heatPerSecond>25</heatPerSecond>
        <heatPushMaxTemperature>26</heatPushMaxTemperature>
      </li>
      <li Class="CompProperties_FireOverlay">
        <fireSize>1</fireSize>
      </li>
      <li>
        <compClass>CompGatherSpot</compClass>
      </li>
    </comps>
    <recipes>
      <li>CookMealSimple</li>
      <li>Make_Pemmican</li>
      <li>BurnApparel</li>
      <li>BurnDrugs</li>
	  <li>CremateCorpse</li>
    </recipes>
    <inspectorTabs>
      <li>ITab_Bills</li>
    </inspectorTabs>
    <building>
      <isMealSource>true</isMealSource>
      <spawnedConceptLearnOpportunity>BillsTab</spawnedConceptLearnOpportunity>
    </building>

    <!-- <constructionSkillPrerequisite>3</constructionSkillPrerequisite> -->
  </ThingDef>
  
  <ThingDef ParentName="TM_BuildingBase">
    <defName>TM_Cooler</defName>
	<thingClass>TorannMagic.Building_TMCooler</thingClass>
    <label>magical cooler</label>
    <description>An active dimensional tap into the Plane of Ice that can be used to cool confined spaces.</description>
    <category>Building</category>
    <graphicData>
      <texPath>Spells/invis</texPath>
      <graphicClass>Graphic_Single</graphicClass>
      <drawRotated>false</drawRotated>
      <allowFlip>false</allowFlip>
      <damageData>
        <rect>(0.2,0,0.6,0.1)</rect>
      </damageData>
    </graphicData>
    <altitudeLayer>Building</altitudeLayer>
    <passability>PassThroughOnly</passability>
	<tradeability>None</tradeability>
    <pathCost>50</pathCost>
    <constructEffect>ConstructDirt</constructEffect>
    <tickerType>Normal</tickerType>
    <drawerType>RealtimeOnly</drawerType>
    <fillPercent>0.6</fillPercent>
    <statBases>
      <MaxHitPoints>80</MaxHitPoints>
      <WorkToBuild>200</WorkToBuild>
      <Flammability>0</Flammability>
    </statBases>
    <selectable>true</selectable>
    <costList>

    </costList>
    <soundImpactDefault>BulletImpact_Ground</soundImpactDefault>
    <leaveResourcesWhenKilled>false</leaveResourcesWhenKilled>
    <resourcesFractionWhenDeconstructed>0</resourcesFractionWhenDeconstructed>
    <placeWorkers>
      <li>PlaceWorker_CoolerSimple</li>
    </placeWorkers>
    <drawPlaceWorkersWhileSelected>true</drawPlaceWorkersWhileSelected>
    <comps>
      <li Class="CompProperties_HeatPusher">
        <heatPerSecond>-25</heatPerSecond>
        <heatPushMinTemperature>-4</heatPushMinTemperature>
      </li>
	  <li Class="CompProperties_Glower">
        <glowRadius>10</glowRadius>
        <glowColor>(0,0,153,0)</glowColor>
      </li>
      <li Class="TorannMagic.CompProperties_Summoned"></li>
    </comps>
<!--     <designationCategory>Temperature</designationCategory>
    <designationHotKey>Misc2</designationHotKey> -->
    <researchPrerequisites>

    </researchPrerequisites> 
    <constructionSkillPrerequisite>4</constructionSkillPrerequisite>
  </ThingDef>
  
  
  <ThingDef ParentName="TM_BuildingBase">
    <defName>TM_PowerNode</defName>
    <label>Arcane power node</label>
	<thingClass>TorannMagic.Building_TMPowerNode</thingClass>
    <description>An arcane energy node that provides power for a limited amount of time.</description>
    <category>Building</category>
    <graphicData>
      <texPath>Spells/invis</texPath>
      <graphicClass>Graphic_Single</graphicClass>
      <drawRotated>false</drawRotated>
      <allowFlip>false</allowFlip>
      <damageData>
        <rect>(0.2,0,0.6,0.1)</rect>
      </damageData>
    </graphicData>
    <altitudeLayer>Building</altitudeLayer>
    <passability>PassThroughOnly</passability>
	<tradeability>None</tradeability>
    <pathCost>50</pathCost>
    <constructEffect>ConstructDirt</constructEffect>
    <tickerType>Normal</tickerType>
    <drawerType>RealtimeOnly</drawerType>
    <fillPercent>0.4</fillPercent>
    <statBases>
      <MaxHitPoints>80</MaxHitPoints>
      <WorkToBuild>200</WorkToBuild>
      <Flammability>0</Flammability>
    </statBases>
    <selectable>true</selectable>
    <costList>

    </costList>
    <soundImpactDefault>BulletImpact_Ground</soundImpactDefault>
    <leaveResourcesWhenKilled>false</leaveResourcesWhenKilled>
    <resourcesFractionWhenDeconstructed>0</resourcesFractionWhenDeconstructed>
    <placeWorkers>
      <li>PlaceWorker_CoolerSimple</li>
    </placeWorkers>
    <drawPlaceWorkersWhileSelected>true</drawPlaceWorkersWhileSelected>
    <comps>
      <li Class="CompProperties_Power">
        <compClass>CompPowerPlant</compClass>
        <basePowerConsumption>-600</basePowerConsumption>
        <transmitsPower>true</transmitsPower>
		<shortCircuitInRain>false</shortCircuitInRain>
      </li>
	  <li Class="CompProperties_Glower">
        <glowRadius>2</glowRadius>
        <glowColor>(255,51,255,0)</glowColor>
      </li>
      <li Class="TorannMagic.CompProperties_Summoned"></li>
    </comps>
<!--     <designationCategory>Temperature</designationCategory>
    <designationHotKey>Misc2</designationHotKey> -->
    <researchPrerequisites>

    </researchPrerequisites> 
    <constructionSkillPrerequisite>4</constructionSkillPrerequisite>
  </ThingDef>
  
   
  <ThingDef ParentName="TM_BuildingBase">
    <defName>TM_Sunlight</defName>
	<thingClass>TorannMagic.Building_TMSunlight</thingClass>
    <label>sun light</label>
    <description>A dimensional pocket emitting a continous source of light strong enough to grow crops.</description>
    <category>Building</category>
    <graphicData>
      <texPath>Spells/invis</texPath>
      <graphicClass>Graphic_Single</graphicClass>
      <drawRotated>false</drawRotated>
      <allowFlip>false</allowFlip>
      <damageData>
        <rect>(0.2,0,0.6,0.1)</rect>
      </damageData>
    </graphicData>
    <altitudeLayer>Building</altitudeLayer>
    <passability>PassThroughOnly</passability>
	<tradeability>None</tradeability>
    <pathCost>50</pathCost>
    <constructEffect>ConstructDirt</constructEffect>
    <tickerType>Normal</tickerType>
    <drawerType>RealtimeOnly</drawerType>
    <fillPercent>1.0</fillPercent>
    <statBases>
      <MaxHitPoints>80</MaxHitPoints>
      <WorkToBuild>200</WorkToBuild>
      <Flammability>0</Flammability>
    </statBases>
    <selectable>true</selectable>
    <costList>

    </costList>
    <soundImpactDefault>BulletImpact_Ground</soundImpactDefault>
    <leaveResourcesWhenKilled>false</leaveResourcesWhenKilled>
    <resourcesFractionWhenDeconstructed>0</resourcesFractionWhenDeconstructed>
    <placeWorkers>
      <li>PlaceWorker_CoolerSimple</li>
    </placeWorkers>
    <drawPlaceWorkersWhileSelected>true</drawPlaceWorkersWhileSelected>
    <comps>
      <li Class="CompProperties_Glower">
        <overlightRadius>7.0</overlightRadius>
        <glowRadius>14</glowRadius>
        <glowColor>(370,370,370,0)</glowColor>
      </li>
	  <li Class="TorannMagic.CompProperties_Summoned"></li>
    </comps>
<!--     <designationCategory>Temperature</designationCategory>
    <designationHotKey>Misc2</designationHotKey> -->
    <researchPrerequisites>

    </researchPrerequisites> 
    <constructionSkillPrerequisite>4</constructionSkillPrerequisite>
	<specialDisplayRadius>5.8</specialDisplayRadius>
  </ThingDef>
  
  <ThingDef ParentName="TM_BuildingBase">
    <defName>TM_Sentinel</defName>
    <label>Sentinel</label>
    <thingClass>TorannMagic.Building_TMSentinel</thingClass>
    <graphicData>
      <texPath>PawnKind/gargoyle</texPath>
      <graphicClass>Graphic_Multi</graphicClass>
      <drawSize>(1,1)</drawSize>
	  <shadowData>
          <volume>(0.3, 0.3, 0.3)</volume>
          <offset>(0,0,-0.32)</offset>
      </shadowData>
      <damageData>
        <rect>(0,0,3,1.8)</rect>
        <cornerBL>Damage/Corner</cornerBL>
        <cornerBR>Damage/Corner</cornerBR>
      </damageData>
    </graphicData>
	<tickerType>Normal</tickerType>
    <altitudeLayer>Building</altitudeLayer>
    <passability>PassThroughOnly</passability>
    <blockWind>true</blockWind>
    <castEdgeShadows>true</castEdgeShadows>
    <fillPercent>1</fillPercent>
    <canOverlapZones>false</canOverlapZones>
	<tradeability>None</tradeability>
    <statBases>
      <MaxHitPoints>500</MaxHitPoints>
      <WorkToBuild>8000</WorkToBuild>
      <Flammability>0</Flammability>
    </statBases>
    <description>This statue is made of stone and shaped to look like a terrifying creature. The statue is smaller than an average person and has the look of a rough cut and quality, though, you notice the eyes, ears, and claws seems to have finer detail.
	
As you drawn near the statue, an eerie glint from the eyes of the stone sentinel seems to follow you, and you get the feeling that you are being watched.</description>
	<drawerType>MapMeshAndRealTime</drawerType>
	<drawPlaceWorkersWhileSelected>true</drawPlaceWorkersWhileSelected>
	<resourcesFractionWhenDeconstructed>0</resourcesFractionWhenDeconstructed>
	<leaveResourcesWhenKilled>false</leaveResourcesWhenKilled>
    <size>(1,1)</size>
    <costList>
      <Steel>5</Steel>  
    </costList>
	<stuffCategories>
      <li>Stony</li>
    </stuffCategories>
    <hasInteractionCell>false</hasInteractionCell>
    <terrainAffordanceNeeded>Light</terrainAffordanceNeeded>
<!--     <designationCategory>Misc</designationCategory> -->
	<building>
		<ai_chillDestination>false</ai_chillDestination>
		<claimable>false</claimable>
		<deconstructible>false</deconstructible>
	</building>
    <staticSunShadowHeight>0.0</staticSunShadowHeight>
    <designationHotKey>Misc3</designationHotKey>
  </ThingDef>
  
  <ThingDef ParentName="TM_BuildingBase">
    <defName>TM_MageLightTD</defName>
	<thingClass>TorannMagic.Building_TMMageLight</thingClass>
    <label>magelight</label>
    <description>A light source created by a mage.</description>    
    <graphicData>
      <texPath>Spells/invis</texPath>
      <graphicClass>Graphic_Single</graphicClass>
      <drawRotated>false</drawRotated>
      <allowFlip>false</allowFlip>
      <damageData>
        <rect>(0.2,0,0.6,0.1)</rect>
      </damageData>
	  <drawSize>(1,1)</drawSize>
    </graphicData>
	<building>
		<isInert>true</isInert>
	</building>
	<size>(1,1)</size>
	<fillPercent>.1</fillPercent>
    <altitudeLayer>MoteOverhead</altitudeLayer>
    <passability>Standable</passability>
	<tradeability>None</tradeability>
    <pathCost>0</pathCost>
    <!-- <constructEffect>ConstructDirt</constructEffect> -->
    <tickerType>Normal</tickerType>
    <drawerType>RealtimeOnly</drawerType>
    <statBases>
    <MaxHitPoints>100</MaxHitPoints>
 <!--        <WorkToBuild>200</WorkToBuild>
      <Flammability>0</Flammability> -->
    </statBases>
    <selectable>false</selectable>
	<clearBuildingArea>false</clearBuildingArea>
    <soundImpactDefault>BulletImpact_Ground</soundImpactDefault>
    <leaveResourcesWhenKilled>false</leaveResourcesWhenKilled>
    <resourcesFractionWhenDeconstructed>0</resourcesFractionWhenDeconstructed>
    <drawPlaceWorkersWhileSelected>false</drawPlaceWorkersWhileSelected>
    <comps>
<!--       <li Class="TorannMagic.CompProperties_Summoned"></li> -->
      <li Class="CompProperties_Glower">
        <glowRadius>20</glowRadius>
        <glowColor>(252,255,204,1)</glowColor>
      </li>
    </comps>
  </ThingDef>

</Defs>