﻿<?xml version="1.0" encoding="utf-8" ?>
<Defs>

  
    <!--=============== Manaweave ====================-->
  
  <ThingDef ParentName="MagicResourceBase_Textile">
    <defName>TM_Manaweave</defName>
    <label>manaweave</label>
    <description>Manaweave is cloth that has been fused with magicyte and meticulously imbued with arcane symbols. Manaweave inherits many of the physical properties of cloth, but acquires an additional reactive response to physical force. What makes the fabric unique is its ability to act as a conductor of mana that enhances the effects of enchantments and naturally grants protection against light and dark magic. 

Extremely difficult and taxing to create, only a talented and knowledgeable mage can make this material.</description>
    <graphicData>
      <texPath>Items/manaweave</texPath>
      <graphicClass>Graphic_StackCount</graphicClass>
	  <color>(120,0,250)</color>
    </graphicData>
	<stackLimit>75</stackLimit>
	<statBases>
	  <Beauty>2</Beauty>
	  <MaxHitPoints>150</MaxHitPoints>
      <MarketValue>9</MarketValue>
	  <SellPriceFactor>.4</SellPriceFactor>
      <Mass>0.07</Mass>
      <Flammability>.6</Flammability>
      <DeteriorationRate>1</DeteriorationRate>
	  <StuffPower_Armor_Sharp>1.15</StuffPower_Armor_Sharp>
      <StuffPower_Armor_Blunt>0.45</StuffPower_Armor_Blunt>
      <StuffPower_Armor_Heat>1.40</StuffPower_Armor_Heat>
	  <StuffPower_Armor_Harmony>0.45</StuffPower_Armor_Harmony>
      <StuffPower_Insulation_Cold>20</StuffPower_Insulation_Cold>
      <StuffPower_Insulation_Heat>22</StuffPower_Insulation_Heat>
    </statBases>
	<stuffProps>
      <categories>
        <li>Fabric</li>
      </categories>
      <commonality>0.01</commonality>
      <color>(50,0,100)</color>
      <statFactors>
        <Flammability>0.6</Flammability>
        <MaxHitPoints>1.8</MaxHitPoints>
		<WorkToMake>1.4</WorkToMake>
		<Beauty>2</Beauty>
      </statFactors>
    </stuffProps>
	<tradeTags>
	  <li>RawArcane</li>
    </tradeTags>
  </ThingDef>
  
    <!--=============== Arcalleum ====================-->
	
  <ThingDef Name="MagicResourceBase_Resource" Abstract="True" ParentName="MagicResourceBase">
	<useHitPoints>true</useHitPoints>
  	<thingCategories>
      <li>ResourcesRaw</li>
    </thingCategories>
  </ThingDef>
  
  <ThingDef ParentName="MagicResourceBase_Resource">
    <defName>TM_Arcalleum</defName>
    <label>arcalleum</label>
    <description>A metal alloy consisting of steel, jade, silver and magicyte. Its unique composition gives it mystical properties that increased elasticity and creates reverberations of any magical energy transferred through it. The elasticity of the alloy makes it an excellent choice for blunt protection, but is sub-standard for use in weapons. Arcalleum is difficult to create and requires a forge capable of liquefying and combining all ingredients of the alloy.
	
	While arcalluem is sought after for its enhanced defensive properties, it is also prized by fighters and mages alike for its power to nullify the cooldown of any ability. Each kg of arcalleum worn increases the chance an ability cooldown is nullified after use by 1% (50% max).</description>
    <graphicData>
      <texPath>Items/arcalleum</texPath>
      <graphicClass>Graphic_StackCount</graphicClass>
	  <color>(0,70,100)</color>
	  <drawSize>.8</drawSize>
    </graphicData>
	<stackLimit>75</stackLimit>
	<statBases>
	  <Beauty>2</Beauty>
      <MarketValue>13</MarketValue>
	  <SellPriceFactor>.4</SellPriceFactor>
      <Mass>0.6</Mass>
      <Flammability>.1</Flammability>
      <DeteriorationRate>0</DeteriorationRate>
	  <StuffPower_Armor_Sharp>.92</StuffPower_Armor_Sharp>
      <StuffPower_Armor_Blunt>1.32</StuffPower_Armor_Blunt>
      <StuffPower_Armor_Heat>1.27</StuffPower_Armor_Heat>
	  <StuffPower_Armor_Harmony>0.36</StuffPower_Armor_Harmony>
      <StuffPower_Insulation_Cold>10</StuffPower_Insulation_Cold>
      <StuffPower_Insulation_Heat>12</StuffPower_Insulation_Heat>
	  <SharpDamageMultiplier>1</SharpDamageMultiplier>
      <BluntDamageMultiplier>.8</BluntDamageMultiplier>
    </statBases>
	<stuffProps>
      <categories>
        <li>Metallic</li>
      </categories>
      <commonality>0.01</commonality>
	  <constructEffect>ConstructMetal</constructEffect>
      <color>(0,70,100)</color>
	  <soundImpactStuff>BulletImpact_Metal</soundImpactStuff>
      <soundMeleeHitSharp>MeleeHit_Metal_Sharp</soundMeleeHitSharp>
      <soundMeleeHitBlunt>MeleeHit_Metal_Blunt</soundMeleeHitBlunt>
      <statFactors>
        <Flammability>0.1</Flammability>
        <MaxHitPoints>4</MaxHitPoints>
		<WorkToMake>4.5</WorkToMake>
		<WorkToBuild>4.5</WorkToBuild>
		<MeleeWeapon_CooldownMultiplier>0.65</MeleeWeapon_CooldownMultiplier>
		<Beauty>2</Beauty>
      </statFactors>
    </stuffProps>
	<deepCommonality>.25</deepCommonality>
    <deepCountPerPortion>4</deepCountPerPortion>
    <deepLumpSizeRange>
      <min>2</min>
      <max>4</max>
    </deepLumpSizeRange>
	<tradeTags>
	  <li>RawArcane</li>
    </tradeTags>
	<comps>
      <li>
        <compClass>CompColorable</compClass>
      </li>
    </comps>
    <colorGeneratorInTraderStock Class="ColorGenerator_Options">
      <options>
        <li>
          <weight>1</weight>
          <only>(0.0,0.275,0.392,1)</only>
        </li>
        <li>
          <weight>1</weight>
          <only>(0.792,0.592,0.043,1)</only>
        </li>
		<li>
          <weight>1</weight>
          <only>(0.0,0.259,0.129,1)</only>
        </li>
      </options>
    </colorGeneratorInTraderStock>
  </ThingDef>

</Defs>
