﻿<?xml version="1.0" encoding="utf-8" ?>
<Defs>

	<ThingDef Abstract="True" Name="BaseMageWeapon">
		<thingClass>ThingWithComps</thingClass>
		<category>Item</category>
		<drawGUIOverlay>true</drawGUIOverlay>
		<altitudeLayer>Item</altitudeLayer>
		<alwaysHaulable>true</alwaysHaulable>
		<tickerType>Never</tickerType>
		<equipmentType>Primary</equipmentType>		
		<useHitPoints>true</useHitPoints>
		<pathCost>10</pathCost>
		<selectable>true</selectable>
		<statBases>
			<MaxHitPoints>100</MaxHitPoints>
			<Flammability>1.0</Flammability>
			<DeteriorationRate>2</DeteriorationRate>
			<Beauty>2</Beauty>
			<SellPriceFactor>0.20</SellPriceFactor>
		</statBases>
		<comps>
			<li Class="CompProperties_Forbiddable"/>
			<li>
				<compClass>CompEquippable</compClass>
			</li>
		</comps>
		<graphicData>
			<onGroundRandomRotateAngle>35</onGroundRandomRotateAngle>
		</graphicData>
	</ThingDef>
	
  <ThingDef Name="BaseMageRing" Abstract="True" ParentName="BaseMageWeapon">
	<techLevel>Neolithic</techLevel>
	<smeltable>true</smeltable>
	<tradeability>None</tradeability>
	<thingCategories>
<!--       <li>WeaponsRanged</li> -->
    </thingCategories>
    <inspectorTabs>
      <li>ITab_Art</li>
    </inspectorTabs>
    <comps>
      <li>
        <compClass>CompQuality</compClass>
      </li>
      <li Class="CompProperties_Art">
        <nameMaker>NamerArtWeaponGun</nameMaker>
        <descriptionMaker>ArtDescription_WeaponGun</descriptionMaker>
        <minQualityForArtistic>Excellent</minQualityForArtistic>
      </li>
    </comps>
  </ThingDef>
  
  <ThingDef Name="BaseSeerProtectorRing" ParentName="BaseMageRing" Abstract="True">
    <weaponTags>
      <li>MageAttack</li>
    </weaponTags>
  </ThingDef>
  
  <ThingDef Name="TM_BaseRangedMageWeapon" Abstract="True" ParentName="BaseMageWeapon">
	<techLevel>Neolithic</techLevel>
	<smeltable>true</smeltable>
	<thingCategories>
      <li>WeaponsRanged</li>
    </thingCategories>
    <inspectorTabs>
      <li>ITab_Art</li>
	  <li>TorannMagic.Enchantment.ITab_Enchantment</li>
    </inspectorTabs>
    <comps>
      <li>
        <compClass>CompQuality</compClass>
      </li>
      <li Class="CompProperties_Art">
        <nameMaker>NamerArtWeaponGun</nameMaker>
        <descriptionMaker>ArtDescription_WeaponGun</descriptionMaker>
        <minQualityForArtistic>Excellent</minQualityForArtistic>
      </li>
    </comps>
	<equippedAngleOffset>40</equippedAngleOffset>
  </ThingDef>  
  
  <ThingDef Name="TM_BaseMeleeMageWeapon" Abstract="True" ParentName="BaseMageWeapon">
	<techLevel>Neolithic</techLevel>
	<smeltable>true</smeltable>
    <thingCategories>
      <li>WeaponsMelee</li>
    </thingCategories>
    <inspectorTabs>
      <li>ITab_Art</li>
	  <li>TorannMagic.Enchantment.ITab_Enchantment</li>
    </inspectorTabs>
    <comps>
      <li>
        <compClass>CompQuality</compClass>
      </li>
      <li Class="CompProperties_Art">
        <nameMaker>NamerArtWeaponGun</nameMaker>
        <descriptionMaker>ArtDescription_WeaponGun</descriptionMaker>
        <minQualityForArtistic>Excellent</minQualityForArtistic>
      </li>
    </comps>
	<equippedAngleOffset>40</equippedAngleOffset>
  </ThingDef>
  
  <ThingDef Name="TM_BaseWand" Abstract="True" ParentName="BaseMageWeapon">
	<techLevel>Neolithic</techLevel>
	<smeltable>true</smeltable>
	<thingCategories>
      <li>WeaponsRanged</li>
    </thingCategories>
    <inspectorTabs>
      <li>ITab_Art</li>
	  <li>TorannMagic.Enchantment.ITab_Enchantment</li>
    </inspectorTabs>
    <comps>
      <li>
        <compClass>CompQuality</compClass>
      </li>
      <li Class="CompProperties_Art">
        <nameMaker>NamerArtWeaponGun</nameMaker>
        <descriptionMaker>ArtDescription_WeaponGun</descriptionMaker>
        <minQualityForArtistic>Excellent</minQualityForArtistic>
      </li>
    </comps>
	<recipeMaker>
      <workSpeedStat>SmithingSpeed</workSpeedStat>
      <workSkill>Crafting</workSkill>
	  <effectWorking>Smelt</effectWorking>
      <unfinishedThingDef>UnfinishedWeapon</unfinishedThingDef>
	  <recipeUsers>
        <li>ElectricSmithy</li>
        <li>FueledSmithy</li>
		<li>CraftingSpot</li>
		<li>TableArcaneForge</li>
      </recipeUsers>
      <workAmount>6000</workAmount>
	  <skillRequirements>
			<Intellectual>6</Intellectual>
	  </skillRequirements>
	  <researchPrerequisite>
			<li>TM_ArcaneCrafting</li>
	  </researchPrerequisite>
    </recipeMaker>	
	<equippedAngleOffset>40</equippedAngleOffset>
  </ThingDef>  

  
  <!-- =======================Magic Weapons========================================================================================= -->

  <!-- =======================  Melee Weapons  ============================ --> 
  
  <ThingDef ParentName="TM_BaseMeleeMageWeapon">
		<defName>TM_ElephantSpear</defName>
		<label>elephant spear</label>
		<description>The elephant spear is crafted using the tusks of an elephant, and is typically a status symbol reserved for head hunters or leaders of a tribe. The shaft is engraved with minor enchantments, further boosting the combat abilities of the user.
		
This weapon is enchanted and provides additional benefits to trained mages and fighters:
Max Energy: +10%
Damage Boost: +10%
Arcane Resistance: +20%</description>
		<graphicData>
			<texPath>Items/weapons/elephantspear</texPath>
			<graphicClass>Graphic_Single</graphicClass>
			<drawSize>1.2</drawSize>
		</graphicData>
    <weaponTags>
      <li>SeerSpearman</li>
    </weaponTags>
	<statBases>
      <WorkToMake>20000</WorkToMake>
	  <MarketValue>800</MarketValue>
      <Mass>2.2</Mass>
	  <MaxHitPoints>300</MaxHitPoints>
	  <Flammability>0.5</Flammability>
	  <DeteriorationRate>1</DeteriorationRate>
    </statBases>
    <costList>
      <Steel>20</Steel>
      <WoodLog>60</WoodLog>
	  <RawMagicyte>80</RawMagicyte>
	  <ElephantTusk>2</ElephantTusk>
    </costList>
	<recipeMaker>
	  <workSpeedStat>SmithingSpeed</workSpeedStat>
      <workSkill>Crafting</workSkill>
	  <effectWorking>Smelt</effectWorking>
      <unfinishedThingDef>UnfinishedWeapon</unfinishedThingDef>
	  <recipeUsers>
        <li>ElectricSmithy</li>
        <li>FueledSmithy</li>
      </recipeUsers>
      <workAmount>20000</workAmount>
	  <skillRequirements>
			<Intellectual>2</Intellectual>
			<Crafting>5</Crafting>
	  </skillRequirements>
	  <researchPrerequisite>
			<li>TM_ArcaneCrafting</li>
	  </researchPrerequisite>
    </recipeMaker>	
	<comps>
		<li Class = "TorannMagic.Enchantment.CompProperties_EnchantedItem">
		  <hasEnchantment>true</hasEnchantment>
		  <maxMP>0.10</maxMP>
		  <maxMPTier>Standard</maxMPTier>
		  <arcaneDmg>0.10</arcaneDmg>
		  <arcaneDmgTier>Major</arcaneDmgTier>	
		  <arcaneRes>0.20</arcaneRes>
		  <arcaneResTier>Standard</arcaneResTier>	
		</li>
		<li>
		  <compClass>CompOversizedWeapon.CompOversizedWeapon</compClass>
		</li>
	</comps>
	<equippedAngleOffset>12</equippedAngleOffset>
    <tools>
      <li>
        <label>shaft</label>
        <capacities>
          <li>Blunt</li>
        </capacities>
        <power>14</power>
        <cooldownTime>2</cooldownTime>
      </li>
	  <li>
	    <label>point</label>
        <capacities>
          <li>Stab</li>
		  <li>Poke</li>
        </capacities>
        <power>20</power>
		<armorPenetration>0.55</armorPenetration>
        <cooldownTime>2.1</cooldownTime>
      </li>
	  <li>
        <label>slash</label>
        <capacities>
          <li>Cut</li>
        </capacities>
        <power>22</power>
		<armorPenetration>0.2</armorPenetration>
        <cooldownTime>1.8</cooldownTime>
      </li>
    </tools>
  </ThingDef>
  
  <!-- Elephant Bow -->	
  <ThingDef ParentName="BaseProjectileNeolithic"> <!-- Class="AbilityUser.ProjectileDef_Ability">
	<thingClass>AbilityUser.ProjectileDef_Ability</thingClass> -->
	<defName>Projectile_ElephantBow</defName>
	<label>Elephant bow bolt</label>
	<graphicData>
		<texPath>Things/Projectile/Arrow_Small</texPath>
		<graphicClass>Graphic_Single</graphicClass>
	</graphicData>
	<projectile>
		<flyOverhead>false</flyOverhead>
		<damageDef>ArrowHighVelocity</damageDef>
		<damageAmountBase>19</damageAmountBase>
		<speed>52</speed>
		<stoppingPower>1.75</stoppingPower>
		<armorPenetrationBase>0.20</armorPenetrationBase>
	</projectile>
  </ThingDef>


  <ThingDef ParentName="TM_BaseRangedMageWeapon">
    <defName>TM_ElephantBow</defName>
    <label>Elephant Bow</label>
    <description>A bow shaped from elephant tusks. The tusks are hallowed out to decrease rigidity and reduce weight and softened by soaking it in a magicyte compound that increases suppleness. The elephant bow offers significant improvements in range and accuracy for distant targets over the greatbow, though it is slightly more difficult to handle.
	
The elephant bow is engraved with minor enchantments and is a preferred weapon by many experienced rangers and hunters.

This weapon is enchanted and provides additional benefits to trained mages and fighters:
Max Energy: +5%
Energy Regen: +5%
Damage Boost: +10%
Ability Cooldown: -10%</description>
    <graphicData>
      <texPath>Items/weapons/elephantbow</texPath>
      <graphicClass>Graphic_Single</graphicClass>
	  <drawSize>1.5</drawSize>
    </graphicData>
    <soundInteract>Bow_Large</soundInteract>	
	<weaponTags>
      <li>SeerBowman</li>
    </weaponTags>
    <statBases>
      <WorkToMake>12000</WorkToMake>
	  <MarketValue>1250</MarketValue>
      <Mass>2.5</Mass>
	  <MaxHitPoints>180</MaxHitPoints>
      <AccuracyTouch>0.55</AccuracyTouch>
      <AccuracyShort>0.91</AccuracyShort>
      <AccuracyMedium>0.81</AccuracyMedium>
      <AccuracyLong>0.68</AccuracyLong>
      <RangedWeapon_Cooldown>1.5</RangedWeapon_Cooldown>
    </statBases>
    <costList>
      <Steel>20</Steel>
      <WoodLog>100</WoodLog>
	  <RawMagicyte>100</RawMagicyte>
	  <ElephantTusk>2</ElephantTusk>
    </costList>
	<recipeMaker>
	  <workSpeedStat>SmithingSpeed</workSpeedStat>
      <workSkill>Crafting</workSkill>
	  <effectWorking>Smelt</effectWorking>
      <unfinishedThingDef>UnfinishedWeapon</unfinishedThingDef>
	  <recipeUsers>
        <li>ElectricSmithy</li>
        <li>FueledSmithy</li>
		<li>CraftingSpot</li>
      </recipeUsers>
      <workAmount>12000</workAmount>
	  <skillRequirements>
			<Intellectual>2</Intellectual>
			<Crafting>6</Crafting>
	  </skillRequirements>
	  <researchPrerequisite>
			<li>TM_ArcaneCrafting</li>
	  </researchPrerequisite>
    </recipeMaker>	
	<comps>
		<li Class = "TorannMagic.Enchantment.CompProperties_EnchantedItem">
		  <hasEnchantment>true</hasEnchantment>
		  <maxMP>0.05</maxMP>
		  <maxMPTier>Minor</maxMPTier>
		  <mpRegenRate>0.05</mpRegenRate>
		  <mpRegenRateTier>Minor</mpRegenRateTier>
		  <arcaneDmg>0.10</arcaneDmg>
		  <arcaneDmgTier>Major</arcaneDmgTier>
		  <coolDown>-0.10</coolDown>
		  <coolDownTier>Standard</coolDownTier>
		</li>
		<li>
		  <compClass>CompOversizedWeapon.CompOversizedWeapon</compClass>
		</li>
	</comps>
	<equippedAngleOffset>-20</equippedAngleOffset>
    <verbs>
      <li>
        <verbClass>Verb_Shoot</verbClass>
        <hasStandardCommand>true</hasStandardCommand>
        <defaultProjectile>Projectile_ElephantBow</defaultProjectile>
        <warmupTime>2</warmupTime>
        <range>38</range>
        <soundCast>TM_ThrumBow</soundCast>
        <soundCastTail>TM_Woosh</soundCastTail>
        <muzzleFlashScale>1</muzzleFlashScale>
      </li>
    </verbs>
    <tools>
      <li>
        <label>limb</label>
        <capacities>
          <li>Blunt</li>
		  <li>Poke</li>
        </capacities>
        <power>12</power>
        <cooldownTime>2.4</cooldownTime>
      </li>
    </tools>
  </ThingDef>
  
  <ThingDef ParentName="TM_BaseMeleeMageWeapon">
		<defName>TM_ThrumboAxe</defName>
		<label>thrumbo axe</label>
		<description>An axe crafted using thrumbo horns that are fused together with a clasp made from magicyte. This clasp stores arcane potential and transfers it as physical force when the axe is swung, allowing it to deliver mighty blows capable of cleaving through multiple opponents. The shaft is also etched with magical runes to augment the wielder's power.
		
This weapon is enchanted and provides additional benefits to trained mages and fighters:
Max Energy: +10%
Damage Boost: +20%
Arcane Resistance: +30%</description>
		<graphicData>
			<texPath>Items/weapons/thrumboaxe_etched_offset</texPath>
			<graphicClass>Graphic_Single</graphicClass>
			<drawSize>1.4</drawSize>
		</graphicData>
    <weaponTags>
		<li>SeerElite</li>
    </weaponTags>
	<statBases>
      <WorkToMake>60000</WorkToMake>
	  <MarketValue>4650</MarketValue>
      <Mass>4</Mass>
	  <MaxHitPoints>450</MaxHitPoints>
	  <Flammability>1.0</Flammability>
	  <DeteriorationRate>1</DeteriorationRate>
    </statBases>
    <costList>
      <Steel>200</Steel>
      <WoodLog>50</WoodLog>
	  <Jade>50</Jade>
	  <Silver>20</Silver>
	  <RawMagicyte>200</RawMagicyte>
	  <ThrumboHorn>2</ThrumboHorn>
    </costList>
	<recipeMaker>
	  <workSpeedStat>SmithingSpeed</workSpeedStat>
      <workSkill>Crafting</workSkill>
	  <effectWorking>Smelt</effectWorking>
      <unfinishedThingDef>UnfinishedWeapon</unfinishedThingDef>
	  <recipeUsers>
        <li>ElectricSmithy</li>
        <li>FueledSmithy</li>
      </recipeUsers>
      <workAmount>60000</workAmount>
	  <skillRequirements>
			<Intellectual>4</Intellectual>
			<Crafting>6</Crafting>
	  </skillRequirements>
	  <researchPrerequisite>
			<li>TM_ArcaneApparel</li>
	  </researchPrerequisite>
    </recipeMaker>	
	<comps>
		<li Class = "TorannMagic.Enchantment.CompProperties_EnchantedItem">
		  <hasEnchantment>true</hasEnchantment>
		  <maxMP>0.10</maxMP>
		  <maxMPTier>Standard</maxMPTier>
		  <arcaneDmg>0.20</arcaneDmg>
		  <arcaneDmgTier>Crafted</arcaneDmgTier>	
		  <arcaneRes>0.30</arcaneRes>
		  <arcaneResTier>Major</arcaneResTier>	
		</li>
		<li>
		  <compClass>CompOversizedWeapon.CompOversizedWeapon</compClass>
		</li>
	</comps>
	<equippedAngleOffset>-15</equippedAngleOffset>
    <tools>
      <li>
        <label>handle</label>
        <capacities>
          <li>Blunt</li>
        </capacities>
        <power>9</power>
        <cooldownTime>.9</cooldownTime>
      </li>
	  <li>
	    <label>cleave</label>
        <capacities>
          <li>TM_ThrumboCleave</li>
        </capacities>
        <power>18</power>
        <cooldownTime>1.6</cooldownTime>
      </li>
	  <li>
        <label>horns</label>
        <capacities>
          <li>Stab</li>
        </capacities>
        <power>26</power>
        <cooldownTime>2</cooldownTime>
      </li>
    </tools>
  </ThingDef> 
  
  <!-- Thrum Bow -->	
  <ThingDef ParentName="BaseProjectileNeolithic"> <!-- Class="AbilityUser.ProjectileDef_Ability">
	<thingClass>AbilityUser.ProjectileDef_Ability</thingClass> -->
	<defName>Projectile_ThrumArrow</defName>
	<label>Thrum bow bolt</label>
	<graphicData>
		<texPath>Spells/thrum_bolt</texPath>
		<graphicClass>Graphic_Single</graphicClass>
		<shaderType>TransparentPostLight</shaderType>
	</graphicData>
	<projectile>
		<flyOverhead>false</flyOverhead>
		<damageDef>ArrowHighVelocity</damageDef>
		<damageAmountBase>23</damageAmountBase>
		<speed>58</speed>
		<stoppingPower>2</stoppingPower>
		<armorPenetrationBase>0.25</armorPenetrationBase>
	</projectile>
  </ThingDef>


  <ThingDef ParentName="TM_BaseRangedMageWeapon">
    <defName>TM_ThrumBow</defName>
    <label>Thrum Bow</label>
    <description>A bow shaped from the horn of a Thrumbo. The horn is hallowed out to decrease the weight and softened by soaking it in a magicyte compound that adds a surprising suppleness to the horn. The bow is further enhanced with embedded enchantments and arcane engravings that travel the length of the bow. The bow is said to be almost sentient, able to determine the intended target through a mental link with the wielder. Arrows fired from this bow almost always hit their intended target. This effect does have a tendency to delude the users own capability, however.

This weapon is enchanted and provides additional benefits to trained mages and fighters:
Max Energy: +20%
Energy Regen: +10%
Damage Boost: +20%
Ability Cooldown: -10%
Class XP Gain: -20%</description>
    <graphicData>
      <texPath>Items/weapons/thrumbow</texPath>
      <graphicClass>Graphic_Single</graphicClass>
	  <drawSize>1.65</drawSize>
    </graphicData>
    <soundInteract>Bow_Large</soundInteract>	
    <statBases>
      <WorkToMake>77700</WorkToMake>
	  <MarketValue>4480</MarketValue>
      <Mass>1.0</Mass>
	  <MaxHitPoints>300</MaxHitPoints>
      <AccuracyTouch>0.50</AccuracyTouch>
      <AccuracyShort>0.90</AccuracyShort>
      <AccuracyMedium>0.85</AccuracyMedium>
      <AccuracyLong>0.80</AccuracyLong>
      <RangedWeapon_Cooldown>1</RangedWeapon_Cooldown>
    </statBases>
    <costList>
      <Steel>50</Steel>
      <WoodLog>250</WoodLog>
	  <Jade>50</Jade>
	  <Gold>2</Gold>
	  <Silver>20</Silver>
	  <RawMagicyte>250</RawMagicyte>
	  <ThrumboHorn>1</ThrumboHorn>
    </costList>
	<recipeMaker>
	  <workSpeedStat>SmithingSpeed</workSpeedStat>
      <workSkill>Crafting</workSkill>
	  <effectWorking>Smelt</effectWorking>
      <unfinishedThingDef>UnfinishedWeapon</unfinishedThingDef>
	  <recipeUsers>
        <li>ElectricSmithy</li>
        <li>FueledSmithy</li>
		<li>CraftingSpot</li>
      </recipeUsers>
      <workAmount>77700</workAmount>
	  <skillRequirements>
			<Intellectual>4</Intellectual>
			<Crafting>7</Crafting>
	  </skillRequirements>
	  <researchPrerequisite>
			<li>TM_ArcaneApparel</li>
	  </researchPrerequisite>
    </recipeMaker>	
	<comps>
		<li Class = "TorannMagic.Enchantment.CompProperties_EnchantedItem">
		  <hasEnchantment>true</hasEnchantment>
		  <maxMP>0.20</maxMP>
		  <maxMPTier>Crafted</maxMPTier>
		  <mpRegenRate>0.10</mpRegenRate>
		  <mpRegenRateTier>Standard</mpRegenRateTier>
		  <arcaneDmg>0.20</arcaneDmg>
		  <arcaneDmgTier>Crafted</arcaneDmgTier>
		  <coolDown>-0.10</coolDown>
		  <coolDownTier>Standard</coolDownTier>
		  <xpGain>-0.20</xpGain>
		  <xpGainTier>Negative</xpGainTier>
		</li>
		<li>
		  <compClass>CompOversizedWeapon.CompOversizedWeapon</compClass>
		</li>
	</comps>
	<equippedAngleOffset>-20</equippedAngleOffset>
    <verbs>
      <li>
        <verbClass>Verb_Shoot</verbClass>
        <hasStandardCommand>true</hasStandardCommand>
        <defaultProjectile>Projectile_ThrumArrow</defaultProjectile>
        <warmupTime>1.7</warmupTime>
        <range>45</range>
        <soundCast>TM_ThrumBow</soundCast>
        <soundCastTail>TM_Woosh</soundCastTail>
        <muzzleFlashScale>1</muzzleFlashScale>
      </li>
    </verbs>
    <tools>
      <li>
        <label>limb</label>
        <capacities>
          <li>Blunt</li>
		  <li>Poke</li>
        </capacities>
        <power>14</power>
        <cooldownTime>2.2</cooldownTime>
      </li>
    </tools>
  </ThingDef>
  
<!-- =======================  Wands   ============================ -->

  <!-- Fire Wand -->	
  <ThingDef ParentName="BaseBullet" Class="AbilityUser.ProjectileDef_Ability">
	<thingClass>TorannMagic.Weapon.Projectile_FireWand</thingClass>
	<defName>Projectile_FireWand</defName>
	<label>fire wand</label>
	<graphicData>
		<texPath>Spells/seer_ring_fire</texPath>
		<graphicClass>Graphic_Single</graphicClass>
		<shaderType>TransparentPostLight</shaderType>
	</graphicData>
	<projectile>
		<damageDef>Bomb</damageDef>
		<damageAmountBase>9</damageAmountBase>
		<speed>32</speed>
	</projectile>
  </ThingDef>


  <ThingDef ParentName="TM_BaseWand">
    <defName>TM_FireWand</defName>
    <label>Wand of Fire</label>
    <description>A wand able to slowly convert nearby arcane energy into elemental fire. Wands are used as focusing tools to harness innate power more than as a weapon itself.
	
This weapon is enchanted and provides additional benefits to trained mages and fighters:
Max Energy: +5%
Energy Regen: +5%
Damage Boost: +15%</description>
    <graphicData>
      <texPath>Items/weapons/wand_fir</texPath>
      <graphicClass>Graphic_Single</graphicClass>
    </graphicData>
    <soundInteract>Interact_Revolver</soundInteract>	
    <statBases>
      <WorkToMake>10000</WorkToMake>
	  <MarketValue>480</MarketValue>
      <Mass>1.0</Mass>
      <AccuracyTouch>0.91</AccuracyTouch>
      <AccuracyShort>0.71</AccuracyShort>
      <AccuracyMedium>0.50</AccuracyMedium>
      <AccuracyLong>0.32</AccuracyLong>
      <RangedWeapon_Cooldown>1.9</RangedWeapon_Cooldown>
    </statBases>
    <costList>
      <Steel>20</Steel>
      <WoodLog>50</WoodLog>
	  <RawMagicyte>30</RawMagicyte>
	  <Jade>10</Jade>
    </costList>
	<comps>
		<li Class = "TorannMagic.Enchantment.CompProperties_EnchantedItem">
		  <hasEnchantment>true</hasEnchantment>
		  <maxMP>0.05</maxMP>
		  <maxMPTier>Minor</maxMPTier>
		  <mpRegenRate>0.05</mpRegenRate>
		  <mpRegenRateTier>Minor</mpRegenRateTier>
		  <arcaneDmg>0.15</arcaneDmg>
		  <arcaneDmgTier>Crafted</arcaneDmgTier>		  
		</li>
	</comps>
    <verbs>
      <li>
        <verbClass>Verb_Shoot</verbClass>
        <hasStandardCommand>true</hasStandardCommand>
        <defaultProjectile>Projectile_FireWand</defaultProjectile>
        <warmupTime>1.5</warmupTime>
        <range>32</range>
        <soundCast>TM_Woosh</soundCast>
        <soundCastTail>GunTail_Light</soundCastTail>
        <muzzleFlashScale>9</muzzleFlashScale>
		<burstShotCount>3</burstShotCount>
		<ticksBetweenBurstShots>9</ticksBetweenBurstShots>
      </li>
    </verbs>
    <tools>
      <li>
        <label>wand</label>
        <capacities>
          <li>Blunt</li>
        </capacities>
        <power>6</power>
        <cooldownTime>1.2</cooldownTime>
      </li>
    </tools>
  </ThingDef>
  
  <!-- Ice Wand -->	
    <ThingDef ParentName="BaseBullet" Class="AbilityUser.ProjectileDef_Ability">
		<thingClass>TorannMagic.Weapon.Projectile_IceWand</thingClass>
	    <defName>Projectile_IceWand</defName>
        <label>ice wand</label>
        <graphicData>
			<texPath>Spells/Icebolt</texPath>
			<graphicClass>Graphic_Single</graphicClass>
			<shaderType>TransparentPostLight</shaderType>
        </graphicData>
        <projectile>
            <damageDef>Iceshard</damageDef>
			<damageAmountBase>18</damageAmountBase>
			<speed>65</speed>
        </projectile>
    </ThingDef>
  
  <ThingDef ParentName="TM_BaseWand">
    <defName>TM_IceWand</defName>
    <label>Wand of Ice</label>
    <description>A wand able to slowly convert nearby arcane energy into elemental ice. Wands are used as focusing tools to harness innate power more than as a weapon itself.
	
This weapon is enchanted and provides additional benefits to trained mages and fighters:
Max Energy: +5%
Energy Regen: +5%
Damage Boost: +15%</description>
    <graphicData>
      <texPath>Items/weapons/wand_ice</texPath>
      <graphicClass>Graphic_Single</graphicClass>
    </graphicData>
    <soundInteract>Interact_Revolver</soundInteract>
    <statBases>
      <WorkToMake>10000</WorkToMake>
	  <MarketValue>480</MarketValue>
      <Mass>1.0</Mass>
      <AccuracyTouch>0.91</AccuracyTouch>
      <AccuracyShort>0.82</AccuracyShort>
      <AccuracyMedium>0.76</AccuracyMedium>
      <AccuracyLong>0.70</AccuracyLong>
      <RangedWeapon_Cooldown>.6</RangedWeapon_Cooldown>
    </statBases>
		<comps>
		<li Class = "TorannMagic.Enchantment.CompProperties_EnchantedItem">
		  <hasEnchantment>true</hasEnchantment>
		  <maxMP>0.05</maxMP>
		  <maxMPTier>Minor</maxMPTier>
		  <mpRegenRate>0.05</mpRegenRate>
		  <mpRegenRateTier>Minor</mpRegenRateTier>
		  <arcaneDmg>0.15</arcaneDmg>
		  <arcaneDmgTier>Crafted</arcaneDmgTier>		  
		</li>
	</comps>
    <costList>
      <Steel>20</Steel>
      <WoodLog>50</WoodLog>
	  <RawMagicyte>30</RawMagicyte>
	  <Jade>10</Jade>
    </costList>
    <verbs>
      <li>
        <verbClass>Verb_Shoot</verbClass>
        <hasStandardCommand>true</hasStandardCommand>
        <defaultProjectile>Projectile_IceWand</defaultProjectile>
        <warmupTime>.5</warmupTime>
        <range>40</range>
        <soundCast>TM_Woosh</soundCast>
        <soundCastTail>GunTail_Light</soundCastTail>
        <muzzleFlashScale>5</muzzleFlashScale>
      </li>
    </verbs>
    <tools>
      <li>
        <label>wand</label>
        <capacities>
          <li>Blunt</li>
        </capacities>
        <power>6</power>
        <cooldownTime>1</cooldownTime>
      </li>
    </tools>
  </ThingDef>
  
  <!-- Lightning Wand-->	
  <ThingDef ParentName="BaseBullet" Class="AbilityUser.ProjectileDef_AbilityLaser">
		<thingClass>TorannMagic.Weapon.Projectile_LightningWand</thingClass> 
        <defName>Projectile_LightningWand</defName>
        <label>lightning wand</label>
        <graphicData>
			<texPath>Spells/LightningBolt</texPath>
			<graphicClass>Graphic_Single</graphicClass>
			<shaderType>TransparentPostLight</shaderType>
        </graphicData>
        <projectile>
            <damageDef>TM_Lightning</damageDef>
            <damageAmountBase>6</damageAmountBase>
            <speed>200</speed>
        </projectile>
		<preFiringInitialIntensity>20</preFiringInitialIntensity>
        <preFiringFinalIntensity>80</preFiringFinalIntensity>
        <postFiringInitialIntensity>20</postFiringInitialIntensity>
        <postFiringFinalIntensity>0</postFiringFinalIntensity>
        <preFiringDuration>20</preFiringDuration>
        <postFiringDuration>40</postFiringDuration>
        <StartFireChance>0</StartFireChance>
    </ThingDef>
	
	<ThingDef ParentName="TM_BaseWand">
    <defName>TM_LightningWand</defName>
    <label>Wand of Lightning</label>
    <description>A wand able to slowly convert nearby arcane energy into elemental lightning. Wands are used as focusing tools to harness innate power more than as a weapon itself.

This weapon is enchanted and provides additional benefits to trained mages and fighters:
Max Energy: +5%
Energy Regen: +5%
Damage Boost: +15%</description>
    <graphicData>
      <texPath>Items/weapons/wand_lit</texPath>
      <graphicClass>Graphic_Single</graphicClass>
    </graphicData>
    <soundInteract>Interact_Revolver</soundInteract>
    <statBases>
      <WorkToMake>10000</WorkToMake>
	  <MarketValue>480</MarketValue>
      <Mass>1.0</Mass>
      <AccuracyTouch>.67</AccuracyTouch>
      <AccuracyShort>1</AccuracyShort>
      <AccuracyMedium>1</AccuracyMedium>
      <AccuracyLong>1</AccuracyLong>
      <RangedWeapon_Cooldown>1.6</RangedWeapon_Cooldown>
    </statBases>
		<comps>
		<li Class = "TorannMagic.Enchantment.CompProperties_EnchantedItem">
		  <hasEnchantment>true</hasEnchantment>
		  <maxMP>0.05</maxMP>
		  <maxMPTier>Minor</maxMPTier>
		  <mpRegenRate>0.05</mpRegenRate>
		  <mpRegenRateTier>Minor</mpRegenRateTier>
		  <arcaneDmg>0.15</arcaneDmg>
		  <arcaneDmgTier>Crafted</arcaneDmgTier>		  
		</li>
	</comps>
    <costList>
      <Steel>20</Steel>
      <WoodLog>50</WoodLog>
	  <RawMagicyte>30</RawMagicyte>
	  <Jade>10</Jade>
    </costList>
    <verbs>
      <li>
        <verbClass>Verb_Shoot</verbClass>
        <hasStandardCommand>true</hasStandardCommand>
        <defaultProjectile>Projectile_LightningWand</defaultProjectile>
        <warmupTime>2.8</warmupTime>
        <range>32</range>
		<soundCast>TM_Thunder_OnMap</soundCast>
        <soundCastTail>GunTail_Light</soundCastTail>
        <muzzleFlashScale>9</muzzleFlashScale>
      </li>
    </verbs>
    <tools>
      <li>
        <label>wand</label>
        <capacities>
          <li>Blunt</li>
        </capacities>
        <power>6</power>
        <cooldownTime>1.2</cooldownTime>
      </li>
    </tools>
  </ThingDef>

  <ThingDef ParentName="TM_BaseRangedMageWeapon">
    <defName>TM_DefenderStaff</defName>
    <label>Staff of the Defender</label>
    <description>A staff crafted from an ancient design bearing a palpable aura of wisdom. This staff is able to tap into the spirit realm and allow the wielder to communicate with their ancestral spirits who can manifest their power in the form of a physical barrier. The energy to perform this action comes from the spirits themselves and does not draw energy from the user, though the spirits require time to rest between requests.

This weapon is enchanted and provides additional benefits to trained mages and fighters:
Max Energy: +30%
Energy Regen: +20%
Arcane Resistance: +20%

Augmentation adds ability: Arcane Barrier</description>
    <graphicData>
      <texPath>Items/weapons/staff_elements_256</texPath>
      <graphicClass>Graphic_Single</graphicClass>
    </graphicData>
    <soundInteract>Interact_Revolver</soundInteract>	
    <statBases>
      <WorkToMake>77700</WorkToMake>
	  <MarketValue>3350</MarketValue>
      <Mass>3.0</Mass>
      <AccuracyTouch>0.88</AccuracyTouch>
      <AccuracyShort>0.71</AccuracyShort>
      <AccuracyMedium>0.66</AccuracyMedium>
      <AccuracyLong>0.56</AccuracyLong>
      <RangedWeapon_Cooldown>2.6</RangedWeapon_Cooldown>
    </statBases>
    <costList>
      <Steel>50</Steel>
      <WoodLog>200</WoodLog>
	  <Jade>75</Jade>
	  <Gold>2</Gold>
	  <Uranium>10</Uranium>
	  <RawMagicyte>200</RawMagicyte>
    </costList>
	<recipeMaker>
	  <workSpeedStat>SmithingSpeed</workSpeedStat>
      <workSkill>Crafting</workSkill>
	  <effectWorking>Smelt</effectWorking>
      <unfinishedThingDef>UnfinishedWeapon</unfinishedThingDef>
	  <recipeUsers>
        <li>ElectricSmithy</li>
        <li>FueledSmithy</li>
		<li>CraftingSpot</li>
		<li>TableArcaneForge</li>
      </recipeUsers>
      <workAmount>77700</workAmount>
	  <skillRequirements>
			<Intellectual>10</Intellectual>
	  </skillRequirements>
	  <researchPrerequisite>
			<li>TM_ArcaneApparel</li>
	  </researchPrerequisite>
    </recipeMaker>	
	<comps>
		<li Class = "TorannMagic.Enchantment.CompProperties_EnchantedItem">
		  <hasEnchantment>true</hasEnchantment>
		  <maxMP>0.30</maxMP>
		  <maxMPTier>Crafted</maxMPTier>
		  <mpRegenRate>0.20</mpRegenRate>
		  <mpRegenRateTier>Crafted</mpRegenRateTier>
		  <arcaneRes>0.20</arcaneRes>
		  <arcaneResTier>Standard</arcaneResTier>		  
		</li>
		<li>
		  <compClass>CompOversizedWeapon.CompOversizedWeapon</compClass>
		</li>
		<li Class="CompDeflector.CompProperties_Deflector">
		    <compClass>TorannMagic.Weapon.CompBPReflector</compClass>
			<baseDeflectChance>0.25</baseDeflectChance>
			<useManipulationInCalc>true</useManipulationInCalc>
			<useSkillInCalc>true</useSkillInCalc>
			<deflectSound>TM_Shuffle</deflectSound>
			<deflectSkill>Melee</deflectSkill>
			<deflectRatePerSkillPoint>0.015</deflectRatePerSkillPoint>
            <canReflect>true</canReflect>
            <reflectSkill>Melee</reflectSkill>
            <reflectRatePerSkillPoint>3</reflectRatePerSkillPoint>
			<DeflectVerb Class="VerbProperties">
				<verbClass>Verb_Shoot</verbClass>
				<hasStandardCommand>true</hasStandardCommand>
				<defaultProjectile>Projectile_BlazingPower</defaultProjectile>
				<warmupTime>0</warmupTime>
				<range>40</range>
				<muzzleFlashScale>9</muzzleFlashScale>
			</DeflectVerb>			
		  </li>
	</comps>
	<equippedAngleOffset>15</equippedAngleOffset>
    <verbs>
      <li>
        <verbClass>TorannMagic.Weapon.Verb_BlazingPower</verbClass>
        <hasStandardCommand>true</hasStandardCommand>
        <defaultProjectile>Projectile_BlazingPower</defaultProjectile>
        <warmupTime>1</warmupTime>
        <range>40</range>
        <soundCast>TM_Woosh</soundCast>
        <soundCastTail>GunTail_Light</soundCastTail>
        <muzzleFlashScale>7</muzzleFlashScale>
		<burstShotCount>5</burstShotCount>
		<ticksBetweenBurstShots>15</ticksBetweenBurstShots>
      </li>
    </verbs>
    <tools>
      <li>
        <label>rod</label>
        <capacities>
          <li>Blunt</li>
        </capacities>
        <power>15</power>
        <cooldownTime>1.6</cooldownTime>
      </li>
	  <li>
        <label>staff head</label>
        <capacities>
          <li>Blunt</li>
        </capacities>
        <power>22</power>
        <cooldownTime>1.9</cooldownTime>
      </li>
    </tools>
  </ThingDef>
  
  <!-- Staff of Blazing Power -->	
  <ThingDef ParentName="BaseBullet" Class="AbilityUser.ProjectileDef_Ability">
	<thingClass>TorannMagic.Weapon.Projectile_BlazingPower</thingClass>
	<defName>Projectile_BlazingPower</defName>
	<label>blazing power</label>
	<graphicData>
		<texPath>Spells/blazingpower</texPath>
		<graphicClass>Graphic_Single</graphicClass>
		<shaderType>TransparentPostLight</shaderType>
	</graphicData>
	<projectile>
		<damageDef>TM_BlazingPower</damageDef>
		<damageAmountBase>6</damageAmountBase>
		<speed>45</speed>
	</projectile>
  </ThingDef>


  <ThingDef ParentName="TM_BaseRangedMageWeapon">
    <defName>TM_BlazingPowerStaff</defName>
    <label>Staff of Blazing Power</label>
    <description>A staff that creates a mental link with the wielder to harness focused energy that can be used to launch a stream of blazing projectiles or create a hardened barrier around the wielder that can deflect projectiles. Mages gain tremendous boosts to magical spells while wielding this staff but to a mundane pawn it is nothing but a blunt weapon.

This weapon is enchanted and provides additional benefits to trained mages and fighters:
Max Energy: +20%
Energy Regen: +10%
Damage Boost: +40%</description>
    <graphicData>
      <texPath>Items/weapons/staff_blazingpower_256</texPath>
      <graphicClass>Graphic_Single</graphicClass>
    </graphicData>
    <soundInteract>Interact_Revolver</soundInteract>	
    <statBases>
      <WorkToMake>77700</WorkToMake>
	  <MarketValue>3750</MarketValue>
      <Mass>3.0</Mass>
      <AccuracyTouch>0.90</AccuracyTouch>
      <AccuracyShort>0.68</AccuracyShort>
      <AccuracyMedium>0.60</AccuracyMedium>
      <AccuracyLong>0.55</AccuracyLong>
      <RangedWeapon_Cooldown>3.5</RangedWeapon_Cooldown>
    </statBases>
    <costList>
      <Steel>120</Steel>
      <WoodLog>100</WoodLog>
	  <Jade>50</Jade>
	  <Gold>5</Gold>
	  <Uranium>20</Uranium>
	  <RawMagicyte>200</RawMagicyte>
    </costList>
	<recipeMaker>
	  <workSpeedStat>SmithingSpeed</workSpeedStat>
      <workSkill>Crafting</workSkill>
	  <effectWorking>Smelt</effectWorking>
      <unfinishedThingDef>UnfinishedWeapon</unfinishedThingDef>
	  <recipeUsers>
        <li>ElectricSmithy</li>
        <li>FueledSmithy</li>
		<li>CraftingSpot</li>
		<li>TableArcaneForge</li>
      </recipeUsers>
      <workAmount>77700</workAmount>
	  <skillRequirements>
			<Intellectual>10</Intellectual>
	  </skillRequirements>
	  <researchPrerequisite>
			<li>TM_ArcaneApparel</li>
	  </researchPrerequisite>
    </recipeMaker>	
	<comps>
		<li Class = "TorannMagic.Enchantment.CompProperties_EnchantedItem">
		  <hasEnchantment>true</hasEnchantment>
		  <maxMP>0.20</maxMP>
		  <maxMPTier>Crafted</maxMPTier>
		  <mpRegenRate>0.10</mpRegenRate>
		  <mpRegenRateTier>Standard</mpRegenRateTier>
		  <arcaneDmg>0.40</arcaneDmg>
		  <arcaneDmgTier>Crafted</arcaneDmgTier>		  
		</li>
		<li>
		  <compClass>CompOversizedWeapon.CompOversizedWeapon</compClass>
		</li>
	    <li Class="CompDeflector.CompProperties_Deflector">
		    <compClass>TorannMagic.Weapon.CompBPReflector</compClass>
			<baseDeflectChance>0.40</baseDeflectChance>
			<useManipulationInCalc>true</useManipulationInCalc>
			<useSkillInCalc>true</useSkillInCalc>
			<deflectSound>TM_Shuffle</deflectSound>
			<deflectSkill>Melee</deflectSkill>
			<deflectRatePerSkillPoint>0.015</deflectRatePerSkillPoint>
            <canReflect>true</canReflect>
            <reflectSkill>Melee</reflectSkill>
            <reflectRatePerSkillPoint>3</reflectRatePerSkillPoint>
			<DeflectVerb Class="VerbProperties">
				<verbClass>Verb_Shoot</verbClass>
				<hasStandardCommand>true</hasStandardCommand>
				<defaultProjectile>Projectile_BlazingPower</defaultProjectile>
				<warmupTime>0</warmupTime>
				<range>40</range>
				<muzzleFlashScale>9</muzzleFlashScale>
			</DeflectVerb>			
		  </li>
	</comps>
	<equippedAngleOffset>15</equippedAngleOffset>
    <verbs>
      <li>
        <verbClass>TorannMagic.Weapon.Verb_BlazingPower</verbClass>
        <hasStandardCommand>true</hasStandardCommand>
        <defaultProjectile>Projectile_BlazingPower</defaultProjectile>
        <warmupTime>1</warmupTime>
        <range>40</range>
        <soundCast>TM_Woosh</soundCast>
        <soundCastTail>GunTail_Light</soundCastTail>
        <muzzleFlashScale>9</muzzleFlashScale>
		<burstShotCount>7</burstShotCount>
		<ticksBetweenBurstShots>8</ticksBetweenBurstShots>
      </li>
    </verbs>
    <tools>
      <li>
        <label>rod</label>
        <capacities>
          <li>Blunt</li>
        </capacities>
        <power>13</power>
        <cooldownTime>1.6</cooldownTime>
      </li>
	  <li>
        <label>staff head</label>
        <capacities>
          <li>Blunt</li>
        </capacities>
        <power>18</power>
        <cooldownTime>1.9</cooldownTime>
      </li>
    </tools>
  </ThingDef>
  
<!--   <ThingDef ParentName="BaseBullet" Class="AbilityUser.ProjectileDef_Ability">
	<thingClass>TorannMagic.Weapon.Projectile_BlazingPower</thingClass>
	<defName>Projectile_BlazingPower</defName>
	<label>blazing power</label>
	<graphicData>
		<texPath>Spells/blazingpower</texPath>
		<graphicClass>Graphic_Single</graphicClass>
		<shaderType>TransparentPostLight</shaderType>
	</graphicData>
	<projectile>
		<damageDef>TM_BlazingPower</damageDef>
		<damageAmountBase>6</damageAmountBase>
		<speed>66</speed>
		<explosionRadius>.8</explosionRadius>
		<postExplosionSpawnChance>1</postExplosionSpawnChance>
	</projectile>
  </ThingDef> -->
  
    <!-- =======================  Rings   ============================ -->
  
  <!-- Seer ring - Fire -->	
  <ThingDef ParentName="BaseBullet" Class="AbilityUser.ProjectileDef_Ability">
		<thingClass>TorannMagic.Weapon.SeerRing_Fire</thingClass>
	    <defName>Projectile_SeerRing_Fire</defName>
        <label>elemental fire</label>
        <graphicData>
			<texPath>Spells/seer_ring_fire</texPath>
			<graphicClass>Graphic_Single</graphicClass>
			<shaderType>TransparentPostLight</shaderType>
        </graphicData>
        <projectile>
            <damageDef>Bomb</damageDef>
            <damageAmountBase>18</damageAmountBase>
            <speed>28</speed>
			<explosionRadius>1.4</explosionRadius>
			<postExplosionSpawnChance>1</postExplosionSpawnChance>
        </projectile>
    </ThingDef>
  
  <ThingDef ParentName="BaseSeerProtectorRing">
    <defName>Seer_FireRing</defName>
    <label>Ring of Elemental Fire</label>
    <description>An ancient artifact bound to the wielder allowing elemental currents to flow through the host. If the host is separated from the ring, the contract binding it to this realm is nullified, destroying the artifact.</description>
    <graphicData>
      <texPath>Items/weapons/seer_ring_fir</texPath>
      <graphicClass>Graphic_Single</graphicClass>
    </graphicData>
    <soundInteract>Interact_Revolver</soundInteract>
    <statBases>
      <WorkToMake>15000</WorkToMake>
      <Mass>1.0</Mass>
      <AccuracyTouch>0.91</AccuracyTouch>
      <AccuracyShort>0.71</AccuracyShort>
      <AccuracyMedium>0.50</AccuracyMedium>
      <AccuracyLong>0.32</AccuracyLong>
      <RangedWeapon_Cooldown>1.38</RangedWeapon_Cooldown>
    </statBases>
	<destroyOnDrop>true</destroyOnDrop>
	<tradeability>None</tradeability>
	<menuHidden>true</menuHidden>
    <costList>
      <Steel>30</Steel>
    </costList>
    <verbs>
      <li>
        <verbClass>Verb_Shoot</verbClass>
        <hasStandardCommand>true</hasStandardCommand>
        <defaultProjectile>Projectile_SeerRing_Fire</defaultProjectile>
        <warmupTime>1.5</warmupTime>
        <range>40</range>
        <soundCast>DropPod_Leaving</soundCast>
        <soundCastTail>GunTail_Light</soundCastTail>
        <muzzleFlashScale>9</muzzleFlashScale>
      </li>
    </verbs>
    <tools>
      <li>
        <label>elemental fist</label>
        <capacities>
          <li>Blunt</li>
        </capacities>
        <power>18</power>
        <cooldownTime>1.6</cooldownTime>
      </li>
    </tools>
  </ThingDef>
  
  <!-- Seer ring - Ice -->	
    <ThingDef ParentName="BaseBullet" Class="AbilityUser.ProjectileDef_Ability">
		<thingClass>TorannMagic.Weapon.SeerRing_Ice</thingClass>
	    <defName>Projectile_SeerRing_Ice</defName>
        <label>elemental ice</label>
        <graphicData>
			<texPath>Spells/Icebolt</texPath>
			<graphicClass>Graphic_Single</graphicClass>
			<shaderType>TransparentPostLight</shaderType>
        </graphicData>
        <projectile>
			<soundExplode>TrapSpring</soundExplode>
            <damageDef>Iceshard</damageDef>
			<damageAmountBase>15</damageAmountBase>
			<speed>50</speed>
        </projectile>
    </ThingDef>
  
  <ThingDef ParentName="BaseSeerProtectorRing">
    <defName>Seer_IceRing</defName>
    <label>Ring of Elemental Ice</label>
    <description>An ancient artifact bound to the wielder allowing elemental currents to flow through the host. If the host is separated from the ring, the contract binding it to this realm is nullified, destroying the artifact.</description>
    <graphicData>
      <texPath>Items/weapons/seer_ring_ice</texPath>
      <graphicClass>Graphic_Single</graphicClass>
    </graphicData>
    <soundInteract>Interact_Revolver</soundInteract>
    <statBases>
      <WorkToMake>15000</WorkToMake>
      <Mass>1.0</Mass>
      <AccuracyTouch>0.91</AccuracyTouch>
      <AccuracyShort>0.85</AccuracyShort>
      <AccuracyMedium>0.81</AccuracyMedium>
      <AccuracyLong>0.76</AccuracyLong>
      <RangedWeapon_Cooldown>0.68</RangedWeapon_Cooldown>
    </statBases>
	<destroyOnDrop>true</destroyOnDrop>
	<tradeability>None</tradeability>
	<menuHidden>true</menuHidden>
    <costList>
      <Steel>30</Steel>
    </costList>
    <verbs>
      <li>
        <verbClass>Verb_Shoot</verbClass>
        <hasStandardCommand>true</hasStandardCommand>
        <defaultProjectile>Projectile_SeerRing_Ice</defaultProjectile>
        <warmupTime>1.2</warmupTime>
        <range>36</range>
        <soundCast>Shot_ChargeRifle</soundCast>
        <soundCastTail>GunTail_Light</soundCastTail>
        <muzzleFlashScale>9</muzzleFlashScale>
      </li>
    </verbs>
    <tools>
      <li>
        <label>elemental fist</label>
        <capacities>
          <li>Blunt</li>
        </capacities>
        <power>18</power>
        <cooldownTime>1.6</cooldownTime>
      </li>
    </tools>
  </ThingDef>
  
  <!-- Seer ring - Lightning -->	
  <ThingDef ParentName="BaseBullet" Class="AbilityUser.ProjectileDef_AbilityLaser">
		<thingClass>TorannMagic.Weapon.SeerRing_Lightning</thingClass> 
        <defName>Laser_SeerRing_Lightning</defName>
        <label>elemental lightning</label>
        <graphicData>
			<texPath>Spells/LightningBolt</texPath>
			<graphicClass>Graphic_Single</graphicClass>
			<shaderType>TransparentPostLight</shaderType>
        </graphicData>
        <projectile>
            <damageDef>TM_Lightning</damageDef>
            <damageAmountBase>12</damageAmountBase>
            <speed>200</speed>
        </projectile>
		<preFiringInitialIntensity>20</preFiringInitialIntensity>
        <preFiringFinalIntensity>80</preFiringFinalIntensity>
        <postFiringInitialIntensity>20</postFiringInitialIntensity>
        <postFiringFinalIntensity>0</postFiringFinalIntensity>
        <preFiringDuration>20</preFiringDuration>
        <postFiringDuration>40</postFiringDuration>
        <StartFireChance>0</StartFireChance>
    </ThingDef>
	
	<ThingDef ParentName="BaseSeerProtectorRing">
    <defName>Seer_LightningRing</defName>
    <label>Ring of Elemental Lightning</label>
    <description>An ancient artifact bound to the wielder allowing elemental currents to flow through the host. If the host is separated from the ring, the contract binding it to this realm is nullified, destroying the artifact.</description>
    <graphicData>
      <texPath>Items/weapons/seer_ring_lit</texPath>
      <graphicClass>Graphic_Single</graphicClass>
    </graphicData>
    <soundInteract>Interact_Revolver</soundInteract>
    <statBases>
      <WorkToMake>15000</WorkToMake>
      <Mass>1.0</Mass>
      <AccuracyTouch>0.64</AccuracyTouch>
      <AccuracyShort>0.72</AccuracyShort>
      <AccuracyMedium>0.89</AccuracyMedium>
      <AccuracyLong>0.81</AccuracyLong>
      <RangedWeapon_Cooldown>1.11</RangedWeapon_Cooldown>
    </statBases>
	<destroyOnDrop>true</destroyOnDrop>
	<tradeability>None</tradeability>
	<menuHidden>true</menuHidden>
    <costList>
      <Steel>30</Steel>
    </costList>
    <verbs>
      <li>
        <verbClass>Verb_Shoot</verbClass>
        <hasStandardCommand>true</hasStandardCommand>
        <defaultProjectile>Laser_SeerRing_Lightning</defaultProjectile>
        <warmupTime>2</warmupTime>
        <range>32</range>
        <soundCastTail>GunTail_Light</soundCastTail>
        <muzzleFlashScale>9</muzzleFlashScale>
      </li>
    </verbs>
    <tools>
      <li>
        <label>elemental fist</label>
        <capacities>
          <li>Blunt</li>
        </capacities>
        <power>18</power>
        <cooldownTime>1.6</cooldownTime>
      </li>
    </tools>
  </ThingDef>
	
</Defs>
