<?xml version="1.0" encoding="utf-8" ?>

<Defs>

  <ThingDef Name="TM_BuildingBase" Abstract="True">
    <category>Building</category>
    <thingClass>Building</thingClass>
    <soundImpactDefault>MetalHitImportant</soundImpactDefault>
    <selectable>true</selectable>
    <drawerType>MapMeshAndRealTime</drawerType>
<!--     <terrainAffordanceNeeded>Light</terrainAffordanceNeeded> -->
    <repairEffect>Repair</repairEffect>
    <leaveResourcesWhenKilled>true</leaveResourcesWhenKilled>
    <filthLeaving>Filth_RubbleBuilding</filthLeaving>
		<statBases>
			<SellPriceFactor>0.70</SellPriceFactor>
			<MarketValue>0</MarketValue>
		</statBases>
  </ThingDef>
  
</Defs>