﻿<?xml version="1.0" encoding="utf-8" ?>
<Defs>

	<ThingDef Abstract="True" Name="TM_BaseWeapon">
		<thingClass>ThingWithComps</thingClass>
		<category>Item</category>
		<drawGUIOverlay>true</drawGUIOverlay>
		<altitudeLayer>Item</altitudeLayer>
		<alwaysHaulable>true</alwaysHaulable>
		<tickerType>Never</tickerType>
		<equipmentType>Primary</equipmentType>
		<useHitPoints>true</useHitPoints>
		<pathCost>10</pathCost>
		<selectable>true</selectable>
		<statBases>
			<MaxHitPoints>100</MaxHitPoints>
			<Flammability>1.0</Flammability>
			<DeteriorationRate>2</DeteriorationRate>
			<Beauty>-6</Beauty>
			<SellPriceFactor>0.20</SellPriceFactor>
		</statBases>
		<comps>
			<li Class="CompProperties_Forbiddable"/>
			<li>
				<compClass>CompEquippable</compClass>
			</li>
		</comps>
		<graphicData>
			<onGroundRandomRotateAngle>35</onGroundRandomRotateAngle>
		</graphicData>
	</ThingDef>
	
	  <ThingDef Name="TM_BaseGun" Abstract="True" ParentName="TM_BaseWeapon">
		<techLevel>Industrial</techLevel>
		<smeltable>true</smeltable>
		<thingCategories>
      <li>WeaponsRanged</li>
    </thingCategories>
    <inspectorTabs>
      <li>ITab_Art</li>
    </inspectorTabs>
    <comps>
      <li>
        <compClass>CompQuality</compClass>
      </li>
      <li Class="CompProperties_Art">
        <nameMaker>NamerArtWeaponGun</nameMaker>
        <descriptionMaker>ArtDescription_WeaponGun</descriptionMaker>
        <minQualityForArtistic>Excellent</minQualityForArtistic>
      </li>
    </comps>
  </ThingDef>
  
  
    <ThingDef Name="TM_BaseBullet" Abstract="True">
    <category>Projectile</category>
    <tickerType>Normal</tickerType>
    <altitudeLayer>Projectile</altitudeLayer>
    <thingClass>Bullet</thingClass>
    <label>bullet</label>
    <useHitPoints>False</useHitPoints>
    <neverMultiSelect>True</neverMultiSelect>
    <graphicData>
      <shaderType>Transparent</shaderType>
    </graphicData>
  </ThingDef>
  
    <ThingDef Name="TM_BaseMakeableGun" ParentName="TM_BaseGun" Abstract="True">
    <recipeMaker>
      <workSpeedStat>SmithingSpeed</workSpeedStat>
      <workSkill>Crafting</workSkill>
      <effectWorking>Smith</effectWorking>
      <soundWorking>Recipe_Smith</soundWorking>
      <recipeUsers>
        <li>TableMachining</li>
      </recipeUsers>
      <unfinishedThingDef>UnfinishedGun</unfinishedThingDef>
      <researchPrerequisite>Gunsmithing</researchPrerequisite>
    </recipeMaker>
  </ThingDef>

  <ThingDef Name="TM_BaseHumanGun" ParentName="TM_BaseGun" Abstract="True">
    <weaponTags>
      <li>Gun</li>
    </weaponTags>
  </ThingDef>
  
  <ThingDef Name="TM_BaseHumanMakeableGun" ParentName="TM_BaseMakeableGun" Abstract="True">
    <weaponTags>
      <li>Gun</li>
    </weaponTags>
  </ThingDef>
	
</Defs>
