<?xml version="1.0" encoding="utf-8" ?>
<Defs>

  <ThingDef Name="TM_PlantBase" Abstract="True">
    <category>Plant</category>
    <thingClass>Plant</thingClass>
    <altitudeLayer>LowPlant</altitudeLayer>
    <useHitPoints>True</useHitPoints>
    <statBases>
      <Flammability>1</Flammability>
    </statBases>
    <tickerType>Long</tickerType>
    <selectable>False</selectable>
    <neverMultiSelect>True</neverMultiSelect>
    <drawerType>MapMeshOnly</drawerType>
    <pathCostIgnoreRepeat>false</pathCostIgnoreRepeat>
    <graphicData>
			<graphicClass>Graphic_Random</graphicClass>
			<shaderType>CutoutPlant</shaderType>
    </graphicData>
    <ingestible>
      <foodType>Plant</foodType>
      <preferability>RawBad</preferability>
	</ingestible>
    <plant>
	  <fertilityMin>0.5</fertilityMin>
	  <fertilitySensitivity>1.0</fertilitySensitivity>
	  <soundHarvesting>Harvest_Standard</soundHarvesting>
	  <soundHarvestFinish>Harvest_Standard_Finish</soundHarvestFinish>
	  <sowWork>170</sowWork>
	  <harvestWork>250</harvestWork>
	  <visualSizeRange>
		<min>0.25</min>
		<max>1.05</max>
	  </visualSizeRange>
	  <topWindExposure>0.15</topWindExposure>
    </plant>
  </ThingDef>

  <ThingDef ParentName="TM_PlantBase">
	<defName>TM_Plant_Pomanasyrrium</defName>
	<label>pomanasyrrium bush</label>
	<description>The pomanasyrrium plant is steeped in lore as having mythical properties to grant wisdom, insight, and clarity to those who consume its fruit.  However, it is difficult to grow and does not the level of yield found in other cultivated plants so it is not favored by growers or farmers. 
	
The fruit it produces, known more commonly as pomona, can be consumed raw and is quite tasty but has a low nutrient value. Like ambrosia, it causes a slight euphoric sensation and promotes a sense of mental well-being.</description>
	<statBases>
		<MaxHitPoints>100</MaxHitPoints>
		<Nutrition>0.5</Nutrition>
	</statBases>
    <graphicData>
      <texPath>Items/Plants/Pomanasyrrium_Mature</texPath>
      <graphicClass>Graphic_Random</graphicClass>
    </graphicData>
	<selectable>true</selectable>
    <neverMultiSelect>false</neverMultiSelect>
	<pathCost>20</pathCost>
    <plant>
      <harvestedThingDef>TM_RawPomanasyrrium</harvestedThingDef>
      <harvestYield>8</harvestYield>
      <sowMinSkill>8</sowMinSkill>
      <growDays>12</growDays>
      <sowWork>600</sowWork>
      <harvestWork>400</harvestWork>
	  <lifespanDaysPerGrowDays>72</lifespanDaysPerGrowDays>
	  <dieIfLeafless>true</dieIfLeafless>
	  <harvestTag>Standard</harvestTag>
	  <sowTags>
		<li>Ground</li>
		<li>Hydroponic</li>
	  </sowTags>
      <fertilitySensitivity>1.35</fertilitySensitivity>
	  <harvestAfterGrowth>0.20</harvestAfterGrowth>
      <immatureGraphicPath>Items/Plants/Pomanasyrrium_Immature</immatureGraphicPath>
	  <visualSizeRange>
        <min>0.5</min>
        <max>1.05</max>
	  </visualSizeRange>
	  <topWindExposure>0.3</topWindExposure>
      <wildOrder>2</wildOrder>
	  <purpose>Health</purpose>
	  <sowResearchPrerequisites>
		<li>TM_PlantCultivation</li>
	  </sowResearchPrerequisites>
   </plant>
  </ThingDef>

  <ThingDef ParentName="PlantFoodRawBase">
	<defName>TM_RawPomanasyrrium</defName>
	<label>pomana fruit</label>
	<description>A fist sized fruit with hues ranging from sunset orange to dusky violet, pomona is primarily considered a delicacy due to its commonality and is usually enjoyed raw as a desert.  When consumed raw, it generates a mild euphoric sensation of mental well-being and has been found to open up mental pathways, expanding consciousness.</description>
	<graphicData>
      <texPath>Items/Plants/Pomanasyrrium_Raw</texPath>
    </graphicData>
    <statBases>
      <MarketValue>2.5</MarketValue>
	  <Mass>0.03</Mass>
      <FoodPoisonChanceFixedHuman>0.0</FoodPoisonChanceFixedHuman>
	  <MaxHitPoints>80</MaxHitPoints>
	  <DeteriorationRate>8</DeteriorationRate>
      <Nutrition>0.08</Nutrition>
    </statBases>
    <comps>
      <li Class="CompProperties_Rottable">
        <daysToRotStart>9</daysToRotStart>
		<rotDestroys>true</rotDestroys>
      </li>
    </comps>
    <ingestible>
      <preferability>RawTasty</preferability>
	  <joy>0.02</joy>
      <joyKind>Gluttonous</joyKind>
	  <tasteThought></tasteThought>
	  <baseIngestTicks>350</baseIngestTicks>
      <foodType>VegetableOrFruit</foodType>
      <optimalityOffsetHumanlikes>-25</optimalityOffsetHumanlikes>
      <optimalityOffsetFeedingAnimals>-50</optimalityOffsetFeedingAnimals>
      <outcomeDoers>
        <li Class="IngestionOutcomeDoer_GiveHediff">
          <hediffDef>TM_PomanaSenseHD</hediffDef>
          <severity>0.4</severity>
        </li>
		<li Class="TorannMagic.IngestionOutcomeDoer_RemoveHediff">
			<hediffDef>TM_SyrriumSenseHD</hediffDef>
		</li>
      </outcomeDoers>
    </ingestible>
  </ThingDef>
  
  <ThingDef ParentName="PlantFoodRawBase">
	<defName>TM_RawPomanaMash</defName>
	<label>mashed pomana</label>
	<description>A bitter and unappetizing byproduct when extracting syrrium from raw pomonasyrrium. This byproduct retains some nutritional value but is largely left for animal consumption or as a nutrient base for meals.</description>
	<graphicData>
      <texPath>Items/Plants/Pomana_Mash</texPath>
    </graphicData>
    <statBases>
      <MarketValue>0.1</MarketValue>
	  <Mass>0.05</Mass>
      <FoodPoisonChanceFixedHuman>0.0</FoodPoisonChanceFixedHuman>
	  <MaxHitPoints>80</MaxHitPoints>
	  <DeteriorationRate>12</DeteriorationRate>
      <Nutrition>0.018</Nutrition>
    </statBases>
    <comps>
      <li Class="CompProperties_Rottable">
        <daysToRotStart>25</daysToRotStart>
		<rotDestroys>true</rotDestroys>
      </li>
    </comps>
	<thingCategories>
      <li>Foods</li>
    </thingCategories>
    <ingestible>
      <preferability>RawBad</preferability>
	  <tasteThought>AteRawFood</tasteThought>
	  <baseIngestTicks>120</baseIngestTicks>
      <foodType>VegetableOrFruit</foodType>
      <optimalityOffsetHumanlikes>-50</optimalityOffsetHumanlikes>
      <optimalityOffsetFeedingAnimals>10</optimalityOffsetFeedingAnimals>
    </ingestible>
  </ThingDef>
   
  <HediffDef>
    <defName>TM_PomanaSenseHD</defName>
    <hediffClass>HediffWithComps</hediffClass>
    <label>pomana sense</label>
    <defaultLabelColor>(1,0.45,0)</defaultLabelColor>
    <scenarioCanAdd>false</scenarioCanAdd>
    <maxSeverity>1.0</maxSeverity>
    <isBad>false</isBad>
    <comps>
      <li Class="HediffCompProperties_SeverityPerDay">
        <severityPerDay>-1</severityPerDay>
      </li>
    </comps>
    <stages>
	  <li>
        <label></label>
        <minSeverity>0.01</minSeverity>	
        <capMods>
	      <li>
            <capacity>Consciousness</capacity>
            <offset>0.05</offset>
          </li>
		  <li>
            <capacity>Moving</capacity>
            <offset>-0.15</offset>
          </li>
		  <li>
            <capacity>Manipulation</capacity>
            <offset>-0.2</offset>
          </li>
        </capMods>
		<statOffsets>
		  <GlobalLearningFactor>0.15</GlobalLearningFactor>
	    </statOffsets>
      </li>
    </stages>
  </HediffDef>

  <ThoughtDef>
    <defName>TM_PomanaSenseTD</defName>
    <workerClass>ThoughtWorker_Hediff</workerClass>
    <hediff>TM_PomanaSenseHD</hediff>
    <validWhileDespawned>true</validWhileDespawned>
    <stages>
      <li>
        <label>pomana sense</label>
        <description>My mind is relaxed and my thoughts are clear, I feel more aware and content with my place in the universe.</description>
        <baseMoodEffect>4</baseMoodEffect>
      </li>
    </stages>
  </ThoughtDef>
  
  <RecipeDef>
    <defName>TM_ExtractSyrrium</defName>
    <label>extract syrrium</label>
    <description>Boils pomanasyrrium until the syrrium can be siphoned from the pomana mash.</description>
    <jobString>Extracting syrrium.</jobString>
    <workSpeedStat>CookSpeed</workSpeedStat>
    <requiredGiverWorkType>Cooking</requiredGiverWorkType>
    <effectWorking>Cook</effectWorking>
	<workAmount>400</workAmount>
    <soundWorking>Recipe_CookMeal</soundWorking>
    <ingredients>
      <li>
        <filter>
          <thingDefs>
            <li>TM_RawPomanasyrrium</li>
          </thingDefs>
        </filter>
        <count>30</count>
      </li>
    </ingredients>
	<products>
		<TM_Syrrium>2</TM_Syrrium>
		<TM_RawPomanaMash>20</TM_RawPomanaMash>
	</products>
    <workSkill>Cooking</workSkill>
	<skillRequirements>
      <Cooking>9</Cooking>
    </skillRequirements>
	<researchPrerequisite>TM_PlantCultivation</researchPrerequisite>
	<recipeUsers>
      <li>ElectricStove</li>
      <li>FueledStove</li>
	  <li>Campfire</li>
      <li>TM_Heater</li>
    </recipeUsers>
  </RecipeDef>
	
  <ThingDef ParentName="DrugBase">
      <defName>TM_Syrrium</defName>
      <label>syrrium</label>
      <description>Syrrium is distilled from pomana through a process boiling the mashed fruit which separates the syrrium from the pomana. Syrrium induces a much more intense effect than raw pomana when consumed. The chemical effects qualify the liquid as a drug and can cause mild chemical dependency, however, the its more addictive lure is when some begin to feel less capable without the drug and consume syrrium to maintain their confidence and mental balance.

The claims that pomanasyrrium grant insight and clarity is disregarded by most as lore or fantasy, however, research into its chemistry has revealed that these effects are indeed real, at least for mages. The benefits of syrrium are considered the primary reason to cultivate pomanasyrrium. When properly refined, the effects of syrrium have been found to expand a mages access to mana, accelerating its ebb and flow, and decreasing the effort required when exerting arcane power. These effects will not stack with benefits gained by consuming the raw fruit.</description>
      <graphicData>
		  <texPath>Items/Syrrium</texPath>
		  <graphicClass>Graphic_StackCount</graphicClass>
	  </graphicData>
	  <rotatable>false</rotatable>
	  <stackLimit>50</stackLimit>
      <statBases>
		  <DeteriorationRate>0.1</DeteriorationRate>
		  <MarketValue>45</MarketValue>
		  <Mass>0.1</Mass>
		  <Flammability>0.3</Flammability>
		  <SellPriceFactor>.35</SellPriceFactor>
      </statBases>
    <ingestible>
      <foodType>Fluid, Processed, Liquor</foodType>
      <preferability>NeverForNutrition</preferability>
      <joyKind>Chemical</joyKind>
      <joy>0.6</joy>
      <nurseable>true</nurseable>
      <drugCategory>Social</drugCategory>
      <ingestSound>Ingest_Beer</ingestSound>
      <ingestHoldOffsetStanding>
        <northDefault>
          <offset>(0.18,0,0)</offset>
        </northDefault>
      </ingestHoldOffsetStanding>
      <ingestCommandString>Drink {0}</ingestCommandString>
      <ingestReportString>Drinking {0}.</ingestReportString>
      <chairSearchRadius>25</chairSearchRadius>
      <outcomeDoers>
        <li Class="IngestionOutcomeDoer_GiveHediff">
          <hediffDef>TM_SyrriumSenseHD</hediffDef>
          <severity>0.8</severity>
          <toleranceChemical>TM_SyrriumChemical</toleranceChemical>
        </li>
        <li Class="IngestionOutcomeDoer_GiveHediff">
          <hediffDef>TM_SyrriumTolerance</hediffDef>
          <severity>0.026</severity>
		  <divideByBodySize>true</divideByBodySize>
		</li>
		<li Class="TorannMagic.IngestionOutcomeDoer_RemoveHediff">
			<hediffDef>TM_PomanaSenseHD</hediffDef>
		</li>
      </outcomeDoers>
    </ingestible>
	  <comps>
		<li Class="CompProperties_Drug">
			<chemical>TM_SyrriumChemical</chemical>
			<addictiveness>0.028</addictiveness>
			<minToleranceToAddict>0.55</minToleranceToAddict>
			<existingAddictionSeverityOffset>0.25</existingAddictionSeverityOffset>
			<needLevelOffset>1</needLevelOffset>
			<listOrder>1677</listOrder>
		</li>
	  </comps>
  </ThingDef>
  
  <HediffDef>
    <defName>TM_SyrriumSenseHD</defName>
    <hediffClass>HediffWithComps</hediffClass>
    <label>syrrium sense</label>
    <defaultLabelColor>(1,0.45,0)</defaultLabelColor>
    <scenarioCanAdd>false</scenarioCanAdd>
    <maxSeverity>2.0</maxSeverity>
    <isBad>false</isBad>
    <comps>
      <li Class="HediffCompProperties_SeverityPerDay">
        <severityPerDay>-1</severityPerDay>
      </li>
    </comps>
    <stages>
	  <li>
        <label></label>
        <minSeverity>0.01</minSeverity>	
        <capMods>
	      <li>
            <capacity>Consciousness</capacity>
            <offset>0.2</offset>
          </li>
        </capMods>
		<statOffsets>
		  <GlobalLearningFactor>0.25</GlobalLearningFactor>
	    </statOffsets>
      </li>
	  <li>
        <label></label>
        <minSeverity>1</minSeverity>	
        <capMods>
	      <li>
            <capacity>Consciousness</capacity>
            <offset>0.25</offset>
          </li>
        </capMods>
		<statOffsets>
		  <GlobalLearningFactor>0.35</GlobalLearningFactor>
	    </statOffsets>
      </li>
    </stages>
  </HediffDef>

  <ThoughtDef>
    <defName>TM_SyrriumSenseTD</defName>
    <workerClass>ThoughtWorker_Hediff</workerClass>
    <hediff>TM_SyrriumSenseHD</hediff>
    <validWhileDespawned>true</validWhileDespawned>
    <stages>
      <li>
        <label>syrrium sense</label>
        <description>My mind is relaxed and answers seem to flow to me as if I'm attuned to the universe.</description>
        <baseMoodEffect>8</baseMoodEffect>
      </li>
    </stages>
  </ThoughtDef>
  
<!-- Syrrium addiction -->
  
  <ChemicalDef>
    <defName>TM_SyrriumChemical</defName>
    <label>syrrium</label>
    <addictionHediff>TM_SyrriumAddiction</addictionHediff>
    <toleranceHediff>TM_SyrriumTolerance</toleranceHediff>
    <onGeneratedAddictedToleranceChance>0.8</onGeneratedAddictedToleranceChance>
    <onGeneratedAddictedEvents>
      <li>
        <hediff>Cirrhosis</hediff>
        <chance>0.10</chance>
        <partsToAffect>
          <li>Liver</li>
        </partsToAffect>
      </li>
	  <li>
        <hediff>ChemicalDamageModerate</hediff>
        <chance>0.45</chance>
        <partsToAffect>
          <li>Brain</li>
        </partsToAffect>
      </li>
    </onGeneratedAddictedEvents>
  </ChemicalDef>
  
  <NeedDef ParentName="DrugAddictionNeedBase">
    <defName>Chemical_Syrrium</defName>
    <needClass>Need_Chemical</needClass>
    <label>syrrium</label>
    <description>This person feels like they need syrrium to be the person they want to be; withdrawal is mostly self-inflicted doubt and insecurity, though it can also cause serious brain damage.</description>
    <listPriority>72</listPriority>
  </NeedDef>

  <HediffDef ParentName="DrugToleranceBase">
    <defName>TM_SyrriumTolerance</defName>
    <label>syrrium tolerance</label>
    <comps>
      <li Class="HediffCompProperties_SeverityPerDay">
        <severityPerDay>-0.010</severityPerDay>
      </li>
      <li Class="HediffCompProperties_DrugEffectFactor">
        <chemical>TM_SyrriumChemical</chemical>
      </li>
    </comps>
		<hediffGivers>
			<li Class="HediffGiver_RandomDrugEffect">
				<hediff>Cirrhosis</hediff>
				<minSeverity>0.60</minSeverity>
				<baseMtbDays>120</baseMtbDays>
				<partsToAffect>
					<li>Liver</li>
				</partsToAffect>
			</li>
			<li Class="HediffGiver_RandomDrugEffect">
				<hediff>Carcinoma</hediff>
				<minSeverity>0.70</minSeverity>
				<baseMtbDays>200</baseMtbDays>
				<partsToAffect>
					<li>Liver</li>
				</partsToAffect>
			</li>
			<li Class="HediffGiver_RandomDrugEffect">
				<hediff>ChemicalDamageModerate</hediff>
				<minSeverity>0.25</minSeverity>
				<baseMtbDays>50</baseMtbDays>
				<partsToAffect>
					<li>Brain</li>
				</partsToAffect>
			</li>
			<li Class="HediffGiver_RandomDrugEffect">
				<hediff>ChemicalDamageSevere</hediff>
				<minSeverity>0.40</minSeverity>
				<baseMtbDays>90</baseMtbDays>
				<partsToAffect>
					<li>Brain</li>
				</partsToAffect>
			</li>
		</hediffGivers>
  </HediffDef>

  <HediffDef ParentName="AddictionBase">
    <defName>TM_SyrriumAddiction</defName>
    <hediffClass>Hediff_Addiction</hediffClass>
    <label>syrrium addiction</label>
    <causesNeed>Chemical_Syrrium</causesNeed>
    <comps>
      <li Class="HediffCompProperties_SeverityPerDay">
        <severityPerDay>-0.3</severityPerDay>
      </li>
    </comps>
    <stages>
		<li>
		</li>
      <li>
        <label>withdrawal</label>
        <capMods>
          <li>
            <capacity>Consciousness</capacity>
            <offset>-0.25</offset>
          </li>
        </capMods>
		<statOffsets>
		  <GlobalLearningFactor>-0.25</GlobalLearningFactor>
	    </statOffsets>
		<mentalStateGivers>
			<li>
				<mentalState>Binging_DrugMajor</mentalState>
				<mtbDays>60</mtbDays>
			</li>
			<li>
				<mentalState>Wander_Psychotic</mentalState>
				<mtbDays>15</mtbDays>
          </li>
		</mentalStateGivers>
      </li>
    </stages>
  </HediffDef>

  <ThoughtDef>
    <defName>TM_SyrriumWithdrawalTD</defName>
    <workerClass>ThoughtWorker_Hediff</workerClass>
    <hediff>TM_SyrriumAddiction</hediff>
    <validWhileDespawned>true</validWhileDespawned>
    <stages>
	  <li>
		<visible>false</visible>
	  </li>
      <li>
        <label>syrrium withdrawal</label>
        <description>My mind feels muddled. With syrrium I was brilliant, I'm sure everyone was impressed with my intellect. That's who I am, I need to have that!</description>
        <baseMoodEffect>-25</baseMoodEffect>
      </li>
    </stages>
  </ThoughtDef>
  
  <ThingDef ParentName="TM_PlantBase">
	<defName>TM_Plant_Paracyte</defName>
	<label>Paracyte thornbush</label>
	<description>The paracyte thornbush is a genetically engineered plant that absorbs mana through a process of arcane transpiration and collects it into a chrysalis. As the plant matures, the chrysalis hardens into magicyte which can be harvested.  The rest of the plant consists of almost glass-like thorns and rigid stems. 
	
Paracyte is difficult to grow and only skilled herbalists are able to plant and harvest it safely, but for all it's difficulties, it has a delicate beauty and gives off an ethereal glow that reflects light along its crystalline edges.</description>
	<statBases>
		<MaxHitPoints>25</MaxHitPoints>
		<Nutrition>0.1</Nutrition>
		<Beauty>32</Beauty>
	</statBases>
    <graphicData>
      <texPath>Items/Plants/Paracyte_Mature</texPath>
      <graphicClass>Graphic_Random</graphicClass>
    </graphicData>
	<selectable>true</selectable>
    <neverMultiSelect>false</neverMultiSelect>
	<pathCost>80</pathCost>
	<altitudeLayer>Item</altitudeLayer>
    <plant>
      <harvestedThingDef>RawMagicyte</harvestedThingDef>
      <harvestYield>7</harvestYield>
      <sowMinSkill>12</sowMinSkill>
      <growDays>16</growDays>
      <sowWork>1200</sowWork>
      <harvestWork>600</harvestWork>
	  <lifespanDaysPerGrowDays>60</lifespanDaysPerGrowDays>
	  <dieIfLeafless>true</dieIfLeafless>
	  <neverBlightable>false</neverBlightable>
	  <harvestTag>Standard</harvestTag>
	  <sowTags>
		<li>Ground</li>
		<li>Hydroponic</li>
		<li>Decorative</li>
	  </sowTags>
	  <growMinGlow>0</growMinGlow>
	  <growOptimalGlow>1</growOptimalGlow>
      <fertilitySensitivity>.8</fertilitySensitivity>
	  <harvestAfterGrowth>.30</harvestAfterGrowth>
      <immatureGraphicPath>Items/Plants/Paracyte_Immature</immatureGraphicPath>
	  <visualSizeRange>
        <min>0.6</min>
        <max>1.4</max>
	  </visualSizeRange>
	  <topWindExposure>0.25</topWindExposure>
      <wildOrder>2</wildOrder>
	  <purpose>Beauty</purpose>
	  <sowResearchPrerequisites>
		<li>TM_PlantCultivation</li>
	  </sowResearchPrerequisites>
   </plant>
   <comps>
      <li Class="CompProperties_Glower">
        <glowRadius>3</glowRadius>
		<glowColor>(204,255,150,0)</glowColor>
	  </li>
   </comps>
  </ThingDef>
  
  <ThingDef ParentName="TM_PlantBase">
		<defName>TM_Plant_Briar</defName>
		<label>thorny vines</label>
		<description>A hazard of tangled, woody shoots covered in wicked thorns that slow down anyone moving over them. The thorns are razor sharp and can pierce even thick clothing.</description>
		<statBases>
			<MaxHitPoints>100</MaxHitPoints>
			<Nutrition>0.05</Nutrition>
			<Beauty>-8</Beauty>
		</statBases>
		<tickerType>Normal</tickerType>
		<pathCost>55</pathCost>
		<graphicData>
			<texPath>Items/Plants/Briar</texPath>
			<graphicClass>Graphic_Random</graphicClass>
		</graphicData>
		<ingestible />
		<plant>
			<fertilitySensitivity>0.4</fertilitySensitivity>
			<growDays>.02</growDays>
			<fertilityMin>0</fertilityMin>
			<growMinGlow>0</growMinGlow>
			<lifespanDaysPerGrowDays>20</lifespanDaysPerGrowDays>
			<harvestWork>60</harvestWork>
			<maxMeshCount>4</maxMeshCount>
			<leaflessGraphicPath>Items/Plants/Briar</leaflessGraphicPath>
			<dieIfLeafless>true</dieIfLeafless>
			<visualSizeRange>
				<min>.1</min>
				<max>1</max>
			</visualSizeRange>
			<topWindExposure>0.05</topWindExposure>
			<wildOrder>2</wildOrder>
			<wildEqualLocalDistribution>false</wildEqualLocalDistribution>
		</plant>
	<comps>
	  <li>
        <compClass>TorannMagic.CompPlantHazard</compClass>
      </li>	  
    </comps>
	</ThingDef>
  
</Defs>