<?xml version="1.0" encoding="utf-8" ?>

<Defs>

	<ThingDef ParentName="ResourceBase" Name="WritableScriptBase" Abstract="True">
		<thingClass>ThingWithComps</thingClass>
		<thingCategories>
			<li>TM_SkillBooks</li>
		</thingCategories>
		<tradeTags>
			<li>Arcane</li>
		</tradeTags>
		<statBases>
			<MarketValue>6000</MarketValue>
			<MaxHitPoints>1000</MaxHitPoints>
			<Mass>0.2</Mass>
			<Flammability>0.5</Flammability>
			<DeteriorationRate>0.0001</DeteriorationRate>
			<Beauty>10</Beauty>
			<SellPriceFactor>.7</SellPriceFactor>
		</statBases>
		<stackLimit>10</stackLimit>
		<techLevel>Neolithic</techLevel>
		<drawGUIOverlay>true</drawGUIOverlay>
		<comps>
			<li Class="CompProperties_Usable">
				<useJob>UseArtifact</useJob>
				<useLabel>Write</useLabel>
			</li>
		</comps>
	</ThingDef>
	
	<ThingDef ParentName="WritableScriptBase">
		<defName>UnfinishedArcane</defName>
		<label>Unfinished Torn Script</label>
		<thingClass>ThingWithComps</thingClass>
		<description>An arcane script ready to be filled with the secrets of unlocking magical powers...
		
Use a trained mage to record their arcane secrets in the book. The book can then be used to teach another, gifted pawn how to become the same class. Torn scripts will promote a gifted pawn to a magic class but will start with a random set of class abilities.

Magically Gifted pawns can journal their theories and experiments in this book and learn to become a random magic class.</description>
		<category>Item</category>
		<selectable>true</selectable>
		<altitudeLayer>Item</altitudeLayer>
		<alwaysHaulable>true</alwaysHaulable>
		<resourceReadoutPriority>Middle</resourceReadoutPriority>
		<tradeNeverStack>true</tradeNeverStack>
		<statBases>
			<MarketValue>1400</MarketValue>
		</statBases>
		<useHitPoints>true</useHitPoints>
		<comps>
			<li Class="CompProperties_Forbiddable" />
			<li Class="CompProperties_UseEffect">
				<compClass>TorannMagic.SihvRMagicScrollScribe.CompUseEffect_WriteTornScript</compClass>
			</li>
		</comps>
		<rotatable>false</rotatable>
		<costStuffCount>20</costStuffCount>
		<stuffCategories>
			<li>Leathery</li>
		</stuffCategories>
		<costList>
			<RawMagicyte>250</RawMagicyte>
			<Cloth>80</Cloth>
		</costList>
		<recipeMaker>		    
			<workAmount>2500</workAmount>
			<workSpeedStat>SmithingSpeed</workSpeedStat>
			<workSkill>Intellectual</workSkill>
			<recipeUsers>
				<li>TableMagicPrinter</li>
			</recipeUsers>
			<effectWorking>Smelt</effectWorking>
			<unfinishedThingDef>UnfinishedWeapon</unfinishedThingDef>
			<skillRequirements>
				<Crafting>4</Crafting>
				<Intellectual>8</Intellectual>
			</skillRequirements>
		</recipeMaker>
		<graphicData>
			<texPath>Books/blankscript_magic</texPath>
			<graphicClass>Graphic_Single</graphicClass>
		</graphicData>
	</ThingDef>
	
	<ThingDef ParentName="WritableScriptBase">
		<defName>UnfinishedAdvArcane</defName>
		<label>Unfinished Arcane Book</label>
		<thingClass>ThingWithComps</thingClass>
		<description>A arcane tome ready to be filled with the secrets of unlocking magical powers...
		
Use a trained mage to record their arcane secrets in the book. The book can then be used to teach another, gifted pawn how to become the same class. Arcane Tomes will promote a gifted pawn to a magic class and all class abilities except the master ability.

Gifted pawns can journal their theories and experiments in this book and learn to become a random magic class.</description>
		<category>Item</category>
		<selectable>true</selectable>
		<altitudeLayer>Item</altitudeLayer>
		<alwaysHaulable>true</alwaysHaulable>
		<resourceReadoutPriority>Middle</resourceReadoutPriority>
		<tradeNeverStack>true</tradeNeverStack>
		<statBases>
			<MarketValue>2635</MarketValue>
		</statBases>
		<useHitPoints>true</useHitPoints>
		<comps>
			<li Class="CompProperties_Forbiddable" />
			<li Class="CompProperties_UseEffect">
				<compClass>TorannMagic.SihvRMagicScrollScribe.CompUseEffect_WriteFullScript</compClass>
			</li>
		</comps>
		<rotatable>false</rotatable>
		<costStuffCount>50</costStuffCount>
		<stuffCategories>
			<li>Leathery</li>
		</stuffCategories>
		<costList>
			<RawMagicyte>400</RawMagicyte>
			<DevilstrandCloth>80</DevilstrandCloth>
		</costList>
		<recipeMaker>
			<workAmount>3500</workAmount>
			<workSpeedStat>SmithingSpeed</workSpeedStat>
			<workSkill>Intellectual</workSkill>
			<recipeUsers>
				<li>TableMagicPrinter</li>
			</recipeUsers>
			<effectWorking>Smelt</effectWorking>
			<unfinishedThingDef>UnfinishedWeapon</unfinishedThingDef>
			<skillRequirements>
				<Crafting>6</Crafting>
				<Intellectual>8</Intellectual>
			</skillRequirements>
			<researchPrerequisite>
				<li>TM_AdvancedScribing</li>
			</researchPrerequisite>
		</recipeMaker>
		<graphicData>
			<texPath>Books/blanktome_magic</texPath>
			<graphicClass>Graphic_Single</graphicClass>
		</graphicData>
	</ThingDef>
	
	<ThingDef ParentName="WritableScriptBase">
		<defName>UnfinishedMartial</defName>
		<label>Unfinished Martial Book</label>
		<thingClass>ThingWithComps</thingClass>
		<description>A book ready to be filled with the secrets of unlocking martial powers...

Use a trained fighter to record their combat techniques in the book. The book can then be used to teach another pawn this combat technique.

Physically adept pawns can journal their research and training in this book to develop the concepts of a random fighter class.</description>
		<category>Item</category>
		<selectable>true</selectable>
		<altitudeLayer>Item</altitudeLayer>
		<alwaysHaulable>true</alwaysHaulable>
		<resourceReadoutPriority>Middle</resourceReadoutPriority>
		<tradeNeverStack>true</tradeNeverStack>
		<statBases>
			<MarketValue>2055</MarketValue>
		</statBases>
		<useHitPoints>true</useHitPoints>
		<comps>
			<li Class="CompProperties_Forbiddable" />
			<li Class="CompProperties_UseEffect">
				<compClass>TorannMagic.SihvRMagicScrollScribe.CompUseEffect_WriteMartialScript</compClass>
			</li>
		</comps>
		<rotatable>false</rotatable>
		<costStuffCount>100</costStuffCount>
		<stuffCategories>
			<li>Leathery</li>
		</stuffCategories>
		<costList>
			<RawMagicyte>350</RawMagicyte>
			<DevilstrandCloth>50</DevilstrandCloth>
		</costList>
		<recipeMaker>
			<workAmount>3000</workAmount>
			<workSpeedStat>SmithingSpeed</workSpeedStat>
			<workSkill>Intellectual</workSkill>
			<recipeUsers>
				<li>TableMagicPrinter</li>
			</recipeUsers>
			<effectWorking>Smelt</effectWorking>
			<unfinishedThingDef>UnfinishedWeapon</unfinishedThingDef>
			<skillRequirements>
				<Crafting>5</Crafting>
				<Intellectual>6</Intellectual>
			</skillRequirements>
		</recipeMaker>
		<graphicData>
			<texPath>Books/blankscript_might</texPath>
			<graphicClass>Graphic_Single</graphicClass>
		</graphicData>
	</ThingDef>
	
</Defs>