<?xml version="1.0" encoding="utf-8" ?>

 
<Defs>

	<TorannMagic.TM_CustomClassDef Name="CustomClass_List">
		<defName>TM_CustomClasses</defName>
		<customClasses>		
		  <!-- Custom Class - the Shadow -->
		  <li>		  
			<classTrait>TM_TheShadow</classTrait>			<!-- Class Trait; if an existing class trait it used, it will OVERWRITE the class - do not disable overwritten classes in mod options -->
			<traitDegree>4</traitDegree>					<!-- Trait degree, usually 4, but has to match the trait def -->
			<classHediff></classHediff>						<!-- Class Hediff, used for various checks but usually not necessary if the ability is assigned; only required for "psionic" -->			
			<classTexturePath>shadowFlame</classTexturePath><!-- unique class texture; icon appears on the colonist bar; searches the Textures/Other/ClassTextures mod folder -->
			<classIconPath>CustomFlame</classIconPath>		<!-- assigns a unique class icon; this icon floats next to the class's head; searches the Textures/Other mod folder -->
			<classIconColor>(.3,0,.6)</classIconColor>		<!-- color of the class mark in(r,g,b) format -->
			<tornScript></tornScript>						<!-- only applies to mages, randomly assigns abilities based on skill learn chance, not required -->
			<fullScript>BookOfShadow</fullScript>			<!-- assigns all abilities when read -->
			
			<classMageAbilities>							<!-- all mage abilities available to the class -->
				<li>TM_SoulBond</li>
				<li>TM_Blink</li>
				<li>TM_Blink_I</li>
				<li>TM_Blink_II</li>
				<li>TM_Blink_III</li>
				<li>TM_Summon</li>
				<li>TM_Summon_I</li>
				<li>TM_Summon_II</li>
				<li>TM_Summon_III</li>
				<li>TM_ShadowWalk</li>
			</classMageAbilities>
			<learnableSpells>								<!-- learnable magic related skills, allows access to class related cantrips eg briar patch, master spells, etc -->
			</learnableSpells>								<!-- entries should match the defName of the item used to learn the spell, eg "SpellOf_BriarPatch" -->
			
			<classFighterAbilities>							<!-- all fighter abilities available to the class -->
				<li>TM_ShadowStrike</li>
				<li>TM_Nightshade</li>
				<li>TM_VeilOfShadows</li>
			</classFighterAbilities>
			<learnableSkills>								<!-- learnable might related skills - currently all learnable might skills are open to every class -->
			</learnableSkills>
			
			<isMage>true</isMage>							<!-- assigns mana need, validation to execute magic related tasks, and determines prerequisite trait to become this type of class -->
			<isFighter>true</isFighter>						<!-- assigns stamina need, validation to execute might related tasks, and determines prerequisite trait to become this type of class -->
															<!-- if both mage and fighter are true, then either precursor is valid for promotion -->
            <!--<maxMageLevel>150</maxMageLevel>-->         <!--Overrides the default maxLevel of 150-->
            <!--<maxFighterLevel>150</maxFighterLevel>-->         <!--Overrides the default maxLevel of 150-->
			<isNecromancer>false</isNecromancer>			<!-- not currently used - counts as a necromancer for undead upkeep -->
			<isUndead>false</isUndead>						<!-- counts as an undead for light magic damage, assign class hediff "TM_Undead" or "TM_LichHD" for undead health benefits; -->
															<!-- class with undead hediffs will instantly die if no necromancer is available to sustain -->
			<isAndroid>false</isAndroid>					<!-- class counts as an android for various spell checks -->
			<isAdvancedClass>false</isAdvancedClass>		<!-- shifts all class related functions into a separate, advanced tab (WIP/future use) -->
			<shouldShow>false</shouldShow>
		  </li>		  
		  <!-- Brightmage -->
		  <li>		  
			<classTrait>TM_Brightmage</classTrait>			
			<traitDegree>4</traitDegree>					
			<classHediff>TM_LightCapacitanceHD</classHediff>
			<classTexturePath>brightMageMark</classTexturePath> 
			<classIconPath>PsiMark</classIconPath>		
			<classIconColor>(1,0.95,.9)</classIconColor>		
			<tornScript>Torn_BookOfTheSun</tornScript>			
			<fullScript>BookOfTheSun</fullScript>			
			
			<classMageAbilities>							
				<li>TM_LightLance</li>
				<li>TM_Sunfire</li>
				<li>TM_Sunfire_I</li>
				<li>TM_Sunfire_II</li>
				<li>TM_Sunfire_III</li>
				<li>TM_LightBurst</li>
				<li>TM_LightSkip</li>
				<li>TM_Refraction</li>
				<li>TM_SpiritOfLight</li>
			</classMageAbilities>
			<learnableSpells>								
				<li>SpellOf_SpiritOfLight</li>
			</learnableSpells>								
			
			<classFighterAbilities>							
			</classFighterAbilities>
			<learnableSkills>								
			</learnableSkills>
			
			<isMage>true</isMage>							
			<isFighter>false</isFighter>					 
			<isNecromancer>false</isNecromancer>			
			<isUndead>false</isUndead>											
			<isAndroid>false</isAndroid>					
			<isAdvancedClass>false</isAdvancedClass>	
			<shouldShow>false</shouldShow>			
		  </li>	
		  <!-- Shaman -->
		  <li>		  
			<classTrait>TM_Shaman</classTrait>				
			<traitDegree>4</traitDegree>					
			<classHediff></classHediff>								
			<classTexturePath>shamanMageMark</classTexturePath> 
			<classIconPath>MageMark</classIconPath>			
			<classIconColor>(.87,0.9,.4)</classIconColor>		
			<tornScript>Torn_BookOfShamanism</tornScript>						
			<fullScript>BookOfShamanism</fullScript>			
			
			<classMageAbilities>	
				<li>TM_Totems</li>
				<li>TM_Enrage</li>
				<li>TM_Hex</li>
				<li>TM_Hex_I</li>
				<li>TM_Hex_II</li>
				<li>TM_Hex_III</li>
				<li>TM_ChainLightning</li>
				<li>TM_SpiritWolves</li>
				<li>TM_SpiritWolves_I</li>
				<li>TM_SpiritWolves_II</li>
				<li>TM_SpiritWolves_III</li>
				<li>TM_GuardianSpirit</li>
			</classMageAbilities>
			<learnableSpells>		
				<li>SpellOf_GuardianSpirit</li>			
			</learnableSpells>								
			
			<classFighterAbilities>							
			</classFighterAbilities>
			<learnableSkills>								
			</learnableSkills>
			
			<isMage>true</isMage>							
			<isFighter>false</isFighter>					
			<isNecromancer>false</isNecromancer>			
			<isUndead>false</isUndead>										
			<isAndroid>false</isAndroid>					
			<isAdvancedClass>false</isAdvancedClass>		
			<shouldShow>false</shouldShow>
		  </li>	
		</customClasses>			
	</TorannMagic.TM_CustomClassDef>		

</Defs>

	<!-- ============ Mage Abilities 
      

	=============-->
	