<?xml version="1.0" encoding="utf-8" ?>

 
<Defs>

	<TorannMagic.HediffCategoryList Name="HediffCategory_List">
		<defName>TM_Category_Hediffs</defName>
		<!-- Ailments are cured by Priest: Purify by default -->
		<ailments>															<!-- ailments are applied to "Purify" ability by default-->
		  <li>
			<hediffDefname>Cataract</hediffDefname>							<!--defname of hediff -->
			<containsDefnameString>false</containsDefnameString>			<!--default=false, matches defnames containing hediffDefname -->
			<removeOnCure>false</removeOnCure>								<!--default=true, removes hediff if skill requirements are met; subsequently checks -->
																			<!--"chanceToRemove", if set to false then applies a hediff reduction -->
			<chanceToRemove>1.0</chanceToRemove>							<!--default=1, only applies if removeOnCure is true-->
			<severityReduction>.4</severityReduction>						<!--default=0, if removeOnCure is false, reduces severity of ailment by this amount -->
			<requiredSkillName>TM_Purify_ver</requiredSkillName>			<!--Purify Versatility default, checks this skill for requirements -->
			<requiredSkillLevel>0</requiredSkillLevel>						<!--default=0, must have this level in the required skill for spell to have any affect-->
			<powerSkillName>TM_Purify_pwr</powerSkillName>					<!--Purify Power default, modifies effects by this skill -->
			<powerSkillAdjustment>.3</powerSkillAdjustment> 				<!--default=0, additive to severity reduction amount, does not apply if removeOnCure -->
			<replacementHediffDefname></replacementHediffDefname>			<!--if this field has a value then it will attempt to replace the existing hediff -->
			<replacementHediffSeverity></replacementHediffSeverity>			<!--may replace existing hediff with another (mechanite reprogramming) -->
		  </li>		  
		  <li>
			<hediffDefname>HearingLoss</hediffDefname>
			<removeOnCure>false</removeOnCure>
			<severityReduction>.4</severityReduction>								
			<powerSkillAdjustment>.3</powerSkillAdjustment> 						
		  </li>	
		  <li>
			<hediffDefname>ToxicBuildup</hediffDefname>
			<removeOnCure>false</removeOnCure>
			<severityReduction>.4</severityReduction>								
			<powerSkillAdjustment>.3</powerSkillAdjustment> 						
		  </li>
		  <li>
			<hediffDefname>Blindness</hediffDefname>
			<removeOnCure>false</removeOnCure>
			<severityReduction>.3</severityReduction>								
			<requiredSkillLevel>1</requiredSkillLevel>
			<powerSkillAdjustment>.2</powerSkillAdjustment> 						
		  </li>
		  <li>
			<hediffDefname>Asthma</hediffDefname>
			<removeOnCure>true</removeOnCure>
			<requiredSkillLevel>1</requiredSkillLevel>						
		  </li>
		  <li>
			<hediffDefname>Cirrhosis</hediffDefname>
			<removeOnCure>false</removeOnCure>
			<severityReduction>.3</severityReduction>								
			<requiredSkillLevel>1</requiredSkillLevel>
			<powerSkillAdjustment>.2</powerSkillAdjustment> 						
		  </li>
		  <li>
			<hediffDefname>ChemicalDamageModerate</hediffDefname>
			<removeOnCure>false</removeOnCure>
			<severityReduction>.3</severityReduction>								
			<requiredSkillLevel>1</requiredSkillLevel>
			<powerSkillAdjustment>.2</powerSkillAdjustment> 						
		  </li>
		  <li>
			<hediffDefname>Frail</hediffDefname>
			<removeOnCure>false</removeOnCure>
			<severityReduction>.25</severityReduction>								
			<requiredSkillLevel>2</requiredSkillLevel>
			<powerSkillAdjustment>.2</powerSkillAdjustment> 						
		  </li>
		  <li>
			<hediffDefname>BadBack</hediffDefname>
			<removeOnCure>false</removeOnCure>
			<severityReduction>.25</severityReduction>								
			<requiredSkillLevel>2</requiredSkillLevel>
			<powerSkillAdjustment>.2</powerSkillAdjustment> 						
		  </li>
		  <li>
			<hediffDefname>Carcinoma</hediffDefname>
			<removeOnCure>false</removeOnCure>
			<severityReduction>.25</severityReduction>								
			<requiredSkillLevel>2</requiredSkillLevel>
			<powerSkillAdjustment>.2</powerSkillAdjustment> 						
		  </li>
		  <li>
			<hediffDefname>ChemicalDamageSevere</hediffDefname>
			<removeOnCure>false</removeOnCure>
			<severityReduction>.25</severityReduction>								
			<requiredSkillLevel>2</requiredSkillLevel>
			<powerSkillAdjustment>.2</powerSkillAdjustment> 						
		  </li>
		  <li>
			<hediffDefname>Alzheimers</hediffDefname>
			<removeOnCure>false</removeOnCure>
			<severityReduction>.15</severityReduction>								
			<requiredSkillLevel>3</requiredSkillLevel>
			<powerSkillAdjustment>.15</powerSkillAdjustment> 						
		  </li>
		  <li>
			<hediffDefname>Dementia</hediffDefname>
			<removeOnCure>false</removeOnCure>
			<severityReduction>.15</severityReduction>								
			<requiredSkillLevel>3</requiredSkillLevel>
			<powerSkillAdjustment>.15</powerSkillAdjustment> 						
		  </li>
		  <li>
			<hediffDefname>HeartArteryBlockage</hediffDefname>
			<removeOnCure>false</removeOnCure>
			<severityReduction>.15</severityReduction>								
			<requiredSkillLevel>3</requiredSkillLevel>
			<powerSkillAdjustment>.15</powerSkillAdjustment> 						
		  </li>
		  <li>
			<hediffDefname>PsychicShock</hediffDefname>
			<removeOnCure>false</removeOnCure>
			<severityReduction>.15</severityReduction>								
			<requiredSkillLevel>3</requiredSkillLevel>
			<powerSkillAdjustment>.15</powerSkillAdjustment>  						
		  </li>
		  <li>
			<hediffDefname>CatatonicBreakdown</hediffDefname>
			<removeOnCure>false</removeOnCure>
			<severityReduction>.15</severityReduction>								
			<requiredSkillLevel>3</requiredSkillLevel>
			<powerSkillAdjustment>.15</powerSkillAdjustment> 						
		  </li>
		  <li>
			<hediffDefname>Abasia</hediffDefname>
			<removeOnCure>true</removeOnCure>
			<chanceToRemove>.25</chanceToRemove>						
			<requiredSkillName>TM_Purify_ver</requiredSkillName>
			<requiredSkillLevel>3</requiredSkillLevel>
			<powerSkillName>TM_Purify_pwr</powerSkillName>
			<powerSkillAdjustment>.05</powerSkillAdjustment> 						
		  </li>
		</ailments>
		<!-- Addictions are cured by Priest: Purify by default -->
		<addictions>
		  <li>
			<hediffDefname>Alcohol</hediffDefname>
			<removeOnCure>false</removeOnCure>
			<severityReduction>.3</severityReduction>								
			<requiredSkillLevel>0</requiredSkillLevel>
			<powerSkillAdjustment>.3</powerSkillAdjustment> 
		  </li>
		  <li>
			<hediffDefname>Smokeleaf</hediffDefname>
			<removeOnCure>false</removeOnCure>
			<severityReduction>.3</severityReduction>								
			<requiredSkillLevel>0</requiredSkillLevel>
			<powerSkillAdjustment>.3</powerSkillAdjustment> 
		  </li>
		  <li>
			<hediffDefname>GoJuice</hediffDefname>
			<removeOnCure>false</removeOnCure>
			<severityReduction>.25</severityReduction>								
			<requiredSkillLevel>1</requiredSkillLevel>
			<powerSkillAdjustment>.25</powerSkillAdjustment> 
		  </li>
		  <li>
			<hediffDefname>WakeUp</hediffDefname>
			<removeOnCure>false</removeOnCure>
			<severityReduction>.25</severityReduction>								
			<requiredSkillLevel>0</requiredSkillLevel>
			<powerSkillAdjustment>.25</powerSkillAdjustment> 
		  </li>
		  <li>
			<hediffDefname>Psychite</hediffDefname>
			<removeOnCure>false</removeOnCure>
			<severityReduction>.25</severityReduction>								
			<requiredSkillLevel>2</requiredSkillLevel>
			<powerSkillAdjustment>.25</powerSkillAdjustment> 
		  </li>
		<!-- purify cures all chemical addictions by default at level 3 -->
		</addictions>
		<!-- Diseases are cured by Druid: Cure Disease by default -->
		<diseases>
		  <li>
			<hediffDefname>WoundInfection</hediffDefname>							
			<removeOnCure>true</removeOnCure>								
			<chanceToRemove>1.0</chanceToRemove>							
			<requiredSkillName>TM_CureDisease_ver</requiredSkillName>		
			<requiredSkillLevel>0</requiredSkillLevel>						
			<powerSkillName>TM_CureDisease_pwr</powerSkillName>				
			<powerSkillAdjustment>.1</powerSkillAdjustment> 				
		  </li>
		  <li>
			<hediffDefname>Infection</hediffDefname>
			<containsDefnameString>true</containsDefnameString>
			<removeOnCure>true</removeOnCure>								
			<chanceToRemove>1.0</chanceToRemove>							
			<requiredSkillName>TM_CureDisease_ver</requiredSkillName>		
			<requiredSkillLevel>0</requiredSkillLevel>						
			<powerSkillName>TM_CureDisease_pwr</powerSkillName>				
			<powerSkillAdjustment>.1</powerSkillAdjustment> 				
		  </li>
		  <li>
			<hediffDefname>Flu</hediffDefname>	
			<containsDefnameString>true</containsDefnameString>			
			<removeOnCure>true</removeOnCure>								
			<chanceToRemove>1.0</chanceToRemove>							
			<requiredSkillName>TM_CureDisease_ver</requiredSkillName>		
			<requiredSkillLevel>0</requiredSkillLevel>						
			<powerSkillName>TM_CureDisease_pwr</powerSkillName>				
			<powerSkillAdjustment>.1</powerSkillAdjustment> 				
		  </li>
		  <li>
			<hediffDefname>GutWorms</hediffDefname>							
			<removeOnCure>true</removeOnCure>								
			<chanceToRemove>1.0</chanceToRemove>							
			<requiredSkillName>TM_CureDisease_ver</requiredSkillName>		
			<requiredSkillLevel>1</requiredSkillLevel>						
			<powerSkillName>TM_CureDisease_pwr</powerSkillName>				
			<powerSkillAdjustment>.1</powerSkillAdjustment> 				
		  </li>
		  <li>
			<hediffDefname>Malaria</hediffDefname>							
			<removeOnCure>true</removeOnCure>								
			<chanceToRemove>1.0</chanceToRemove>							
			<requiredSkillName>TM_CureDisease_ver</requiredSkillName>		
			<requiredSkillLevel>1</requiredSkillLevel>						
			<powerSkillName>TM_CureDisease_pwr</powerSkillName>				
			<powerSkillAdjustment>.1</powerSkillAdjustment> 				
		  </li>
		  <li>
			<hediffDefname>FoodPoisoning</hediffDefname>							
			<removeOnCure>true</removeOnCure>								
			<chanceToRemove>1.0</chanceToRemove>							
			<requiredSkillName>TM_CureDisease_ver</requiredSkillName>		
			<requiredSkillLevel>1</requiredSkillLevel>						
			<powerSkillName>TM_CureDisease_pwr</powerSkillName>				
			<powerSkillAdjustment>.1</powerSkillAdjustment> 				
		  </li>
		  <li>
			<hediffDefname>SleepingSickness</hediffDefname>							
			<removeOnCure>true</removeOnCure>								
			<chanceToRemove>1.0</chanceToRemove>							
			<requiredSkillName>TM_CureDisease_ver</requiredSkillName>		
			<requiredSkillLevel>2</requiredSkillLevel>						
			<powerSkillName>TM_CureDisease_pwr</powerSkillName>				
			<powerSkillAdjustment>.1</powerSkillAdjustment> 				
		  </li>
		  <li>
			<hediffDefname>MuscleParasites</hediffDefname>							
			<removeOnCure>true</removeOnCure>								
			<chanceToRemove>1.0</chanceToRemove>							
			<requiredSkillName>TM_CureDisease_ver</requiredSkillName>		
			<requiredSkillLevel>2</requiredSkillLevel>						
			<powerSkillName>TM_CureDisease_pwr</powerSkillName>				
			<powerSkillAdjustment>.1</powerSkillAdjustment> 				
		  </li>
		  <li>
			<hediffDefname>Scaria</hediffDefname>							
			<removeOnCure>true</removeOnCure>								
			<chanceToRemove>1.0</chanceToRemove>							
			<requiredSkillName>TM_CureDisease_ver</requiredSkillName>		
			<requiredSkillLevel>2</requiredSkillLevel>						
			<powerSkillName>TM_CureDisease_pwr</powerSkillName>				
			<powerSkillAdjustment>.1</powerSkillAdjustment> 				
		  </li>
<!-- 		  <li>
			<hediffDefname>BloodRot</hediffDefname>							
			<removeOnCure>false</removeOnCure>								
			<chanceToRemove>1.0</chanceToRemove>							
			<requiredSkillName>TM_CureDisease_ver</requiredSkillName>		
			<requiredSkillLevel>3</requiredSkillLevel>						
			<powerSkillName>TM_CureDisease_pwr</powerSkillName>				
			<powerSkillAdjustment>0</powerSkillAdjustment> 				
		  </li> -->
		  <li>
			<hediffDefname>Plague</hediffDefname>
			<containsDefnameString>true</containsDefnameString>
			<removeOnCure>true</removeOnCure>								
			<chanceToRemove>1.0</chanceToRemove>							
			<requiredSkillName>TM_CureDisease_ver</requiredSkillName>		
			<requiredSkillLevel>3</requiredSkillLevel>						
			<powerSkillName>TM_CureDisease_pwr</powerSkillName>				
			<powerSkillAdjustment>.1</powerSkillAdjustment> 				
		  </li>
<!-- 		  <li>
			<hediffDefname>Abasia</hediffDefname>
			<removeOnCure>true</removeOnCure>								
			<chanceToRemove>0</chanceToRemove>							
			<requiredSkillName>TM_CureDisease_ver</requiredSkillName>		
			<requiredSkillLevel>3</requiredSkillLevel>						
			<powerSkillName>TM_CureDisease_pwr</powerSkillName>				
			<powerSkillAdjustment>0</powerSkillAdjustment> 				
		  </li> -->
		  <!-- level 3 Cure Disease cures any unspecified hediffs that are "bad" and "makesSickThought" -->
		</diseases>
		<!-- Malfunctioning mechanites are cured by Technomancer: Mechanite Reprogramming (scroll learnable) by default -->
		<mechanites>
		  <li>
			<hediffDefname>SensoryMechanites</hediffDefname>							
			<removeOnCure>true</removeOnCure>																									
			<chanceToRemove>1.0</chanceToRemove>												
			<replacementHediffDefname>TM_ReprogrammedSenMechanites_HD</replacementHediffDefname>			
			<replacementHediffSeverity>.001</replacementHediffSeverity>			
		  </li>
		  <li>
			<hediffDefname>FibrousMechanites</hediffDefname>							
			<removeOnCure>true</removeOnCure>																									
			<chanceToRemove>1.0</chanceToRemove>												
			<replacementHediffDefname>TM_ReprogrammedFibMechanites_HD</replacementHediffDefname>			
			<replacementHediffSeverity>.001</replacementHediffSeverity>			
		  </li>
		  <li>
			<hediffDefname>LymphaticMechanites</hediffDefname>							
			<removeOnCure>true</removeOnCure>																									
			<chanceToRemove>1.0</chanceToRemove>												
			<replacementHediffDefname>TM_ReprogrammedLymMechanites_HD</replacementHediffDefname>			
			<replacementHediffSeverity>.001</replacementHediffSeverity>			
		  </li>
		</mechanites>
	</TorannMagic.HediffCategoryList>

</Defs>

	<!-- ============ 
	Mods:
	Core
	Royalty DLC
	RimWar of Magic	
	=============-->