﻿<?xml version="1.0" encoding="utf-8" ?>
<Defs>

  <!--============= Enchanting jobs ===============-->

  <JobDef>
    <defName>JobDriver_RemoveEnchantingGem</defName>
    <driverClass>TorannMagic.Enchantment.JobDriver_RemoveEnchantingGem</driverClass>
    <reportString>unequipping TargetA from enchantment</reportString>
  </JobDef>
  
  <JobDef>
    <defName>JobDriver_AddEnchantingGem</defName>
    <driverClass>TorannMagic.Enchantment.JobDriver_AddEnchantingGem</driverClass>
    <reportString>equipping TargetA for enchanting</reportString>
  </JobDef>
  
    <JobDef>
    <defName>JobDriver_EnchantItem</defName>
    <driverClass>TorannMagic.Enchantment.JobDriver_EnchantItem</driverClass>
    <reportString>enchanting TargetA</reportString>
  </JobDef>
 
  
</Defs>
