<?xml version="1.0" encoding="utf-8" ?>

<Defs>

  <ThingDef ParentName="MakeableDrugBase">
    <defName>ManaPotion</defName>
    <label>Mana Potion</label>
	<thingCategories>
      <li>TM_MagicItems</li>
    </thingCategories>
    <description>A magical supplement that allows arcane users to rapidly recover mana. Mana potions work by acting as a natural suppressant to the bodies mana absorption resistances \n\nUsers are warned, bypassing natural resistances can cause mental and sensory damage.</description>
    <graphicData>
      <texPath>Items/manapot</texPath>
      <graphicClass>Graphic_StackCount</graphicClass>
    </graphicData>
	<tradeTags>
	  <li>Arcane</li>
    </tradeTags>
    <rotatable>false</rotatable>
    <statBases>
      <WorkToMake>1000</WorkToMake>
      <MarketValue>90</MarketValue>
	  <SellPriceFactor>0.6</SellPriceFactor>
      <Mass>0.1</Mass>
    </statBases>
	<stackLimit>25</stackLimit>
    <techLevel>Neolithic</techLevel>
    <ingestible>
      <joy>0.50</joy>
	  <joyKind>Chemical</joyKind>
      <drugCategory>Hard</drugCategory>
      <foodType>Processed, Fluid</foodType>
      <baseIngestTicks>60</baseIngestTicks>
      <ingestSound>Ingest_Inject</ingestSound>
      <ingestHoldOffsetStanding>
        <northDefault>
          <offset>(0.18,0,0)</offset>
        </northDefault>
      </ingestHoldOffsetStanding>
      <ingestCommandString>Consume {0}</ingestCommandString>
      <ingestReportString>Consuming {0}.</ingestReportString>
      <useEatingSpeedStat>false</useEatingSpeedStat>
      <chairSearchRadius>0</chairSearchRadius>
      <outcomeDoers>
        <li Class="IngestionOutcomeDoer_GiveHediff">
          <hediffDef>ManaPotionHigh</hediffDef>
          <severity>0.20</severity>
          <toleranceChemical>ManaPotion</toleranceChemical>
        </li>
        <li Class="IngestionOutcomeDoer_OffsetNeed">
          <need>TM_Mana</need>
          <offset>0.5</offset>
          <toleranceChemical>ManaPotion</toleranceChemical>
        </li>
        <li Class="IngestionOutcomeDoer_GiveHediff">
          <hediffDef>ManaPotionTolerance</hediffDef>
          <severity>0.025</severity>
		  <divideByBodySize>false</divideByBodySize>
		</li>
      </outcomeDoers>
    </ingestible>
    <recipeMaker>
<!-- 	  <researchPrerequisite>GoJuiceProduction</researchPrerequisite> -->
      <recipeUsers>
        <li>DrugLab</li>
      </recipeUsers>
	  <skillRequirements>
        <Intellectual>6</Intellectual>
		<Crafting>4</Crafting>
      </skillRequirements>
    </recipeMaker>
    <costList>
      <SmokeleafLeaves>2</SmokeleafLeaves>
      <PsychoidLeaves>2</PsychoidLeaves>
	  <GoJuice>1</GoJuice>
<!-- 	  <Ambrosia>1</Ambrosia> -->
    </costList>
    <comps>
      <li Class="CompProperties_Drug">
        <chemical>ManaPotion</chemical>
        <addictiveness>0.01</addictiveness>
        <minToleranceToAddict>0.3</minToleranceToAddict>
        <existingAddictionSeverityOffset>0.10</existingAddictionSeverityOffset>
        <needLevelOffset>1</needLevelOffset>
        <isCombatEnhancingDrug>false</isCombatEnhancingDrug>
        <listOrder>200</listOrder>
        <overdoseSeverityOffset>
          <min>0.18</min>
          <max>0.50</max>
        </overdoseSeverityOffset>
		<largeOverdoseChance>0.01</largeOverdoseChance>
      </li>
    </comps>
  </ThingDef>
  
  <HediffDef>
    <defName>ManaPotionHigh</defName>
    <hediffClass>HediffWithComps</hediffClass>
    <label>arcane high</label>
	<description>Consciousness is raised by consuming liquid mana.</description>
    <defaultLabelColor>(1,0,0.5)</defaultLabelColor>
    <scenarioCanAdd>true</scenarioCanAdd>
    <maxSeverity>1.0</maxSeverity>
    <comps>
      <li Class="HediffCompProperties_SeverityPerDay">
        <severityPerDay>-0.10</severityPerDay>
      </li>
    </comps>
      <stages>
        <li>
          <capMods>
            <li>
              <capacity>Consciousness</capacity>
              <offset>0.20</offset>
            </li>
			<li>
              <capacity>Sight</capacity>
              <offset>-0.20</offset>
            </li>
			<li>
              <capacity>Moving</capacity>
              <offset>-0.20</offset>
            </li>
          </capMods>
        </li>
      </stages>
  </HediffDef>
  
  <ThoughtDef>
    <defName>ManaPotionHigh</defName>
    <workerClass>ThoughtWorker_Hediff</workerClass>
    <hediff>ManaPotionHigh</hediff>
    <validWhileDespawned>true</validWhileDespawned>
    <stages>
      <li>
        <label>mana surge</label>
        <description>This power... it's overwhelming. I feel the power of the cosmos at my fingertips, but it's turning my bones to ash.</description>
        <baseMoodEffect>5</baseMoodEffect>
      </li>
    </stages>
  </ThoughtDef>
  
  <!-- Mana potion addiction -->

  <ChemicalDef>
    <defName>ManaPotion</defName>
    <label>mana potion</label>
    <addictionHediff>ManaPotionAddiction</addictionHediff>
    <toleranceHediff>ManaPotionTolerance</toleranceHediff>
	<onGeneratedAddictedToleranceChance>0.5</onGeneratedAddictedToleranceChance>
  </ChemicalDef>
  
  <NeedDef ParentName="DrugAddictionNeedBase">
    <defName>Chemical_ManaPotion</defName>
    <needClass>Need_Chemical</needClass>
    <label>mana potion</label>
    <description>This person has become addicted to the chemicals and affects of mana potions and will suffer severe withdrawal symptoms if they don't continue consuming mana potions.</description>
    <listPriority>45</listPriority>
  </NeedDef>

  <HediffDef ParentName="DrugToleranceBase">
    <defName>ManaPotionTolerance</defName>
    <label>mana potion tolerance</label>
	<description>Natural adjustment to normalize the effects of consuming liquid mana.</description>
    <comps>
      <li Class="HediffCompProperties_SeverityPerDay">
        <severityPerDay>-0.025</severityPerDay>
      </li>
      <li Class="HediffCompProperties_DrugEffectFactor">
        <chemical>GoJuice</chemical>
      </li>
    </comps>
		<hediffGivers>
			<li Class="HediffGiver_RandomDrugEffect">
				<hediff>ChemicalDamageModerate</hediff>
				<minSeverity>0.70</minSeverity>
				<baseMtbDays>2</baseMtbDays>
				<partsToAffect>
					<li>Brain</li>
				</partsToAffect>
			</li>
		</hediffGivers>
  </HediffDef>

  <HediffDef ParentName="AddictionBase">
    <defName>ManaPotionAddiction</defName>
    <hediffClass>Hediff_Addiction</hediffClass>
    <label>mana potion addiction</label>
	<description>The urge to consume mana potions has developed into a need.</description>
    <causesNeed>Chemical_ManaPotion</causesNeed>
    <comps>
      <li Class="HediffCompProperties_SeverityPerDay">
        <severityPerDay>-0.14</severityPerDay>
      </li>
    </comps>
    <stages>
      <li>
      </li>
      <li>
        <label>withdrawal</label>
        <painFactor>8</painFactor>
        <restFallFactor>1.5</restFallFactor>
        <capMods>
          <li>
            <capacity>Consciousness</capacity>
            <offset>-0.30</offset>
          </li>
          <li>
            <capacity>Moving</capacity>
            <offset>-0.50</offset>
          </li>
          <li>
            <capacity>Sight</capacity>
            <offset>-0.20</offset>
          </li>
          <li>
            <capacity>BloodPumping</capacity>
            <offset>-0.20</offset>
          </li>
          <li>
            <capacity>Manipulation</capacity>
            <offset>-0.20</offset>
          </li>
        </capMods>
        <mentalStateGivers>
					<li>
						<mentalState>Binging_DrugExtreme</mentalState>
						<mtbDays>2</mtbDays>
					</li>
          <li>
            <mentalState>Wander_Psychotic</mentalState>
            <mtbDays>3</mtbDays>
          </li>
        </mentalStateGivers>
      </li>
    </stages>
  </HediffDef>
  
  <ThoughtDef>
    <defName>ManaPotionWithdrawal</defName>
    <workerClass>ThoughtWorker_Hediff</workerClass>
    <hediff>ManaPotionAddiction</hediff>
    <validWhileDespawned>true</validWhileDespawned>
    <stages>
      <li>
        <visible>false</visible>
      </li>
      <li>
        <label>mana withdrawal</label>
        <description>Ugh... everything is a blur. I can't seem to focus or control my body, I feel separated from reality. I need to feel mana flowing into my soul.</description>
        <baseMoodEffect>-35</baseMoodEffect>
      </li>
    </stages>
  </ThoughtDef>

</Defs>