<?xml version="1.0" encoding="utf-8" ?>
<Defs>

    <HediffDef>
        <defName>TM_MedicalSupplyHD</defName>
        <hediffClass>HediffWithComps</hediffClass>
        <label>Medical Supplies</label>
        <description>Accounts for the medical supplies equipped by a Field Medic.</description>
        <defaultLabelColor>(0.24,0.8,0.24)</defaultLabelColor>
        <scenarioCanAdd>false</scenarioCanAdd>
        <makesSickThought>false</makesSickThought>
        <tendable>false</tendable>
        <makesAlert>false</makesAlert>
        <minSeverity>0.001</minSeverity>
        <isBad>false</isBad>
        <initialSeverity>20</initialSeverity>
        <comps>
            <li Class="TorannMagic.HediffCompProperties_AbilityResource">
                <maximumBase>60.0</maximumBase>
                <maximumPerUpgrade>10.0</maximumPerUpgrade>
                <maximumUpgradeName>TM_MedicalSupply_ver</maximumUpgradeName>
                <regenPerTickBase>0.0</regenPerTickBase>
                <regenPerTickPerUpgrade>0.0</regenPerTickPerUpgrade>
                <regenPerTickUpgradeName>medical supplies are not meant to regen</regenPerTickUpgradeName>
				<linkedAbility>TM_MedicalSupply</linkedAbility>
            </li>
        </comps>
        <stages>
            <li>
                <label></label>
                <minSeverity>0</minSeverity>
                <becomeVisible>true</becomeVisible>
            </li>
        </stages>
    </HediffDef>
	
	<HediffDef>
        <defName>TM_EmergencyHD</defName>
        <hediffClass>HediffWithComps</hediffClass>
        <label>Emergency</label>
        <description>I'll do my best.</description>
        <defaultLabelColor>(0.24,0.8,0.24)</defaultLabelColor>
        <scenarioCanAdd>true</scenarioCanAdd>
        <maxSeverity>1.0</maxSeverity>
        <isBad>false</isBad>
        <comps>
          <li Class="HediffCompProperties_SeverityPerDay">
            <severityPerDay>-2</severityPerDay>
          </li>
        </comps>
        <stages>
          <li>
            <label>I</label>
            <minSeverity>.001</minSeverity>
            <painOffset>-0.2</painOffset>
            <statOffsets>
                <MoveSpeed>0.4</MoveSpeed>
                <MedicalTendQuality>0.1</MedicalTendQuality>
                <MedicalTendSpeed>0.5</MedicalTendSpeed>
            </statOffsets>
          </li>
        </stages>
    </HediffDef>
	
	<HediffDef>
        <defName>TM_MedigelHD</defName>
        <hediffClass>HediffWithComps</hediffClass>
        <label>Medigel</label>
        <description>Medigel increases healing rates and fights infections.</description>
        <defaultLabelColor>(0,0.8,0.24)</defaultLabelColor>
        <scenarioCanAdd>false</scenarioCanAdd>
        <maxSeverity>1.0</maxSeverity>
        <isBad>false</isBad>
		<initialSeverity>1</initialSeverity>
        <comps>
          <li Class="HediffCompProperties_SeverityPerDay">
            <severityPerDay>-4</severityPerDay>
          </li>
		  <li>
			<compClass>TorannMagic.HediffComp_Medigel</compClass>
		  </li>	  
        </comps>
        <stages>
          <li>
            <label>I</label>
            <minSeverity>.001</minSeverity>
            <painOffset>-0.2</painOffset>
          </li>
        </stages>
    </HediffDef>
	
	<HediffDef>
        <defName>TM_CombatDrugsPain_HD</defName>
        <hediffClass>HediffWithComps</hediffClass>
        <label>Combat Drugs (painkiller)</label>
        <description>Combat drugs reducing pain</description>
        <defaultLabelColor>(0.24,0.8,0.24)</defaultLabelColor>
        <scenarioCanAdd>true</scenarioCanAdd>
        <maxSeverity>1.0</maxSeverity>
        <isBad>false</isBad>
        <comps>
          <li Class="HediffCompProperties_SeverityPerDay">
            <severityPerDay>-1</severityPerDay>
          </li>
        </comps>
        <stages>
          <li>
            <label></label>
            <minSeverity>.001</minSeverity>
            <painFactor>0.2</painFactor>
          </li>
        </stages>
    </HediffDef>
	
    <HediffDef>
        <defName>TM_CombatDrugsMoving_HD</defName>
        <hediffClass>HediffWithComps</hediffClass>
        <label>Combat Drugs (movement)</label>
        <description>Combat drugs enhancing movement</description>
        <defaultLabelColor>(0.24,0.8,0.24)</defaultLabelColor>
        <scenarioCanAdd>true</scenarioCanAdd>
        <maxSeverity>1.0</maxSeverity>
        <isBad>false</isBad>
        <comps>
          <li Class="HediffCompProperties_SeverityPerDay">
            <severityPerDay>-1</severityPerDay>
          </li>
        </comps>
        <stages>
          <li>
            <label></label>
            <minSeverity>.001</minSeverity>
            <capMods>
              <li>
                <capacity>Moving</capacity>
                <offset>.2</offset>
              </li>
            </capMods>
            <statOffsets>
                <MoveSpeed>0.5</MoveSpeed>
            </statOffsets>
          </li>
        </stages>
    </HediffDef>
	
    <HediffDef>
        <defName>TM_CombatDrugsAwareness_HD</defName>
        <hediffClass>HediffWithComps</hediffClass>
        <label>Combat Drugs (awareness)</label>
        <description>Combat drugs enhancing awareness</description>
        <defaultLabelColor>(0.24,0.8,0.24)</defaultLabelColor>
        <scenarioCanAdd>true</scenarioCanAdd>
        <maxSeverity>1.0</maxSeverity>
        <isBad>false</isBad>
        <comps>
          <li Class="HediffCompProperties_SeverityPerDay">
            <severityPerDay>-1</severityPerDay>
          </li>
        </comps>
        <stages>
          <li>
            <label></label>
            <minSeverity>.001</minSeverity>
                <capMods>
                  <li>
                    <capacity>Sight</capacity>
                    <offset>.2</offset>
                  </li>
                </capMods>
            <statOffsets>
                <MeleeDodgeChance>+5</MeleeDodgeChance>
            </statOffsets>
          </li>
        </stages>
    </HediffDef>
	
    <HediffDef>
        <defName>TM_CombatDrugsAccuracy_HD</defName>
        <hediffClass>HediffWithComps</hediffClass>
        <label>Combat Drugs (accuracy)</label>
        <description>Combat drugs enhancing accuracy</description>
        <defaultLabelColor>(0.24,0.8,0.24)</defaultLabelColor>
        <scenarioCanAdd>true</scenarioCanAdd>
        <maxSeverity>1.0</maxSeverity>
        <isBad>false</isBad>
        <comps>
          <li Class="HediffCompProperties_SeverityPerDay">
            <severityPerDay>-1</severityPerDay>
          </li>
        </comps>
        <stages>
          <li>
            <label></label>
            <minSeverity>.001</minSeverity>
            <statOffsets>
                <ShootingAccuracyPawn>+5</ShootingAccuracyPawn>
                <MeleeHitChance>+5</MeleeHitChance>
            </statOffsets>
          </li>
        </stages>
    </HediffDef>
  
  
</Defs>