<?xml version="1.0" encoding="UTF-8"?>

<Defs>

   <HediffDef Name="DruidRegrowth" Abstract="True">
      <hediffClass>Hediff_AddedPart</hediffClass>
      <isBad>false</isBad>
      <defaultLabelColor>(83,159,6)</defaultLabelColor>
      <addedPartProps>
         <solid>true</solid>
      </addedPartProps>
   </HediffDef>
   
   <HediffDef ParentName="DruidRegrowth">
    <defName>TM_StandardRegrowth</defName>
	<hediffClass>HediffWithComps</hediffClass>
    <label>Regrown Part</label>
	<description>The magical entwining of nature and flesh will regrow this body part over several days.</description>
    <addedPartProps>
	  <partEfficiency>1</partEfficiency>
    </addedPartProps>
	<initialSeverity>10</initialSeverity>
	<maxSeverity>10</maxSeverity>
	<comps>
      <li Class="HediffCompProperties_SeverityPerDay">
        <severityPerDay>-1</severityPerDay>
      </li>
    </comps>
    <stages>      
	<li>
		<label>regrown</label>
		<minSeverity>1</minSeverity>
      </li>
	  <li>
		<label>forming</label>
		<minSeverity>4</minSeverity>
		<restFallFactor>1.1</restFallFactor>
		<hungerRateFactor>1.1</hungerRateFactor>
		<partEfficiencyOffset>-.25</partEfficiencyOffset>
      </li>      
	  <li>
		<label>stub</label>
		<minSeverity>7</minSeverity>
		<restFallFactor>1.3</restFallFactor>
		<hungerRateFactor>1.3</hungerRateFactor>
		<partEfficiencyOffset>-.5</partEfficiencyOffset>
      </li>
    </stages>
  </HediffDef>

   <!--arms -->
   
   <HediffDef ParentName="DruidRegrowth">
    <defName>TM_ArmRegrowth</defName>
	<hediffClass>HediffWithComps</hediffClass>
    <label>Regrown Arm</label>
	<description>The magical entwining of nature and flesh will regrow this body part over several days.</description>
    <addedPartProps>
	  <partEfficiency>1</partEfficiency>
	  <isGoodWeapon>true</isGoodWeapon>
    </addedPartProps>
	<maxSeverity>15</maxSeverity>
	<comps>
      <li Class="HediffCompProperties_SeverityPerDay">
        <severityPerDay>+1</severityPerDay>
      </li>
	  <li Class="HediffCompProperties_VerbGiver">
		<tools>
		   <li>
			  <label>regrown arm</label>
			  <capacities>
				 <li>Blunt</li>
			  </capacities>
			  <power>5</power>
			  <cooldownTime>2.2</cooldownTime>
		   </li>
		</tools>
	 </li>
    </comps>
    <stages>
      <li>
		<label>stub</label>
		<minSeverity>0.01</minSeverity>
		<restFallFactor>1.5</restFallFactor>
		<hungerRateFactor>1.5</hungerRateFactor>
		<partEfficiencyOffset>-.5</partEfficiencyOffset>
      </li>
      <li>
		<label>fledgling</label>
		<minSeverity>3</minSeverity>
		<restFallFactor>1.2</restFallFactor>
		<hungerRateFactor>1.2</hungerRateFactor>
		<partEfficiencyOffset>-.25</partEfficiencyOffset>
      </li>
	  <li>
		<label>regrown</label>
		<minSeverity>6</minSeverity>
      </li>
	  <li>
		<label>wild</label>
		<minSeverity>14.9</minSeverity>
		<partEfficiencyOffset>.25</partEfficiencyOffset>
      </li>
    </stages>
  </HediffDef>
  
  <HediffDef ParentName="DruidRegrowth">
    <defName>TM_HandRegrowth</defName>
	<hediffClass>HediffWithComps</hediffClass>
    <label>Regrown Hand</label>
	<description>The magical entwining of nature and flesh will regrow this body part over several days.</description>
    <addedPartProps>
	  <partEfficiency>1</partEfficiency>
	  <isGoodWeapon>true</isGoodWeapon>
    </addedPartProps>
	<maxSeverity>15</maxSeverity>
	<comps>
      <li Class="HediffCompProperties_SeverityPerDay">
        <severityPerDay>+2</severityPerDay>
      </li>
	  <li Class="HediffCompProperties_VerbGiver">
		<tools>
		   <li>
			  <label>regrown hand</label>
			  <capacities>
				 <li>Blunt</li>
			  </capacities>
			  <power>5</power>
			  <cooldownTime>2.2</cooldownTime>
		   </li>
		</tools>
	 </li>
    </comps>
    <stages>
      <li>
		<label>stub</label>
		<minSeverity>0.01</minSeverity>
		<restFallFactor>1.5</restFallFactor>
		<hungerRateFactor>1.5</hungerRateFactor>
		<partEfficiencyOffset>-.4</partEfficiencyOffset>
      </li>
      <li>
		<label>fledgling</label>
		<minSeverity>3</minSeverity>
		<partEfficiencyOffset>-.2</partEfficiencyOffset>
      </li>
	  <li>
		<label>regrown</label>
		<minSeverity>6</minSeverity>
      </li>
	  <li>
		<label>wild</label>
		<minSeverity>14.9</minSeverity>
		<partEfficiencyOffset>.15</partEfficiencyOffset>
      </li>
    </stages>
  </HediffDef>
  
  <HediffDef ParentName="DruidRegrowth">
    <defName>TM_FingerRegrowth</defName>
	<hediffClass>HediffWithComps</hediffClass>
    <label>Regrown Finger</label>
	<description>The magical entwining of nature and flesh will regrow this body part over several days.</description>
    <addedPartProps>
	  <partEfficiency>1</partEfficiency>
    </addedPartProps>
	<maxSeverity>4</maxSeverity>
	<comps>
      <li Class="HediffCompProperties_SeverityPerDay">
        <severityPerDay>+3</severityPerDay>
      </li>
    </comps>
    <stages>
      <li>
		<label>finger stub</label>
		<minSeverity>0.01</minSeverity>
		<restFallFactor>1.3</restFallFactor>
		<hungerRateFactor>1.3</hungerRateFactor>
		<partEfficiencyOffset>-.3</partEfficiencyOffset>
      </li>
      <li>
		<label>regrown</label>
		<becomeVisible>false</becomeVisible>
		<minSeverity>3</minSeverity>
      </li>
    </stages>
  </HediffDef>
  
  <HediffDef ParentName="DruidRegrowth">
    <defName>TM_ToeRegrowth</defName>
	<hediffClass>HediffWithComps</hediffClass>
    <label>Regrown Toe</label>
	<description>The magical entwining of nature and flesh will regrow this body part over several days.</description>
    <addedPartProps>
	  <partEfficiency>1</partEfficiency>
    </addedPartProps>
	<maxSeverity>4</maxSeverity>
	<comps>
      <li Class="HediffCompProperties_SeverityPerDay">
        <severityPerDay>+3</severityPerDay>
      </li>
    </comps>
    <stages>
      <li>
		<label>toe stub</label>
		<minSeverity>0.01</minSeverity>
		<restFallFactor>1.3</restFallFactor>
		<hungerRateFactor>1.3</hungerRateFactor>
		<partEfficiencyOffset>-.3</partEfficiencyOffset>
      </li>
      <li>
		<label>regrown</label>
		<becomeVisible>false</becomeVisible>
		<minSeverity>3</minSeverity>
      </li>
    </stages>
  </HediffDef>
  
  <HediffDef ParentName="DruidRegrowth">
    <defName>TM_EyeRegrowth</defName>
	<hediffClass>HediffWithComps</hediffClass>
    <label>Regrown Eye</label>
	<description>The magical entwining of nature and flesh will regrow this eye over several days.</description>
    <addedPartProps>
	  <partEfficiency>1</partEfficiency>
    </addedPartProps>
	<maxSeverity>15</maxSeverity>
	<comps>
      <li Class="HediffCompProperties_SeverityPerDay">
        <severityPerDay>+1.5</severityPerDay>
      </li>
    </comps>
    <stages>
      <li>
		<label>milky</label>
		<minSeverity>0.01</minSeverity>
		<restFallFactor>1.5</restFallFactor>
		<hungerRateFactor>1.5</hungerRateFactor>
		<partEfficiencyOffset>-.6</partEfficiencyOffset>
      </li>
      <li>
		<label>hazy</label>
		<minSeverity>3</minSeverity>
		<partEfficiencyOffset>-.3</partEfficiencyOffset>
      </li>
	  <li>
		<label>regrown</label>
		<minSeverity>6</minSeverity>
      </li>
	  <li>
		<label>enhanced</label>
		<minSeverity>14.9</minSeverity>
		<partEfficiencyOffset>.25</partEfficiencyOffset>
      </li>
    </stages>
  </HediffDef>
  
  <HediffDef ParentName="DruidRegrowth">
    <defName>TM_EarRegrowth</defName>
	<hediffClass>HediffWithComps</hediffClass>
    <label>Regrown Ear</label>
	<description>The magical entwining of nature and flesh will regrow this body part over several days.</description>
    <addedPartProps>
	  <partEfficiency>1</partEfficiency>
    </addedPartProps>
	<maxSeverity>15</maxSeverity>
	<comps>
      <li Class="HediffCompProperties_SeverityPerDay">
        <severityPerDay>+2</severityPerDay>
      </li>
    </comps>
    <stages>
      <li>
		<label>forming</label>
		<minSeverity>0.01</minSeverity>
		<restFallFactor>1.3</restFallFactor>
		<hungerRateFactor>1.3</hungerRateFactor>
		<partEfficiencyOffset>-.5</partEfficiencyOffset>
      </li>
      <li>
		<label>developing</label>
		<minSeverity>3</minSeverity>
		<partEfficiencyOffset>-.25</partEfficiencyOffset>
      </li>
	  <li>
		<label>regrown</label>
		<minSeverity>6</minSeverity>
      </li>
	  <li>
		<label>enhanced</label>
		<minSeverity>14.9</minSeverity>
		<partEfficiencyOffset>.25</partEfficiencyOffset>
      </li>
    </stages>
  </HediffDef>
  
    <HediffDef ParentName="DruidRegrowth">
    <defName>TM_LegRegrowth</defName>
	<hediffClass>HediffWithComps</hediffClass>
    <label>Regrown Leg</label>
	<description>The magical entwining of nature and flesh will regrow this body part over several days.</description>
    <addedPartProps>
	  <partEfficiency>1</partEfficiency>
    </addedPartProps>
	<maxSeverity>15</maxSeverity>
	<comps>
      <li Class="HediffCompProperties_SeverityPerDay">
        <severityPerDay>+1</severityPerDay>
      </li>
    </comps>
    <stages>
      <li>
		<label>stub</label>
		<minSeverity>0.01</minSeverity>
		<restFallFactor>1.5</restFallFactor>
		<hungerRateFactor>1.5</hungerRateFactor>
		<partEfficiencyOffset>-.8</partEfficiencyOffset>
      </li>
      <li>
		<label>fledgling</label>
		<minSeverity>3</minSeverity>
		<partEfficiencyOffset>-.5</partEfficiencyOffset>
      </li>
	  <li>
		<label>regrown</label>
		<minSeverity>6</minSeverity>
      </li>
	  <li>
		<label>wild</label>
		<minSeverity>14.9</minSeverity>
		<partEfficiencyOffset>.25</partEfficiencyOffset>
      </li>
    </stages>
  </HediffDef>
  
  <HediffDef ParentName="DruidRegrowth">
    <defName>TM_FootRegrowth</defName>
	<hediffClass>HediffWithComps</hediffClass>
    <label>Regrown Foot</label>
	<description>The magical entwining of nature and flesh will regrow this body part over several days.</description>
    <addedPartProps>
	  <partEfficiency>1</partEfficiency>
    </addedPartProps>
	<maxSeverity>15</maxSeverity>
	<comps>
      <li Class="HediffCompProperties_SeverityPerDay">
        <severityPerDay>+2</severityPerDay>
      </li>
    </comps>
    <stages>
      <li>
		<label>stub</label>
		<minSeverity>0.01</minSeverity>
		<restFallFactor>1.5</restFallFactor>
		<hungerRateFactor>1.5</hungerRateFactor>
		<partEfficiencyOffset>-.5</partEfficiencyOffset>
      </li>
      <li>
		<label>fledgling</label>
		<minSeverity>3</minSeverity>
		<partEfficiencyOffset>-.25</partEfficiencyOffset>
      </li>
	  <li>
		<label>regrown</label>
		<minSeverity>6</minSeverity>
      </li>
	  <li>
		<label>wild</label>
		<minSeverity>14.9</minSeverity>
		<partEfficiencyOffset>.2</partEfficiencyOffset>
      </li>
    </stages>
  </HediffDef>
  
  <HediffDef ParentName="DruidRegrowth">
    <defName>TM_JawRegrowth</defName>
	<hediffClass>HediffWithComps</hediffClass>
    <label>Regrown Jaw</label>
	<description>The magical entwining of nature and flesh will regrow this body part over several days.</description>
    <addedPartProps>
	  <partEfficiency>1</partEfficiency>
    </addedPartProps>
	<maxSeverity>15</maxSeverity>
	<comps>
      <li Class="HediffCompProperties_SeverityPerDay">
        <severityPerDay>+2</severityPerDay>
      </li>
    </comps>
    <stages>
      <li>
		<label>forming</label>
		<minSeverity>0.01</minSeverity>
		<hungerRateFactor>1.5</hungerRateFactor>
		<partEfficiencyOffset>-.6</partEfficiencyOffset>
      </li>
      <li>
		<label>developing</label>
		<minSeverity>3</minSeverity>
		<partEfficiencyOffset>-.4</partEfficiencyOffset>
      </li>
	  <li>
		<label>regrown</label>
		<minSeverity>6</minSeverity>
      </li>
	  <li>
		<label>enhanced</label>
		<minSeverity>14.9</minSeverity>
		<partEfficiencyOffset>.3</partEfficiencyOffset>
      </li>
    </stages>
  </HediffDef>
  
  <HediffDef ParentName="DruidRegrowth">
    <defName>TM_HeartRegrowth</defName>
	<hediffClass>HediffWithComps</hediffClass>
    <label>Heart of the Wild</label>
	<description>The magical entwining of nature and flesh will regrow or enhance a heart over several days.</description>
    <addedPartProps>
	  <partEfficiency>1.1</partEfficiency>
    </addedPartProps>
	<maxSeverity>50</maxSeverity>
	<comps>
      <li Class="HediffCompProperties_SeverityPerDay">
        <severityPerDay>+.8</severityPerDay>
      </li>
    </comps>
    <stages>
      <li>
		<label>re-forming</label>
		<minSeverity>0.01</minSeverity>
		<restFallFactor>1.5</restFallFactor>
		<hungerRateFactor>1.5</hungerRateFactor>
		<partEfficiencyOffset>-.3</partEfficiencyOffset>
      </li>
      <li>
		<label>new development</label>
		<minSeverity>3</minSeverity>
		<restFallFactor>1.5</restFallFactor>
		<hungerRateFactor>1.5</hungerRateFactor>
		<partEfficiencyOffset>-.2</partEfficiencyOffset>
      </li>
	  <li>
		<label>melding</label>
		<minSeverity>6</minSeverity>
      </li>
	  <li>
		<label>entwined</label>
		<minSeverity>14.9</minSeverity>
		<partEfficiencyOffset>.2</partEfficiencyOffset>
      </li>
	  <li>
		<label>heart of the wild</label>
		<minSeverity>49.9</minSeverity>
		<partEfficiencyOffset>.35</partEfficiencyOffset>
      </li>
    </stages>
  </HediffDef>
  
  <HediffDef ParentName="DruidRegrowth">
    <defName>TM_LungRegrowth</defName>
	<hediffClass>HediffWithComps</hediffClass>
    <label>Regrown Lung</label>
	<description>The magical entwining of nature and flesh will regrow this body part over several days.</description>
    <addedPartProps>
	  <partEfficiency>1.1</partEfficiency>
    </addedPartProps>
	<maxSeverity>15</maxSeverity>
	<comps>
      <li Class="HediffCompProperties_SeverityPerDay">
        <severityPerDay>+1</severityPerDay>
      </li>
    </comps>
    <stages>
      <li>
		<label>forming</label>
		<minSeverity>0.01</minSeverity>
		<restFallFactor>1.5</restFallFactor>
		<hungerRateFactor>1.5</hungerRateFactor>
		<partEfficiencyOffset>-.25</partEfficiencyOffset>
      </li>
      <li>
		<label>developing</label>
		<minSeverity>3</minSeverity>
		<restFallFactor>1.5</restFallFactor>
		<hungerRateFactor>1.5</hungerRateFactor>
		<partEfficiencyOffset>-.1</partEfficiencyOffset>
      </li>
	  <li>
		<label>regrown</label>
		<minSeverity>6</minSeverity>
      </li>
	  <li>
		<label>enhanced</label>
		<minSeverity>14.9</minSeverity>
		<partEfficiencyOffset>.2</partEfficiencyOffset>
      </li>
    </stages>
  </HediffDef>
  
  <HediffDef ParentName="DruidRegrowth">
    <defName>TM_KidneyRegrowth</defName>
	<hediffClass>HediffWithComps</hediffClass>
    <label>Regrown Kidney</label>
	<description>The magical entwining of nature and flesh will regrow this body part over several days.</description>
    <addedPartProps>
	  <partEfficiency>1.1</partEfficiency>
    </addedPartProps>
	<maxSeverity>15</maxSeverity>
	<comps>
      <li Class="HediffCompProperties_SeverityPerDay">
        <severityPerDay>+1</severityPerDay>
      </li>
    </comps>
    <stages>
      <li>
		<label>forming</label>
		<minSeverity>0.01</minSeverity>
		<restFallFactor>1.5</restFallFactor>
		<hungerRateFactor>1.5</hungerRateFactor>
		<partEfficiencyOffset>-.25</partEfficiencyOffset>
      </li>
      <li>
		<label>developing</label>
		<minSeverity>3</minSeverity>
		<restFallFactor>1.5</restFallFactor>
		<hungerRateFactor>1.5</hungerRateFactor>
		<partEfficiencyOffset>-.1</partEfficiencyOffset>
      </li>
	  <li>
		<label>regrown</label>
		<minSeverity>6</minSeverity>
      </li>
	  <li>
		<label>enhanced</label>
		<minSeverity>14.9</minSeverity>
		<partEfficiencyOffset>.1</partEfficiencyOffset>
      </li>
    </stages>
  </HediffDef>
  
  <HediffDef ParentName="DruidRegrowth">
    <defName>TM_LiverRegrowth</defName>
	<hediffClass>HediffWithComps</hediffClass>
    <label>Regrown Liver</label>
	<description>The magical entwining of nature and flesh will regrow this body part over several days.</description>
    <addedPartProps>
	  <partEfficiency>1.1</partEfficiency>
    </addedPartProps>
	<maxSeverity>15</maxSeverity>
	<comps>
      <li Class="HediffCompProperties_SeverityPerDay">
        <severityPerDay>+1</severityPerDay>
      </li>
    </comps>
    <stages>
      <li>
		<label>forming</label>
		<minSeverity>0.01</minSeverity>
		<restFallFactor>1.5</restFallFactor>
		<hungerRateFactor>1.5</hungerRateFactor>
		<partEfficiencyOffset>-.25</partEfficiencyOffset>
      </li>
      <li>
		<label>developing</label>
		<minSeverity>3</minSeverity>
		<restFallFactor>1.5</restFallFactor>
		<hungerRateFactor>1.5</hungerRateFactor>
		<partEfficiencyOffset>-.1</partEfficiencyOffset>
      </li>
	  <li>
		<label>regrown</label>
		<minSeverity>6</minSeverity>
      </li>
	  <li>
		<label>enhanced</label>
		<minSeverity>14.9</minSeverity>
		<partEfficiencyOffset>.1</partEfficiencyOffset>
      </li>
    </stages>
  </HediffDef>
  
  <HediffDef ParentName="DruidRegrowth">
    <defName>TM_StomachRegrowth</defName>
	<hediffClass>HediffWithComps</hediffClass>
    <label>Regrown Stomach</label>
	<description>The magical entwining of nature and flesh will regrow this body part over several days.</description>
    <addedPartProps>
	  <partEfficiency>1.1</partEfficiency>
    </addedPartProps>
	<maxSeverity>7</maxSeverity>
	<comps>
      <li Class="HediffCompProperties_SeverityPerDay">
        <severityPerDay>+1</severityPerDay>
      </li>
    </comps>
    <stages>
      <li>
		<label>forming</label>
		<minSeverity>0.01</minSeverity>
		<restFallFactor>1.5</restFallFactor>
		<hungerRateFactor>2</hungerRateFactor>
		<partEfficiencyOffset>-.25</partEfficiencyOffset>
      </li>
      <li>
		<label>developing</label>
		<minSeverity>3</minSeverity>
		<restFallFactor>1.5</restFallFactor>
		<hungerRateFactor>1.5</hungerRateFactor>
		<partEfficiencyOffset>-.1</partEfficiencyOffset>
      </li>
	  <li>
		<label>regrown</label>
		<minSeverity>6</minSeverity>
		<becomeVisible>false</becomeVisible>
      </li>
    </stages>
  </HediffDef>
  
  <HediffDef ParentName="DruidRegrowth">
    <defName>TM_SpineRegrowth</defName>
	<hediffClass>HediffWithComps</hediffClass>
    <label>Spine Meld</label>
	<description>The magical entwining of nature and flesh will meld to form a powerful spine in several days.</description>
    <addedPartProps>
	  <partEfficiency>1.1</partEfficiency>
    </addedPartProps>
	<maxSeverity>15</maxSeverity>
	<comps>
      <li Class="HediffCompProperties_SeverityPerDay">
        <severityPerDay>+1</severityPerDay>
      </li>
    </comps>
    <stages>
      <li>
		<label>forming</label>
		<minSeverity>0.01</minSeverity>
		<restFallFactor>1.5</restFallFactor>
		<hungerRateFactor>1.5</hungerRateFactor>
		<partEfficiencyOffset>-.5</partEfficiencyOffset>
      </li>
      <li>
		<label>new growth</label>
		<minSeverity>3</minSeverity>
		<restFallFactor>1.5</restFallFactor>
		<hungerRateFactor>1.5</hungerRateFactor>
		<partEfficiencyOffset>-.4</partEfficiencyOffset>
      </li>
	  <li>
		<label>melding</label>
		<minSeverity>6</minSeverity>
      </li>
	  <li>
		<label>entwined</label>
		<minSeverity>14.9</minSeverity>
		<partEfficiencyOffset>.2</partEfficiencyOffset>
      </li>
    </stages>
  </HediffDef>

</Defs>