<?xml version="1.0" encoding="utf-8" ?>
<Defs>

  <HediffDef>
    <defName>TM_TauntHD</defName>
	<hediffClass>HediffWithComps</hediffClass>
    <defaultLabelColor>(1, 1, 1)</defaultLabelColor>
    <label>Taunted!</label>
	<description>This pawn has been taunted and will focus their attacks on the offending pawn.</description>
    <maxSeverity>1</maxSeverity>
	<isBad>false</isBad>
	<comps>
      <li Class="HediffCompProperties_Disappears">
        <showRemainingTime>True</showRemainingTime>
      </li> 
      <li>
        <compClass>TorannMagic.HediffComp_Taunt</compClass>
      </li>	
    </comps>
    <stages>
      <li>
        <label></label>
        <minSeverity>.1</minSeverity>
      </li>      
    </stages>
  </HediffDef>
  
</Defs>
