<?xml version="1.0" encoding="utf-8" ?>
<Defs>


  <HediffDef >
    <defName>TM_BloodHD</defName>
	<hediffClass>HediffWithComps</hediffClass>
	<label>Blood Magic</label>
	<description>Accounts for the blood power of a blood mage.</description>
    <defaultLabelColor>(0.6,0,0.0)</defaultLabelColor>
    <scenarioCanAdd>false</scenarioCanAdd>
	<makesSickThought>false</makesSickThought>
	<tendable>false</tendable>
    <makesAlert>false</makesAlert>
	<minSeverity>0.001</minSeverity>
	<maxSeverity>200.0</maxSeverity>
	<isBad>false</isBad>
	<initialSeverity>.5</initialSeverity>
	<comps>
	  <li>
        <compClass>TorannMagic.HediffComp_Blood</compClass>
      </li>	  
    </comps>
	<stages>
      <li>
        <label></label>
        <minSeverity>0</minSeverity>
		<becomeVisible>true</becomeVisible>
      </li>	  
	</stages>
  </HediffDef>
  
  <HediffDef >
    <defName>TM_RendHD</defName>
	<hediffClass>HediffWithComps</hediffClass>
	<label>Hemorrhaging</label>
	<description>A horrendous wound causing massive bleeding.</description>
    <defaultLabelColor>(0.6,0,0.0)</defaultLabelColor>
    <scenarioCanAdd>false</scenarioCanAdd>
	<makesSickThought>false</makesSickThought>
	<tendable>false</tendable>
    <makesAlert>false</makesAlert>
	<maxSeverity>5.0</maxSeverity>
	<isBad>true</isBad>
	<initialSeverity>.5</initialSeverity>
	<comps>
	  <li>
        <compClass>TorannMagic.HediffComp_Rend</compClass>
      </li>	  
    </comps>
	<stages>
      <li>
        <label></label>
        <minSeverity>0.001</minSeverity>
		<becomeVisible>true</becomeVisible>
      </li>	  
	</stages>
  </HediffDef>
  
  <HediffDef >
    <defName>TM_BloodForBloodHD</defName>
	<hediffClass>HediffWithComps</hediffClass>
	<label>Blood Drain</label>
	<description>Transfers blood from this target to a blood mage. Heals wounds in the process.</description>
    <defaultLabelColor>(0.6,0,0.0)</defaultLabelColor>
    <scenarioCanAdd>false</scenarioCanAdd>
	<makesSickThought>false</makesSickThought>
	<tendable>false</tendable>
    <makesAlert>false</makesAlert>
	<maxSeverity>2.0</maxSeverity>
	<isBad>true</isBad>
	<comps>
	  <li>
        <compClass>TorannMagic.HediffComp_BloodForBlood</compClass>
      </li>	  
    </comps>
	<stages>
      <li>
        <label></label>
        <minSeverity>0.001</minSeverity>
		<becomeVisible>true</becomeVisible>
      </li>	  
	</stages>
  </HediffDef>
  
  <HediffDef >
    <defName>TM_BloodShieldHD</defName>
	<hediffClass>HediffWithComps</hediffClass>
	<label>Blood Shield</label>
	<description>Enveloped in a protective bubble of life energy; energy from each blow to the Blood Shield restores health to the protected pawn.</description>
    <defaultLabelColor>(0.6,0,0.0)</defaultLabelColor>
    <scenarioCanAdd>false</scenarioCanAdd>
	<makesSickThought>false</makesSickThought>
	<tendable>false</tendable>
    <makesAlert>false</makesAlert>
	<maxSeverity>200.0</maxSeverity>
	<isBad>false</isBad>
	<comps>
	  <li>
        <compClass>TorannMagic.HediffComp_BloodShield</compClass>
      </li>	  
    </comps>
	<stages>
      <li>
        <label></label>
        <minSeverity>0.001</minSeverity>
		<becomeVisible>true</becomeVisible>
      </li>	  
	</stages>
  </HediffDef>
  
  
</Defs>