<?xml version="1.0" encoding="utf-8" ?>
<Defs>


  <HediffDef >
    <defName>TM_HateHD</defName>
	<hediffClass>HediffWithComps</hediffClass>
	<label>Hate</label>
	<description>Accounts for the unique energy and abilities utilized by a death knight.</description>
    <defaultLabelColor>(0.6,0,0.0)</defaultLabelColor>
    <scenarioCanAdd>false</scenarioCanAdd>
	<makesSickThought>false</makesSickThought>
	<tendable>false</tendable>
    <makesAlert>false</makesAlert>
	<minSeverity>0.001</minSeverity>
	<maxSeverity>200.0</maxSeverity>
	<isBad>false</isBad>
	<initialSeverity>.5</initialSeverity>
	<comps>
	  <li>
        <compClass>TorannMagic.HediffComp_Hate</compClass>
      </li>	  
    </comps>
	<stages>
      <li>
        <label></label>
        <minSeverity>0.001</minSeverity>
		<becomeVisible>true</becomeVisible>
		<statOffsets>
			  <MeleeWeapon_DamageMultiplier>0.05</MeleeWeapon_DamageMultiplier>
			  <ArmorRating_Blunt>.1</ArmorRating_Blunt>
			  <ArmorRating_Sharp>.1</ArmorRating_Sharp>
			  <ArmorRating_Heat>.1</ArmorRating_Heat>
			  <ArmorRating_Alignment>.1</ArmorRating_Alignment>
			  <MoveSpeed>-.15</MoveSpeed>	
		</statOffsets>
      </li>
	  <li>
        <label></label>
        <minSeverity>25</minSeverity>
		<becomeVisible>true</becomeVisible>
		<statOffsets>
			  <MeleeWeapon_DamageMultiplier>0.075</MeleeWeapon_DamageMultiplier>
			  <ArmorRating_Blunt>.2</ArmorRating_Blunt>
			  <ArmorRating_Sharp>.2</ArmorRating_Sharp>
			  <ArmorRating_Heat>.2</ArmorRating_Heat>
			  <ArmorRating_Alignment>.2</ArmorRating_Alignment>
			  <MoveSpeed>-.35</MoveSpeed>	
		</statOffsets>
      </li>
	  <li>
        <label></label>
        <minSeverity>40</minSeverity>
		<becomeVisible>true</becomeVisible>
		<statOffsets>
			  <MeleeWeapon_DamageMultiplier>0.1</MeleeWeapon_DamageMultiplier>
			  <ArmorRating_Blunt>.3</ArmorRating_Blunt>
			  <ArmorRating_Sharp>.3</ArmorRating_Sharp>
			  <ArmorRating_Heat>.3</ArmorRating_Heat>
			  <ArmorRating_Alignment>.3</ArmorRating_Alignment>
			  <MoveSpeed>-.75</MoveSpeed>	
		</statOffsets>
      </li>
	  <li>
        <label></label>
        <minSeverity>60</minSeverity>
		<becomeVisible>true</becomeVisible>
		<statOffsets>
			  <MeleeWeapon_DamageMultiplier>0.125</MeleeWeapon_DamageMultiplier>
			  <ArmorRating_Blunt>.4</ArmorRating_Blunt>
			  <ArmorRating_Sharp>.4</ArmorRating_Sharp>
			  <ArmorRating_Heat>.4</ArmorRating_Heat>
			  <ArmorRating_Alignment>.4</ArmorRating_Alignment>
			  <MoveSpeed>-1.5</MoveSpeed>	
		</statOffsets>
      </li>
	  <li>
        <label></label>
        <minSeverity>75</minSeverity>
		<becomeVisible>true</becomeVisible>
		<statOffsets>
			  <MeleeWeapon_DamageMultiplier>0.15</MeleeWeapon_DamageMultiplier>
			  <ArmorRating_Blunt>.5</ArmorRating_Blunt>
			  <ArmorRating_Sharp>.5</ArmorRating_Sharp>
			  <ArmorRating_Heat>.5</ArmorRating_Heat>
			  <ArmorRating_Alignment>.5</ArmorRating_Alignment>
			  <MoveSpeed>-2</MoveSpeed>	
		</statOffsets>
      </li>
	</stages>
  </HediffDef>
  
  <HediffDef >
    <defName>TM_HateHD_I</defName>
	<hediffClass>HediffWithComps</hediffClass>
	<label>Hate</label>
	<description>Accounts for the unique energy and abilities utilized by a death knight.</description>
    <defaultLabelColor>(0.6,0,0.0)</defaultLabelColor>
    <scenarioCanAdd>false</scenarioCanAdd>
	<makesSickThought>false</makesSickThought>
	<tendable>false</tendable>
    <makesAlert>false</makesAlert>
	<minSeverity>0.001</minSeverity>
	<maxSeverity>200.0</maxSeverity>
	<isBad>false</isBad>
	<initialSeverity>.5</initialSeverity>
	<comps>
	  <li>
        <compClass>TorannMagic.HediffComp_Hate</compClass>
      </li>	  
    </comps>
	<stages>
      <li>
        <label></label>
        <minSeverity>0.001</minSeverity>
		<becomeVisible>true</becomeVisible>
		<statOffsets>
			  <MeleeWeapon_DamageMultiplier>0.06</MeleeWeapon_DamageMultiplier>
			  <ArmorRating_Blunt>.125</ArmorRating_Blunt>
			  <ArmorRating_Sharp>.125</ArmorRating_Sharp>
			  <ArmorRating_Heat>.125</ArmorRating_Heat>
			  <ArmorRating_Alignment>.125</ArmorRating_Alignment>
			  <MoveSpeed>-.1</MoveSpeed>	
		</statOffsets>
      </li>
	  <li>
        <label></label>
        <minSeverity>25</minSeverity>
		<becomeVisible>true</becomeVisible>
		<statOffsets>
			  <MeleeWeapon_DamageMultiplier>0.09</MeleeWeapon_DamageMultiplier>
			  <ArmorRating_Blunt>.25</ArmorRating_Blunt>
			  <ArmorRating_Sharp>.25</ArmorRating_Sharp>
			  <ArmorRating_Heat>.25</ArmorRating_Heat>
			  <ArmorRating_Alignment>.25</ArmorRating_Alignment>
			  <MoveSpeed>-.25</MoveSpeed>	
		</statOffsets>
      </li>
	  <li>
        <label></label>
        <minSeverity>40</minSeverity>
		<becomeVisible>true</becomeVisible>
		<statOffsets>
			  <MeleeWeapon_DamageMultiplier>0.12</MeleeWeapon_DamageMultiplier>
			  <ArmorRating_Blunt>.4</ArmorRating_Blunt>
			  <ArmorRating_Sharp>.4</ArmorRating_Sharp>
			  <ArmorRating_Heat>.4</ArmorRating_Heat>
			  <ArmorRating_Alignment>.4</ArmorRating_Alignment>
			  <MoveSpeed>-.50</MoveSpeed>	
		</statOffsets>
      </li>
	  <li>
        <label></label>
        <minSeverity>60</minSeverity>
		<becomeVisible>true</becomeVisible>
		<statOffsets>
			  <MeleeWeapon_DamageMultiplier>0.15</MeleeWeapon_DamageMultiplier>
			  <ArmorRating_Blunt>.5</ArmorRating_Blunt>
			  <ArmorRating_Sharp>.5</ArmorRating_Sharp>
			  <ArmorRating_Heat>.5</ArmorRating_Heat>
			  <ArmorRating_Alignment>.5</ArmorRating_Alignment>
			  <MoveSpeed>-1</MoveSpeed>	
		</statOffsets>
      </li>
	  <li>
        <label></label>
        <minSeverity>75</minSeverity>
		<becomeVisible>true</becomeVisible>
		<statOffsets>
			  <MeleeWeapon_DamageMultiplier>0.18</MeleeWeapon_DamageMultiplier>
			  <ArmorRating_Blunt>.6</ArmorRating_Blunt>
			  <ArmorRating_Sharp>.6</ArmorRating_Sharp>
			  <ArmorRating_Heat>.6</ArmorRating_Heat>
			  <ArmorRating_Alignment>.6</ArmorRating_Alignment>
			  <MoveSpeed>-1.6</MoveSpeed>	
		</statOffsets>
      </li>
	</stages>
  </HediffDef>
  
  <HediffDef >
    <defName>TM_HateHD_II</defName>
	<hediffClass>HediffWithComps</hediffClass>
	<label>Hate</label>
	<description>Accounts for the unique energy and abilities utilized by a death knight.</description>
    <defaultLabelColor>(0.6,0,0.0)</defaultLabelColor>
    <scenarioCanAdd>false</scenarioCanAdd>
	<makesSickThought>false</makesSickThought>
	<tendable>false</tendable>
    <makesAlert>false</makesAlert>
	<minSeverity>0.001</minSeverity>
	<maxSeverity>200.0</maxSeverity>
	<isBad>false</isBad>
	<initialSeverity>.5</initialSeverity>
	<comps>
	  <li>
        <compClass>TorannMagic.HediffComp_Hate</compClass>
      </li>	  
    </comps>
	<stages>
      <li>
        <label></label>
        <minSeverity>0.001</minSeverity>
		<becomeVisible>true</becomeVisible>
		<statOffsets>
			  <MeleeWeapon_DamageMultiplier>0.07</MeleeWeapon_DamageMultiplier>
			  <ArmorRating_Blunt>.15</ArmorRating_Blunt>
			  <ArmorRating_Sharp>.15</ArmorRating_Sharp>
			  <ArmorRating_Heat>.15</ArmorRating_Heat>
			  <ArmorRating_Alignment>.15</ArmorRating_Alignment>
			  <MoveSpeed>-.1</MoveSpeed>	
		</statOffsets>
      </li>
	  <li>
        <label></label>
        <minSeverity>25</minSeverity>
		<becomeVisible>true</becomeVisible>
		<statOffsets>
			  <MeleeWeapon_DamageMultiplier>0.1</MeleeWeapon_DamageMultiplier>
			  <ArmorRating_Blunt>.3</ArmorRating_Blunt>
			  <ArmorRating_Sharp>.3</ArmorRating_Sharp>
			  <ArmorRating_Heat>.3</ArmorRating_Heat>
			  <ArmorRating_Alignment>.3</ArmorRating_Alignment>
			  <MoveSpeed>-.25</MoveSpeed>	
		</statOffsets>
      </li>
	  <li>
        <label></label>
        <minSeverity>40</minSeverity>
		<becomeVisible>true</becomeVisible>
		<statOffsets>
			  <MeleeWeapon_DamageMultiplier>0.13</MeleeWeapon_DamageMultiplier>
			  <ArmorRating_Blunt>.45</ArmorRating_Blunt>
			  <ArmorRating_Sharp>.45</ArmorRating_Sharp>
			  <ArmorRating_Heat>.45</ArmorRating_Heat>
			  <ArmorRating_Alignment>.45</ArmorRating_Alignment>
			  <MoveSpeed>-.50</MoveSpeed>	
		</statOffsets>
      </li>
	  <li>
        <label></label>
        <minSeverity>60</minSeverity>
		<becomeVisible>true</becomeVisible>
		<statOffsets>
			  <MeleeWeapon_DamageMultiplier>0.16</MeleeWeapon_DamageMultiplier>
			  <ArmorRating_Blunt>.55</ArmorRating_Blunt>
			  <ArmorRating_Sharp>.55</ArmorRating_Sharp>
			  <ArmorRating_Heat>.55</ArmorRating_Heat>
			  <ArmorRating_Alignment>.55</ArmorRating_Alignment>
			  <MoveSpeed>-1</MoveSpeed>	
		</statOffsets>
      </li>
	  <li>
        <label></label>
        <minSeverity>75</minSeverity>
		<becomeVisible>true</becomeVisible>
		<statOffsets>
			  <MeleeWeapon_DamageMultiplier>0.19</MeleeWeapon_DamageMultiplier>
			  <ArmorRating_Blunt>.65</ArmorRating_Blunt>
			  <ArmorRating_Sharp>.65</ArmorRating_Sharp>
			  <ArmorRating_Heat>.65</ArmorRating_Heat>
			  <ArmorRating_Alignment>.65</ArmorRating_Alignment>
			  <MoveSpeed>-1.6</MoveSpeed>	
		</statOffsets>
      </li>
	</stages>
  </HediffDef>
  
  <HediffDef >
    <defName>TM_HateHD_III</defName>
	<hediffClass>HediffWithComps</hediffClass>
	<label>Hate</label>
	<description>Accounts for the unique energy and abilities utilized by a death knight.</description>
    <defaultLabelColor>(0.6,0,0.0)</defaultLabelColor>
    <scenarioCanAdd>false</scenarioCanAdd>
	<makesSickThought>false</makesSickThought>
	<tendable>false</tendable>
    <makesAlert>false</makesAlert>
	<minSeverity>0.001</minSeverity>
	<maxSeverity>200.0</maxSeverity>
	<isBad>false</isBad>
	<initialSeverity>.5</initialSeverity>
	<comps>
	  <li>
        <compClass>TorannMagic.HediffComp_Hate</compClass>
      </li>	  
    </comps>
	<stages>
      <li>
        <label></label>
        <minSeverity>0.001</minSeverity>
		<becomeVisible>true</becomeVisible>
		<statOffsets>
			  <MeleeWeapon_DamageMultiplier>0.08</MeleeWeapon_DamageMultiplier>
			  <ArmorRating_Blunt>.2</ArmorRating_Blunt>
			  <ArmorRating_Sharp>.2</ArmorRating_Sharp>
			  <ArmorRating_Heat>.2</ArmorRating_Heat>
			  <ArmorRating_Alignment>.2</ArmorRating_Alignment>
			  <MoveSpeed>-.1</MoveSpeed>	
		</statOffsets>
      </li>
	  <li>
        <label></label>
        <minSeverity>25</minSeverity>
		<becomeVisible>true</becomeVisible>
		<statOffsets>
			  <MeleeWeapon_DamageMultiplier>0.11</MeleeWeapon_DamageMultiplier>
			  <ArmorRating_Blunt>.35</ArmorRating_Blunt>
			  <ArmorRating_Sharp>.35</ArmorRating_Sharp>
			  <ArmorRating_Heat>.35</ArmorRating_Heat>
			  <ArmorRating_Alignment>.35</ArmorRating_Alignment>
			  <MoveSpeed>-.25</MoveSpeed>	
		</statOffsets>
      </li>
	  <li>
        <label></label>
        <minSeverity>40</minSeverity>
		<becomeVisible>true</becomeVisible>
		<statOffsets>
			  <MeleeWeapon_DamageMultiplier>0.14</MeleeWeapon_DamageMultiplier>
			  <ArmorRating_Blunt>.5</ArmorRating_Blunt>
			  <ArmorRating_Sharp>.5</ArmorRating_Sharp>
			  <ArmorRating_Heat>.5</ArmorRating_Heat>
			  <ArmorRating_Alignment>.5</ArmorRating_Alignment>
			  <MoveSpeed>-.50</MoveSpeed>	
		</statOffsets>
      </li>
	  <li>
        <label></label>
        <minSeverity>60</minSeverity>
		<becomeVisible>true</becomeVisible>
		<statOffsets>
			  <MeleeWeapon_DamageMultiplier>0.17</MeleeWeapon_DamageMultiplier>
			  <ArmorRating_Blunt>.6</ArmorRating_Blunt>
			  <ArmorRating_Sharp>.6</ArmorRating_Sharp>
			  <ArmorRating_Heat>.6</ArmorRating_Heat>
			  <ArmorRating_Alignment>.6</ArmorRating_Alignment>
			  <MoveSpeed>-1</MoveSpeed>	
		</statOffsets>
      </li>
	  <li>
        <label></label>
        <minSeverity>75</minSeverity>
		<becomeVisible>true</becomeVisible>
		<statOffsets>
			  <MeleeWeapon_DamageMultiplier>0.2</MeleeWeapon_DamageMultiplier>
			  <ArmorRating_Blunt>.7</ArmorRating_Blunt>
			  <ArmorRating_Sharp>.7</ArmorRating_Sharp>
			  <ArmorRating_Heat>.7</ArmorRating_Heat>
			  <ArmorRating_Alignment>.7</ArmorRating_Alignment>
			  <MoveSpeed>-1.6</MoveSpeed>	
		</statOffsets>
      </li>
	</stages>
  </HediffDef>
  
  <HediffDef >
    <defName>TM_HateHD_IV</defName>
	<hediffClass>HediffWithComps</hediffClass>
	<label>Hate</label>
	<description>Accounts for the unique energy and abilities utilized by a death knight.</description>
    <defaultLabelColor>(0.6,0,0.0)</defaultLabelColor>
    <scenarioCanAdd>false</scenarioCanAdd>
	<makesSickThought>false</makesSickThought>
	<tendable>false</tendable>
    <makesAlert>false</makesAlert>
	<minSeverity>0.001</minSeverity>
	<maxSeverity>200.0</maxSeverity>
	<isBad>false</isBad>
	<initialSeverity>.5</initialSeverity>
	<comps>
	  <li>
        <compClass>TorannMagic.HediffComp_Hate</compClass>
      </li>	  
    </comps>
	<stages>
      <li>
        <label></label>
        <minSeverity>0.001</minSeverity>
		<becomeVisible>true</becomeVisible>
		<statOffsets>
			  <MeleeWeapon_DamageMultiplier>0.09</MeleeWeapon_DamageMultiplier>
			  <ArmorRating_Blunt>.25</ArmorRating_Blunt>
			  <ArmorRating_Sharp>.25</ArmorRating_Sharp>
			  <ArmorRating_Heat>.25</ArmorRating_Heat>
			  <ArmorRating_Alignment>.25</ArmorRating_Alignment>
			  <MoveSpeed>-.1</MoveSpeed>	
		</statOffsets>
      </li>
	  <li>
        <label></label>
        <minSeverity>25</minSeverity>
		<becomeVisible>true</becomeVisible>
		<statOffsets>
			  <MeleeWeapon_DamageMultiplier>0.12</MeleeWeapon_DamageMultiplier>
			  <ArmorRating_Blunt>.4</ArmorRating_Blunt>
			  <ArmorRating_Sharp>.4</ArmorRating_Sharp>
			  <ArmorRating_Heat>.4</ArmorRating_Heat>
			  <ArmorRating_Alignment>.4</ArmorRating_Alignment>
			  <MoveSpeed>-.25</MoveSpeed>	
		</statOffsets>
      </li>
	  <li>
        <label></label>
        <minSeverity>40</minSeverity>
		<becomeVisible>true</becomeVisible>
		<statOffsets>
			  <MeleeWeapon_DamageMultiplier>0.15</MeleeWeapon_DamageMultiplier>
			  <ArmorRating_Blunt>.55</ArmorRating_Blunt>
			  <ArmorRating_Sharp>.55</ArmorRating_Sharp>
			  <ArmorRating_Heat>.55</ArmorRating_Heat>
			  <ArmorRating_Alignment>.55</ArmorRating_Alignment>
			  <MoveSpeed>-.50</MoveSpeed>	
		</statOffsets>
      </li>
	  <li>
        <label></label>
        <minSeverity>60</minSeverity>
		<becomeVisible>true</becomeVisible>
		<statOffsets>
			  <MeleeWeapon_DamageMultiplier>0.18</MeleeWeapon_DamageMultiplier>
			  <ArmorRating_Blunt>.65</ArmorRating_Blunt>
			  <ArmorRating_Sharp>.65</ArmorRating_Sharp>
			  <ArmorRating_Heat>.65</ArmorRating_Heat>
			  <ArmorRating_Alignment>.65</ArmorRating_Alignment>
			  <MoveSpeed>-1</MoveSpeed>	
		</statOffsets>
      </li>
	  <li>
        <label></label>
        <minSeverity>75</minSeverity>
		<becomeVisible>true</becomeVisible>
		<statOffsets>
			  <MeleeWeapon_DamageMultiplier>0.21</MeleeWeapon_DamageMultiplier>
			  <ArmorRating_Blunt>.75</ArmorRating_Blunt>
			  <ArmorRating_Sharp>.75</ArmorRating_Sharp>
			  <ArmorRating_Heat>.75</ArmorRating_Heat>
			  <ArmorRating_Alignment>.75</ArmorRating_Alignment>
			  <MoveSpeed>-1.6</MoveSpeed>	
		</statOffsets>
      </li>
	</stages>
  </HediffDef>  
  
  <HediffDef >
    <defName>TM_HateHD_V</defName>
	<hediffClass>HediffWithComps</hediffClass>
	<label>Hate</label>
	<description>Accounts for the unique energy and abilities utilized by a death knight.</description>
    <defaultLabelColor>(0.6,0,0.0)</defaultLabelColor>
    <scenarioCanAdd>false</scenarioCanAdd>
	<makesSickThought>false</makesSickThought>
	<tendable>false</tendable>
    <makesAlert>false</makesAlert>
	<minSeverity>0.001</minSeverity>
	<maxSeverity>200.0</maxSeverity>
	<isBad>false</isBad>
	<initialSeverity>.5</initialSeverity>
	<comps>
	  <li>
        <compClass>TorannMagic.HediffComp_Hate</compClass>
      </li>	  
    </comps>
	<stages>
      <li>
        <label></label>
        <minSeverity>0.001</minSeverity>
		<becomeVisible>true</becomeVisible>
		<statOffsets>
			  <MeleeWeapon_DamageMultiplier>0.1</MeleeWeapon_DamageMultiplier>
			  <ArmorRating_Blunt>.3</ArmorRating_Blunt>
			  <ArmorRating_Sharp>.3</ArmorRating_Sharp>
			  <ArmorRating_Heat>.3</ArmorRating_Heat>
			  <ArmorRating_Alignment>.3</ArmorRating_Alignment>
			  <MoveSpeed>-.1</MoveSpeed>	
		</statOffsets>
      </li>
	  <li>
        <label></label>
        <minSeverity>25</minSeverity>
		<becomeVisible>true</becomeVisible>
		<statOffsets>
			  <MeleeWeapon_DamageMultiplier>0.13</MeleeWeapon_DamageMultiplier>
			  <ArmorRating_Blunt>.45</ArmorRating_Blunt>
			  <ArmorRating_Sharp>.45</ArmorRating_Sharp>
			  <ArmorRating_Heat>.45</ArmorRating_Heat>
			  <ArmorRating_Alignment>.45</ArmorRating_Alignment>
			  <MoveSpeed>-.25</MoveSpeed>	
		</statOffsets>
      </li>
	  <li>
        <label></label>
        <minSeverity>40</minSeverity>
		<becomeVisible>true</becomeVisible>
		<statOffsets>
			  <MeleeWeapon_DamageMultiplier>0.16</MeleeWeapon_DamageMultiplier>
			  <ArmorRating_Blunt>.6</ArmorRating_Blunt>
			  <ArmorRating_Sharp>.6</ArmorRating_Sharp>
			  <ArmorRating_Heat>.6</ArmorRating_Heat>
			  <ArmorRating_Alignment>.6</ArmorRating_Alignment>
			  <MoveSpeed>-.50</MoveSpeed>	
		</statOffsets>
      </li>
	  <li>
        <label></label>
        <minSeverity>60</minSeverity>
		<becomeVisible>true</becomeVisible>
		<statOffsets>
			  <MeleeWeapon_DamageMultiplier>0.19</MeleeWeapon_DamageMultiplier>
			  <ArmorRating_Blunt>.7</ArmorRating_Blunt>
			  <ArmorRating_Sharp>.7</ArmorRating_Sharp>
			  <ArmorRating_Heat>.7</ArmorRating_Heat>
			  <ArmorRating_Alignment>.7</ArmorRating_Alignment>
			  <MoveSpeed>-1</MoveSpeed>	
		</statOffsets>
      </li>
	  <li>
        <label></label>
        <minSeverity>75</minSeverity>
		<becomeVisible>true</becomeVisible>
		<statOffsets>
			  <MeleeWeapon_DamageMultiplier>0.22</MeleeWeapon_DamageMultiplier>
			  <ArmorRating_Blunt>.8</ArmorRating_Blunt>
			  <ArmorRating_Sharp>.8</ArmorRating_Sharp>
			  <ArmorRating_Heat>.8</ArmorRating_Heat>
			  <ArmorRating_Alignment>.8</ArmorRating_Alignment>
			  <MoveSpeed>-1.5</MoveSpeed>	
		</statOffsets>
      </li>
	</stages>
  </HediffDef> 
  
  <HediffDef>
    <defName>TM_WaveOfFearHD</defName>
	<hediffClass>HediffWithComps</hediffClass>
	<label>Wave of Fear</label>
	<description>Affected by a terrible and debilitating fear.</description>
    <defaultLabelColor>(0.7,0,0)</defaultLabelColor>
    <scenarioCanAdd>false</scenarioCanAdd>
	<makesSickThought>false</makesSickThought>
	<tendable>false</tendable>
    <makesAlert>false</makesAlert>
	<maxSeverity>4.0</maxSeverity>
	<isBad>true</isBad>
	<initialSeverity>.5</initialSeverity>
	<comps>
      <li Class="HediffCompProperties_SeverityPerDay">
        <severityPerDay>-50</severityPerDay>
      </li>	  
    </comps>
	<stages>
      <li>
        <label>I</label>
        <minSeverity>0.001</minSeverity>
		<becomeVisible>true</becomeVisible>
<!-- 		<mentalStateGivers>
			<li>
				<mentalState>TM_PanicFlee</mentalState>
				<mtbDays>.05</mtbDays>
			</li>
		</mentalStateGivers> -->
		<capMods>
			<li>
			  <capacity>Consciousness</capacity>
			  <offset>-0.1</offset>
			</li>
		</capMods>
		<statOffsets>
		  <AimingDelayFactor>+0.10</AimingDelayFactor>
		  <ArmorRating_Alignment>-.25</ArmorRating_Alignment>
		  <MoveSpeed>-.4</MoveSpeed>	
	    </statOffsets>
      </li>
	  <li>
        <label>II</label>
        <minSeverity>1</minSeverity>
		<becomeVisible>true</becomeVisible>
<!-- 		<mentalStateGivers>
			<li>
				<mentalState>TM_PanicFlee</mentalState>
				<mtbDays>.05</mtbDays>
			</li>
		</mentalStateGivers> -->
		<capMods>
			<li>
			  <capacity>Consciousness</capacity>
			  <offset>-0.1</offset>
			</li>
		</capMods>
		<statOffsets>
		  <AimingDelayFactor>+0.2</AimingDelayFactor>
		  <ArmorRating_Alignment>-.4</ArmorRating_Alignment>
		  <MoveSpeed>-.8</MoveSpeed>	
	    </statOffsets>
      </li>
	  <li>
        <label>III</label>
        <minSeverity>2</minSeverity>
		<becomeVisible>true</becomeVisible>
<!-- 		<mentalStateGivers>
			<li>
				<mentalState>TM_PanicFlee</mentalState>
				<mtbDays>.05</mtbDays>
			</li>
		</mentalStateGivers> -->
		<capMods>
			<li>
			  <capacity>Consciousness</capacity>
			  <offset>-0.1</offset>
			</li>
		</capMods>
		<statOffsets>
		  <AimingDelayFactor>+0.3</AimingDelayFactor>
		  <ArmorRating_Alignment>-.6</ArmorRating_Alignment>
		  <MoveSpeed>-1.2</MoveSpeed>	
	    </statOffsets>
      </li>
	  <li>
        <label>IV</label>
        <minSeverity>3</minSeverity>
		<becomeVisible>true</becomeVisible>
<!-- 		<mentalStateGivers>
			<li>
				<mentalState>TM_PanicFlee</mentalState>
				<mtbDays>.05</mtbDays>
			</li>
		</mentalStateGivers> -->
		<capMods>
			<li>
			  <capacity>Consciousness</capacity>
			  <offset>-0.1</offset>
			</li>
		</capMods>
		<statOffsets>
		  <AimingDelayFactor>+0.4</AimingDelayFactor>
		  <ArmorRating_Alignment>-.75</ArmorRating_Alignment>
		  <MoveSpeed>-1.5</MoveSpeed>	
	    </statOffsets>
      </li>
	</stages>
  </HediffDef>
  
  
</Defs>