<?xml version="1.0" encoding="utf-8" ?>
<Defs>  
  
  <HediffDef>
    <defName>TM_StoneskinHD</defName>
	<hediffClass>HediffWithComps</hediffClass>
	<label>Stoneskin</label>
	<description>Each charge nullifies the damage from a single attack.</description>
    <defaultLabelColor>(0.7,0.55,0.05)</defaultLabelColor>
    <scenarioCanAdd>false</scenarioCanAdd>
	<makesSickThought>false</makesSickThought>
	<tendable>false</tendable>
    <makesAlert>false</makesAlert>
	<minSeverity>0.001</minSeverity>
	<maxSeverity>15.0</maxSeverity>
	<isBad>false</isBad>
	<initialSeverity>6</initialSeverity>
	<comps>
	  <li>
        <compClass>TorannMagic.HediffComp_Stoneskin</compClass>
      </li>	  
    </comps>
	<stages>
      <li>
        <minSeverity>0.001</minSeverity>
		<becomeVisible>true</becomeVisible>
      </li>
	</stages>
  </HediffDef>
  
</Defs>