<?xml version="1.0" encoding="utf-8" ?>
<Defs>

  <HediffDef>
    <defName>TM_LightCapacitanceHD</defName>
	<hediffClass>HediffWithComps</hediffClass>
    <defaultLabelColor>(1, 1, .9)</defaultLabelColor>
    <label>Light power</label>
	<description>The amount of stored light power available to a mage - acts as a catalyst for light magic.</description>
	<scenarioCanAdd>false</scenarioCanAdd>
	<makesSickThought>false</makesSickThought>
	<tendable>false</tendable>
    <makesAlert>false</makesAlert>
	<maxSeverity>250.0</maxSeverity>
	<isBad>false</isBad>
	<comps>
	  <li>
        <compClass>TorannMagic.HediffComp_LightCapacitance</compClass>
      </li>	  
    </comps>
    <stages>
      <li>
        <label></label>
        <minSeverity>0.01</minSeverity>
      </li>
    </stages>
  </HediffDef>

  <HediffDef>
    <defName>TM_LightBurstHD</defName>
	<hediffClass>HediffWithComps</hediffClass>
    <defaultLabelColor>(1, 1, .9)</defaultLabelColor>
    <label>Blinding Flash</label>
	<description>Pain, blindness and disorientation as a result of intense light effecting sensory organs. Disoriented pawns are unable to distinguish enemies from allies.</description>
	<scenarioCanAdd>false</scenarioCanAdd>
	<makesSickThought>false</makesSickThought>
	<tendable>false</tendable>
    <makesAlert>false</makesAlert>
	<maxSeverity>1.0</maxSeverity>
	<isBad>true</isBad>
	<comps>
      <li Class="HediffCompProperties_SeverityPerDay">
        <severityPerDay>-5</severityPerDay>
      </li>
    </comps>
    <stages>
      <li>
        <label>dim vision</label>
        <minSeverity>0.1</minSeverity>
        <capMods>
          <li>
            <capacity>Sight</capacity>
            <offset>-0.2</offset>
          </li>
        </capMods>
      </li>
      <li>
        <label>blinded</label>
        <minSeverity>.44</minSeverity>
        <capMods>
		  <li>
            <capacity>Sight</capacity>
            <offset>-0.6</offset>
          </li>
        </capMods>
      </li>
	  <li>
        <label>disoriented</label>
        <minSeverity>.7</minSeverity>
        <capMods>
		  <li>
            <capacity>Sight</capacity>
            <offset>-0.6</offset>
          </li>
        </capMods>
      </li>
    </stages>
  </HediffDef>
  
  
</Defs>