<?xml version="1.0" encoding="utf-8" ?>
<Defs>

  <HediffDef>
    <defName>TM_Movement</defName>
	<hediffClass>HediffWithComps</hediffClass>
    <defaultLabelColor>(0.55, 0.05, 1)</defaultLabelColor>
    <label>arcane speed</label>
	<description>Arcane power that augments a pawns movement speed.</description>
    <maxSeverity>20.0</maxSeverity>
	<isBad>false</isBad>
	<comps>
      <li Class="HediffCompProperties_SeverityPerDay">
        <severityPerDay>-25</severityPerDay>
      </li>
    </comps>
    <stages>
      <li>
        <label>I</label>
        <minSeverity>1</minSeverity>
        <capMods>
		  <li>
            <capacity>Moving</capacity>
            <offset>0.2</offset>
          </li>
        </capMods>
      </li>
      <li>
        <label>II</label>
        <minSeverity>3</minSeverity>	
        <capMods>
          <li>
            <capacity>Moving</capacity>
            <offset>0.5</offset>
          </li>
        </capMods>
      </li>
	  <li>
        <label>III</label>
        <minSeverity>6</minSeverity>	
        <capMods>
          <li>
            <capacity>Moving</capacity>
            <offset>0.8</offset>
          </li>
        </capMods>
      </li>
	  <li>
        <label>IV</label>
        <minSeverity>8</minSeverity>	
        <capMods>
          <li>
            <capacity>Moving</capacity>
            <offset>1.2</offset>
          </li>
        </capMods>
      </li>
	  <li>
        <label>V</label>
        <minSeverity>15</minSeverity>	
        <capMods>
		  <li>
            <capacity>Moving</capacity>
            <offset>1.5</offset>
          </li>
        </capMods>
      </li>
    </stages>
  </HediffDef>
  
  <HediffDef>
    <defName>TM_Manipulation</defName>
	<hediffClass>HediffWithComps</hediffClass>
    <defaultLabelColor>(0.55, 0.05, 1)</defaultLabelColor>
    <label>arcane dexterity</label>
	<description>Arcane power that augments dexterity (manipulation).</description>
    <maxSeverity>20.0</maxSeverity>
	<isBad>false</isBad>
	<comps>
      <li Class="HediffCompProperties_SeverityPerDay">
        <severityPerDay>-25</severityPerDay>
      </li>
    </comps>
    <stages>
      <li>
        <label>I</label>
        <minSeverity>1</minSeverity>
        <capMods>
		  <li>
            <capacity>Manipulation</capacity>
            <offset>0.2</offset>
          </li>
        </capMods>
      </li>
      <li>
        <label>II</label>
        <minSeverity>3</minSeverity>	
        <capMods>
          <li>
            <capacity>Manipulation</capacity>
            <offset>0.5</offset>
          </li>
        </capMods>
      </li>
	  <li>
        <label>III</label>
        <minSeverity>6</minSeverity>	
        <capMods>
          <li>
            <capacity>Manipulation</capacity>
            <offset>0.8</offset>
          </li>
        </capMods>
      </li>
	  <li>
        <label>IV</label>
        <minSeverity>8</minSeverity>	
        <capMods>
          <li>
            <capacity>Manipulation</capacity>
            <offset>1.2</offset>
          </li>
        </capMods>
      </li>
	  <li>
        <label>V</label>
        <minSeverity>15</minSeverity>	
        <capMods>
		  <li>
            <capacity>Manipulation</capacity>
            <offset>1.5</offset>
          </li>
        </capMods>
      </li>
    </stages>
  </HediffDef>
  
  <HediffDef>
    <defName>TM_Breathing</defName>
	<hediffClass>HediffWithComps</hediffClass>
    <defaultLabelColor>(0.55, 0.05, 1)</defaultLabelColor>
    <label>infused oxygen</label>
	<description>Arcane power that enhances the efficiency and capacity of breathing.</description>
    <maxSeverity>20.0</maxSeverity>
	<isBad>false</isBad>
	<comps>
      <li Class="HediffCompProperties_SeverityPerDay">
        <severityPerDay>-25</severityPerDay>
      </li>
    </comps>
    <stages>
      <li>
        <label>I</label>
        <minSeverity>1</minSeverity>
        <capMods>
		  <li>
            <capacity>Breathing</capacity>
            <offset>0.2</offset>
          </li>
        </capMods>
      </li>
      <li>
        <label>II</label>
        <minSeverity>3</minSeverity>	
        <capMods>
          <li>
            <capacity>Breathing</capacity>
            <offset>0.5</offset>
          </li>
        </capMods>
      </li>
	  <li>
        <label>III</label>
        <minSeverity>6</minSeverity>	
        <capMods>
          <li>
            <capacity>Breathing</capacity>
            <offset>0.8</offset>
          </li>
        </capMods>
      </li>
	  <li>
        <label>IV</label>
        <minSeverity>8</minSeverity>	
        <capMods>
          <li>
            <capacity>Breathing</capacity>
            <offset>1.2</offset>
          </li>
        </capMods>
      </li>
	  <li>
        <label>V</label>
        <minSeverity>15</minSeverity>	
        <capMods>
		  <li>
            <capacity>Breathing</capacity>
            <offset>1.5</offset>
          </li>
        </capMods>
      </li>
    </stages>
  </HediffDef>
  
  <HediffDef>
    <defName>TM_Sight</defName>
	<hediffClass>HediffWithComps</hediffClass>
    <defaultLabelColor>(0.55, 0.05, 1)</defaultLabelColor>
    <label>arcane vision</label>
	<description>Arcane power that augments vision.</description>
    <maxSeverity>20.0</maxSeverity>
	<isBad>false</isBad>
	<comps>
      <li Class="HediffCompProperties_SeverityPerDay">
        <severityPerDay>-25</severityPerDay>
      </li>
    </comps>
    <stages>
      <li>
        <label>I</label>
        <minSeverity>1</minSeverity>
        <capMods>
		  <li>
            <capacity>Sight</capacity>
            <offset>0.3</offset>
          </li>
        </capMods>
      </li>
      <li>
        <label>II</label>
        <minSeverity>3</minSeverity>	
        <capMods>
          <li>
            <capacity>Sight</capacity>
            <offset>0.6</offset>
          </li>
        </capMods>
      </li>
	  <li>
        <label>III</label>
        <minSeverity>6</minSeverity>	
        <capMods>
          <li>
            <capacity>Sight</capacity>
            <offset>1.0</offset>
          </li>
        </capMods>
      </li>
	  <li>
        <label>IV</label>
        <minSeverity>8</minSeverity>	
        <capMods>
          <li>
            <capacity>Sight</capacity>
            <offset>1.5</offset>
          </li>
        </capMods>
      </li>
	  <li>
        <label>V</label>
        <minSeverity>10</minSeverity>	
        <capMods>
		  <li>
            <capacity>Sight</capacity>
            <offset>1.5</offset>
          </li>
        </capMods>
      </li>
    </stages>
  </HediffDef>

<HediffDef>
    <defName>TM_AntiMovement</defName>
	<hediffClass>HediffWithComps</hediffClass>
    <defaultLabelColor>(0.8, 0.05, 0.05)</defaultLabelColor>
    <label>arcane slow</label>
	<description>Arcane power that reduces movement.</description>
    <lethalSeverity>15</lethalSeverity>
	<isBad>true</isBad>
	<comps>
      <li Class="HediffCompProperties_SeverityPerDay">
        <severityPerDay>-25</severityPerDay>
      </li>
    </comps>
    <stages>
      <li>
        <label>I</label>
        <minSeverity>1</minSeverity>
        <capMods>
		  <li>
            <capacity>Moving</capacity>
            <offset>-0.2</offset>
          </li>
        </capMods>
      </li>
      <li>
        <label>II</label>
        <minSeverity>3</minSeverity>	
        <capMods>
          <li>
            <capacity>Moving</capacity>
            <offset>-0.5</offset>
          </li>
        </capMods>
      </li>
	  <li>
        <label>III</label>
        <minSeverity>6</minSeverity>	
        <capMods>
          <li>
            <capacity>Moving</capacity>
            <offset>-0.8</offset>
          </li>
        </capMods>
      </li>
	  <li>
        <label>IV</label>
        <minSeverity>8</minSeverity>	
        <capMods>
          <li>
            <capacity>Moving</capacity>
            <offset>-1.2</offset>
          </li>
        </capMods>
      </li>
	  <li>
        <label>overwhelmed</label>
        <minSeverity>10</minSeverity>	
        <capMods>
		  <li>
            <capacity>Moving</capacity>
            <offset>-1.5</offset>
          </li>
		  <li>
            <capacity>Consciousness</capacity>
            <offset>-.3</offset>
          </li>
        </capMods>
      </li>
    </stages>
  </HediffDef>
  
  <HediffDef>
    <defName>TM_AntiManipulation</defName>
	<hediffClass>HediffWithComps</hediffClass>
    <defaultLabelColor>(0.8, 0.05, 0.05)</defaultLabelColor>
    <label>arcane cripple</label>
	<description>Arcane power that reduces dexterity (manipulation).</description>
    <lethalSeverity>15</lethalSeverity>
	<isBad>true</isBad>
	<comps>
      <li Class="HediffCompProperties_SeverityPerDay">
        <severityPerDay>-25</severityPerDay>
      </li>
    </comps>
    <stages>
      <li>
        <label>I</label>
        <minSeverity>1</minSeverity>
        <capMods>
		  <li>
            <capacity>Manipulation</capacity>
            <offset>-0.2</offset>
          </li>
        </capMods>
      </li>
      <li>
        <label>II</label>
        <minSeverity>3</minSeverity>	
        <capMods>
          <li>
            <capacity>Manipulation</capacity>
            <offset>-0.5</offset>
          </li>
        </capMods>
      </li>
	  <li>
        <label>III</label>
        <minSeverity>6</minSeverity>	
        <capMods>
          <li>
            <capacity>Manipulation</capacity>
            <offset>-0.8</offset>
          </li>
        </capMods>
      </li>
	  <li>
        <label>IV</label>
        <minSeverity>8</minSeverity>	
        <capMods>
          <li>
            <capacity>Manipulation</capacity>
            <offset>-1.2</offset>
          </li>
        </capMods>
      </li>
	  <li>
        <label>overwhelmed</label>
        <minSeverity>10</minSeverity>	
        <capMods>
		  <li>
            <capacity>Manipulation</capacity>
            <offset>-1.5</offset>
          </li>
		  <li>
            <capacity>Consciousness</capacity>
            <offset>-.3</offset>
          </li>
        </capMods>
      </li>
    </stages>
  </HediffDef>
  
  <HediffDef>
    <defName>TM_AntiBreathing</defName>
	<hediffClass>HediffWithComps</hediffClass>
    <defaultLabelColor>(0.8, 0.05, 0.05)</defaultLabelColor>
    <label>arcane suffocation</label>
	<description>Arcane power that diminishes the circulation of air.</description>
    <lethalSeverity>15</lethalSeverity>
	<isBad>true</isBad>
	<comps>
      <li Class="HediffCompProperties_SeverityPerDay">
        <severityPerDay>-25</severityPerDay>
      </li>
    </comps>
    <stages>
      <li>
        <label>I</label>
        <minSeverity>1</minSeverity>
        <capMods>
		  <li>
            <capacity>Breathing</capacity>
            <offset>-0.1</offset>
          </li>
        </capMods>
      </li>
      <li>
        <label>II</label>
        <minSeverity>3</minSeverity>	
        <capMods>
          <li>
            <capacity>Breathing</capacity>
            <offset>-0.15</offset>
          </li>
        </capMods>
      </li>
	  <li>
        <label>III</label>
        <minSeverity>6</minSeverity>	
        <capMods>
          <li>
            <capacity>Breathing</capacity>
            <offset>-0.2</offset>
          </li>
        </capMods>
      </li>
	  <li>
        <label>IV</label>
        <minSeverity>8</minSeverity>	
        <capMods>
          <li>
            <capacity>Breathing</capacity>
            <offset>-0.25</offset>
          </li>
        </capMods>
      </li>
	  <li>
        <label>overwhelmed</label>
        <minSeverity>10</minSeverity>	
        <capMods>
		  <li>
            <capacity>Breathing</capacity>
            <offset>-0.3</offset>
          </li>
		  <li>
            <capacity>Consciousness</capacity>
            <offset>-.3</offset>
          </li>
        </capMods>
      </li>
    </stages>
  </HediffDef>
  
  <HediffDef>
    <defName>TM_AntiSight</defName>
	<hediffClass>HediffWithComps</hediffClass>
    <defaultLabelColor>(0.8, 0.05, 0.05)</defaultLabelColor>
    <label>arcane blind</label>
	<description>Arcane power that decreases sight.</description>
    <lethalSeverity>15</lethalSeverity>
	<isBad>true</isBad>
	<comps>
      <li Class="HediffCompProperties_SeverityPerDay">
        <severityPerDay>-25</severityPerDay>
      </li>
    </comps>
    <stages>
      <li>
        <label>I</label>
        <minSeverity>1</minSeverity>
        <capMods>
		  <li>
            <capacity>Sight</capacity>
            <offset>-0.3</offset>
          </li>
        </capMods>
      </li>
      <li>
        <label>II</label>
        <minSeverity>3</minSeverity>	
        <capMods>
          <li>
            <capacity>Sight</capacity>
            <offset>-0.6</offset>
          </li>
        </capMods>
      </li>
	  <li>
        <label>III</label>
        <minSeverity>6</minSeverity>	
        <capMods>
          <li>
            <capacity>Sight</capacity>
            <offset>-1.0</offset>
          </li>
        </capMods>
      </li>
	  <li>
        <label>IV</label>
        <minSeverity>8</minSeverity>	
        <capMods>
          <li>
            <capacity>Sight</capacity>
            <offset>-1.5</offset>
          </li>
        </capMods>
      </li>
	  <li>
        <label>overwhelmed</label>
        <minSeverity>10</minSeverity>	
        <capMods>
		  <li>
            <capacity>Sight</capacity>
            <offset>-2.0</offset>
          </li>
		  <li>
            <capacity>Consciousness</capacity>
            <offset>-.3</offset>
          </li>
        </capMods>
      </li>
    </stages>
  </HediffDef>  
  
  
  <HediffDef>
    <defName>TM_MuteHD</defName>
	<hediffClass>HediffWithComps</hediffClass>
    <defaultLabelColor>(0.8, 0.05, 0.05)</defaultLabelColor>
    <label>Magically Mute</label>
	<description>A curse that prevents the use of magical abilities.</description>
	<maxSeverity>10.0</maxSeverity>
	<makesSickThought>false</makesSickThought>
	<tendable>false</tendable>
    <makesAlert>false</makesAlert>
	<isBad>true</isBad>
	<comps>
      <li Class="HediffCompProperties_SeverityPerDay">
        <severityPerDay>-25</severityPerDay>
      </li>
    </comps>
    <stages>
      <li>
        <label></label>
		<becomeVisible>true</becomeVisible>
        <minSeverity>.001</minSeverity>
      </li>      
    </stages>
  </HediffDef>  
  
</Defs>
