﻿<?xml version="1.0" encoding="utf-8" ?>
<Defs>

    <InspirationDef>
        <defName>ID_Introspection</defName>
        <label>introspection</label>
        <baseDurationDays>1</baseDurationDays>
		<baseCommonality>0.6</baseCommonality>
        <beginLetterLabel>Inspiration: introspection</beginLetterLabel>
        <beginLetter>{0} has just been inspired. [PAWN_pronoun] will learn 2 times faster for the next 24 hours.</beginLetter>
        <beginLetterDef>PositiveEvent</beginLetterDef>
        <endMessage>{0} is no longer inspired (introspection).</endMessage>
        <baseInspectLine>Inspired: Introspection</baseInspectLine>
        <statFactors>
            <GlobalLearningFactor>2</GlobalLearningFactor>
        </statFactors>
        <requiredSkills>
            <Intellectual>6</Intellectual>
        </requiredSkills>
    </InspirationDef>

    <InspirationDef>
        <defName>ID_ManaRegen</defName>
		<workerClass>TorannMagic.Thoughts.Inspiration_MagicUser</workerClass>
        <label>mana regeneration</label>
        <baseDurationDays>2</baseDurationDays>
		<baseCommonality>0.5</baseCommonality>
        <beginLetterLabel>Inspiration: mana regen</beginLetterLabel>
        <beginLetter>{0} has just been inspired. [PAWN_pronoun] will gain mana 2 times faster for the next 24 hours.</beginLetter>
        <beginLetterDef>PositiveEvent</beginLetterDef>
		<allowedOnAnimals>false</allowedOnAnimals>
		<allowedOnNonColonists>false</allowedOnNonColonists>
        <endMessage>{0} is no longer inspired (mana regen).</endMessage>
        <baseInspectLine>Inspired: Mana regeneration</baseInspectLine>
    </InspirationDef>
	
	<InspirationDef>
        <defName>ID_Outgoing</defName>
<!-- 		<workerClass>TorannMagic.Thoughts.Inspiration_Outgoing</workerClass> -->
        <label>outgoing</label>
        <baseDurationDays>1</baseDurationDays>
		<baseCommonality>0.6</baseCommonality>
        <beginLetterLabel>Inspiration: social activity</beginLetterLabel>
        <beginLetter>{0} has just been inspired. [PAWN_pronoun] will be more socially active and will be more likely to have positive social interactions for the next 24 hours.</beginLetter>
        <beginLetterDef>PositiveEvent</beginLetterDef>
		<allowedOnAnimals>false</allowedOnAnimals>
		<allowedOnNonColonists>false</allowedOnNonColonists>
        <endMessage>{0} is no longer inspired (social activity).</endMessage>
        <baseInspectLine>Inspired: Outgoing</baseInspectLine>
    </InspirationDef>
	
	<InspirationDef>
        <defName>ID_MiningFrenzy</defName>
<!-- 		<workerClass>TorannMagic.Thoughts.Inspiration_ResourceFrenzy</workerClass> -->
        <label>mining frenzy</label>
        <baseDurationDays>1</baseDurationDays>
		<baseCommonality>0.8</baseCommonality>
        <beginLetterLabel>Inspiration: mining frenzy</beginLetterLabel>
        <beginLetter>{0} has just been inspired. [PAWN_pronoun] will mine 50% faster and yield 50% more resources during mining for the next 24 hours.</beginLetter>
        <beginLetterDef>PositiveEvent</beginLetterDef>
		<allowedOnAnimals>false</allowedOnAnimals>
		<allowedOnNonColonists>false</allowedOnNonColonists>
        <endMessage>{0} is no longer inspired (mining frenzy).</endMessage>
        <baseInspectLine>Inspired: Mining Frenzy</baseInspectLine>
		<statFactors>
            <MiningYield>1.50</MiningYield>
			<MiningSpeed>1.50</MiningSpeed>
        </statFactors>
		<requiredNonDisabledWorkTypes>
			<li>Mining</li>
		</requiredNonDisabledWorkTypes>
		<requiredSkills>
			<Mining>5</Mining>
		</requiredSkills>
    </InspirationDef>
	
	<InspirationDef>
        <defName>ID_FarmingFrenzy</defName>
<!-- 		<workerClass>TorannMagic.Thoughts.Inspiration_ResourceFrenzy</workerClass> -->
        <label>farming frenzy</label>
        <baseDurationDays>1</baseDurationDays>
		<baseCommonality>0.8</baseCommonality>
        <beginLetterLabel>Inspiration: farming frenzy</beginLetterLabel>
        <beginLetter>{0} has just been inspired. [PAWN_pronoun] will harvest crops 50% faster with 50% more yield during plant cutting jobs for the next 24 hours.</beginLetter>
        <beginLetterDef>PositiveEvent</beginLetterDef>
		<allowedOnAnimals>false</allowedOnAnimals>
		<allowedOnNonColonists>false</allowedOnNonColonists>
        <endMessage>{0} is no longer inspired (farming frenzy).</endMessage>
        <baseInspectLine>Inspired: Farming Frenzy</baseInspectLine>
		<statFactors>
            <PlantWorkSpeed>1.50</PlantWorkSpeed>
			<PlantHarvestYield>1.50</PlantHarvestYield>
        </statFactors>
		<requiredNonDisabledWorkTypes>
			<li>PlantCutting</li>
		</requiredNonDisabledWorkTypes>
		<requiredSkills>
			<Plants>5</Plants>
		</requiredSkills>
    </InspirationDef>
	
	<InspirationDef>
        <defName>ID_Champion</defName>
		<workerClass>TorannMagic.Thoughts.Inspiration_MightUser</workerClass>
        <label>champion</label>
        <baseDurationDays>2</baseDurationDays>
		<baseCommonality>0.5</baseCommonality>
        <beginLetterLabel>Inspiration: champion</beginLetterLabel>
        <beginLetter>{0} has been heroically inspired. [PAWN_pronoun] dreams of being the champion in the stories told by bards and will live up to those expectations for the next 24 hours.</beginLetter>
        <beginLetterDef>PositiveEvent</beginLetterDef>
		<allowedOnAnimals>false</allowedOnAnimals>
		<allowedOnNonColonists>false</allowedOnNonColonists>
        <endMessage>{0} is no longer inspired (champion).</endMessage>
        <baseInspectLine>Inspired: Champion</baseInspectLine>
		<statFactors>
            <MeleeDPS>1.25</MeleeDPS>
			<MeleeHitChance>1.25</MeleeHitChance>
			<MeleeDodgeChance>1.25</MeleeDodgeChance>
			<ShootingAccuracyPawn>1.25</ShootingAccuracyPawn>
			<AimingDelayFactor>0.5</AimingDelayFactor>
			<MoveSpeed>1.15</MoveSpeed>
			<PainShockThreshold>1.25</PainShockThreshold>
        </statFactors>
    </InspirationDef>

</Defs>
