﻿<?xml version="1.0" encoding="utf-8" ?>

<Defs>

  <!--============= Misc jobs ===============-->
  
   <JobDef>
    <defName>JobDriver_DoMagicBill</defName>
    <driverClass>TorannMagic.JobDriver_DoMagicBill</driverClass>
    <reportString>doing magic bill at TargetA.</reportString>
    <suspendable>false</suspendable>
    <allowOpportunisticPrefix>true</allowOpportunisticPrefix>
  </JobDef>
  
  <JobDef>
    <defName>JobDriver_AssistMagicCircle</defName>
    <driverClass>TorannMagic.JobDriver_AssistMagicCircle</driverClass>
    <reportString>preparing circle magic</reportString>
    <casualInterruptible>false</casualInterruptible>
  </JobDef>

  <JobDef>
    <defName>PlacePoisonTrap</defName>
    <driverClass>TorannMagic.JobDriver_PlacePoisonTrap</driverClass>
    <reportString>placing poison trap</reportString>
    <casualInterruptible>false</casualInterruptible>
  </JobDef>
  
  <JobDef>
    <defName>JobDriver_PlaceLightningTrap</defName>
    <driverClass>TorannMagic.JobDriver_PlaceLightningTrap</driverClass>
    <reportString>placing lightning trap</reportString>
    <casualInterruptible>false</casualInterruptible>
  </JobDef>
  
  <JobDef>
    <defName>JobDriver_SleepNow</defName>
    <driverClass>TorannMagic.JobDriver_SleepNow</driverClass>
    <reportString>sleeping (lullaby)</reportString>
    <casualInterruptible>false</casualInterruptible>
  </JobDef>
  
  <JobDef>
    <defName>JobDriver_Entertain</defName>
    <driverClass>TorannMagic.JobDriver_Entertain</driverClass>
    <reportString>entertaining</reportString>
    <casualInterruptible>false</casualInterruptible>
  </JobDef>
  
  <JobDef>
    <defName>JobDriver_DoFor</defName>
    <driverClass>TorannMagic.JobDriver_DoFor</driverClass>
    <reportString>preparing attack</reportString>
    <casualInterruptible>false</casualInterruptible>
  </JobDef>
  
  <JobDef>
    <defName>JobDriver_SummonDemon</defName>
    <driverClass>TorannMagic.JobDriver_SummonDemon</driverClass>
    <reportString>marking sacrifice</reportString>
    <casualInterruptible>false</casualInterruptible>
  </JobDef>
  
  <JobDef>
    <defName>JobDriver_PsionicBarrier</defName>
    <driverClass>TorannMagic.JobDriver_PsionicBarrier</driverClass>
    <reportString>projecting psionic barrier</reportString>
    <casualInterruptible>false</casualInterruptible>
  </JobDef>
  
  <JobDef>
    <defName>JobDriver_TM_Teach</defName>
    <driverClass>TorannMagic.JobDriver_Teach</driverClass>
    <reportString>training and mentoring</reportString>
    <casualInterruptible>false</casualInterruptible>
  </JobDef>
  
    <JobDef>
    <defName>JobDriver_TM_GotoAndWait</defName>
    <driverClass>TorannMagic.JobDriver_TM_GotoAndWait</driverClass>
    <reportString>waiting at location</reportString>
    <casualInterruptible>false</casualInterruptible>
  </JobDef>
  
  <JobDef>
    <defName>JobDriver_TM_Meditate</defName>
    <driverClass>TorannMagic.JobDriver_Meditate</driverClass>
    <reportString>deep meditation</reportString>
    <casualInterruptible>false</casualInterruptible>
    <taleOnCompletion>Meditated</taleOnCompletion>
  </JobDef>
  
    <JobDef>
    <defName>JobDriver_TM_Command</defName>
    <driverClass>TorannMagic.JobDriver_Command</driverClass>
    <reportString>motivating pawn</reportString>
    <casualInterruptible>false</casualInterruptible>
  </JobDef>
  
  <JobDef>
    <defName>JobDriver_GotoAndCast</defName>
    <driverClass>TorannMagic.JobDriver_GotoAndCast</driverClass>
    <reportString>doing magic job</reportString>
    <casualInterruptible>false</casualInterruptible>
  </JobDef>
  
</Defs>
