<?xml version="1.0" encoding="utf-8" ?>
<Defs>

	<!-- base -->

<!-- 	<RecipeDef Abstract="True" Name="SurgeryFlesh">
		<effectWorking>Surgery</effectWorking>
		<soundWorking>Recipe_Surgery</soundWorking>
		<workSpeedStat>MedicalOperationSpeed</workSpeedStat>
		<workSkill>Medicine</workSkill>
		<workSkillLearnFactor>20</workSkillLearnFactor>
	</RecipeDef> -->

	<RecipeDef Name="SurgeryRegrowth" ParentName="SurgeryFlesh" Abstract="True">
		<surgerySuccessChanceFactor>0.99</surgerySuccessChanceFactor>
		<deathOnFailedSurgeryChance>0.01</deathOnFailedSurgeryChance>
		<recipeUsers>
			<li>Human</li>
		</recipeUsers>
	</RecipeDef>
	
	<RecipeDef ParentName="SurgeryRegrowth">
		<defName>Regrowth</defName>
		<label>regrow body part (Druid only, 90% mana required)</label>
		<description>Use druidic powers to regrow body parts.</description>
		<workerClass>TorannMagic.Recipe_RegrowBodyPart</workerClass>
		<jobString>Regrowing body part.</jobString>
		<workAmount>500</workAmount>
		<dontShowIfAnyIngredientMissing>true</dontShowIfAnyIngredientMissing>
		<ingredients>
			<li>
				<filter>
					<categories>
						<li>Medicine</li>
					</categories>
				</filter>
				<count>1</count>
			</li>
			<li>
				<filter>
					<thingDefs>
						<li>SeedofRegrowth</li>
					</thingDefs>
				</filter>
				<count>1</count>
			</li>
			<li>
				<filter>
					<thingDefs>
						<li>ManaPotion</li>
					</thingDefs>
				</filter>
				<count>1</count>
			</li>
		</ingredients>
		<fixedIngredientFilter>
			<categories>
				<li>Medicine</li>
			</categories>
			<thingDefs>
				<li>SeedofRegrowth</li>
				<li>ManaPotion</li>
			</thingDefs>
		</fixedIngredientFilter>
		<appliedOnFixedBodyParts>
			<li>Shoulder</li> 
			<li>Arm</li> 
			<li>Hand</li> 
			<li>Leg</li> 
			<li>Foot</li> 
			<li>Eye</li>
			<li>Ear</li>
			<li>Nose</li>
			<li>Jaw</li>
			<li>Ribcage</li>
			<li>Heart</li>
			<li>Lung</li>
			<li>Kidney</li>
			<li>Liver</li>
			<li>Stomach</li>
			<li>Spine</li>
		</appliedOnFixedBodyParts>
	</RecipeDef>

</Defs>