﻿<?xml version="1.0" encoding="utf-8" ?>
<Defs>

 
<!--   <RuleDef>
    <defName>ArcaneTower</defName>
    <symbol>arcaneTower</symbol>
    <resolvers>
      <li Class="TorannMagic.SymbolResolver_ArcaneTower">
        <minRectSize>(20, 20)</minRectSize>
      </li>
    </resolvers>
  </RuleDef>
  
  
    <RuleDef>
    <defName>WireOutline</defName>
    <symbol>wireOutline</symbol>
    <resolvers>
      <li Class="TorannMagic.SymbolResolver_WireOutline">
        <minRectSize>(1, 1)</minRectSize>
      </li>
    </resolvers>
  </RuleDef>
  
 -->
  
</Defs>